0,5.46,13.64,12.45,2.09,1.24,0.82,0.41,0.41,1.24,0.41,0.83,0.82,0,0.4,0.83,0,2.86,0.41,0.42,0.41,1.67,1.65,0,0.41,0,0.42,0.83,0,0.41,0.83,0.83,0.42,0.82,7.53,2.07,1.24,0.41,0,1.23,0.82,0,0.41,0,1.67,0.82,0.84,1.22,0.41,0.83,0.83,0,0,0.41,0,0.83,0.41,0,0,0.41,0,0.41,0.84,0.41,0,1.23,0.83,0,1.24,0.82,1.25,0.41,0,0,0.41,2.06,0.82,0,1.24,0,0.41,0.41,0.42,1.63,0,0.42,0.41,0,1.26,1.24,0,0.41,0,0.41,0.83,0.41,0.41,0.41,0.83,1.23,0,1.23,0.41,0,0,1.65,0.83,0,0.83,0.41,0,0.42,0.83,0.41,0.82,0.84,0.83,0.41,0.42,0.41,1.25,0.83,0.82,0,0,0.83,0.41,0,3.66,0.83,0.41,0,0.41,0.83,0.41,0,0,0,1.24,0.41,5,4.98,1.67,4.58,2.05,2.09,5.46,0.41,0,1.22,0,0,1.24,0.41,0.41,0.83,0.41,0,0.82,0,0,0.42,0.41,0,0.41,1.23,0,0.82,1.24,2.45,0,0.82,0.42,0,0.41,0,0.41,0.41,0.82,1.23,0.41,1.24,1.24,0.41,0,0.83,0,0,0.82,0.83,0,5.37,0.82,0,1.69,4.89,3.54,3.45,0.83,0,0,0.83,1.69,0.83,0,0.83,0,0.83,0.41,0.41,1.23,1.24,0.83,0.42,0.41,2.48,0,0,1.23,1.66,1.25,0,0.83,0.41,0,0.82,0,0.83,0.83,0,0.41,0.41,2.49,0.83,2.07,1.24,1.23,0,0,1.23,0.41,0.41,1.67,0.82,1.66,0.41,0,2.48,0.41,0.41,0.83,0.41,0.83,0.82,0.83,0,0.83,1.23,0,0.41,0.84,0.41,0.83,1.23,0,1.64,0.41,0.82,2.1,0.41,2.07,0.82,1.23,1.26,0.41,0,0,0.83,1.24,0,0.41,0.41,0.42,
before-iter:3.73,1.21,1.21,0,1.24,0.41,0,0.41,0,0,0.41,0.41,0.41,0.41,1.26,
iter=0: 0.42,3.7,11.57,12.92,12.81,12.45,12.86,12.81,12.5,13.17,12.5,12.4,13.22,
after-iter:12.5,8.33,1.23,0.41,0.41,1.26,0.83,0.41,0,0,0.82,0,0,1.26,0.84,0.82,0.42,0,11.16,0.83,0,0.41,0,0.83,1.22,0,0.84,0.83,0,0.82,0.42,0,0.41,0.42,0.41,0.82,0,0,0.41,0.42,1.64,0.82,0,0.42,0.41,0,0.82,0.41,0,0,0.82,0,1.23,
before-iter:5.37,1.2,0,0.41,1.65,0.41,0,0.41,0.83,0,0.41,0.83,0,1.24,0.83,
iter=0: 0.41,3.32,11.25,14.46,12.76,13.87,12.6,12.81,12.92,12.55,13.22,12.81,12.86,
after-iter:12.86,9.09,0.83,0.42,0.41,0.41,0.41,0.41,0.83,0,1.23,0.41,0,0.41,0.82,0,1.24,2.47,3.75,0.41,1.24,0.84,0.82,0,0.41,0,0.83,1.21,0,2.07,0.83,1.21,0.83,0.41,0,0.83,0.83,0.41,0.41,0,1.22,0.81,2.06,0.42,0.83,0.82,2.07,0,0,0.41,0.83,0,0.82,0,0.82,1.24,0.41,0,0.83,0,0.41,0,0,0.83,0.41,0,0.83,0.41,0.41,1.26,2.06,2.46,0.82,0.42,0,0.82,0,0.82,0,0.41,0.82,0.82,1.23,0,0.83,0.41,0.42,0.41,0,0,0,0,0.41,0.41,0,0.42,0.41,0.83,0,0.82,0.41,0.41,0.41,0.82,1.21,0,0.83,0,1.64,0,0.42,0.41,0.82,0.83,0,0,0.83,0.42,0,0,2.07,1.23,0,1.23,0.41,0,0.82,0.41,0.82,0,1.24,0.41,0.41,0.83,0.83,0.83,0,0.41,0.83,0.41,4.55,5.76,2.51,3.78,0.41,2.5,7.02,0,0.83,0.83,0.83,0.41,0.41,0.41,0.41,0,0.41,0.41,0.41,0.42,0,1.23,0,0,0.42,0.41,0.41,0.41,0.42,0,2.89,0.41,0,0.84,1.23,0.41,0.41,0.41,0.41,0.41,0.42,0,0.41,0.42,0.41,0,0.42,0.41,2.08,0.41,4.18,10.13,9.17,0.83,0.42,3.24,0.41,0.83,0,0.82,0,1.24,0.41,0.41,0.41,0,0.41,0.42,0,0.41,0,0,0.41,0.42,1.23,0.41,1.66,0.41,0.41,1.65,0.82,0.41,0.41,0.41,0,0.82,0.41,0.43,0.41,1.62,0.84,0.41,0,1.65,0,0.82,0,1.23,0.83,0,1.26,0.82,0.84,0.82,1.66,1.63,0,0.42,0,0,0.83,0.41,0.41,0,0.83,0.83,0,0,0.41,0,0.42,0.82,0.41,0,0.82,0,0.41,1.65,0.41,1.67,0.82,0,1.23,0.42,0,0,0.41,0,1.22,0,1.25,0.82,1.24,0.42,0.41,0.82,0,0.83,0.41,0,0.41,0,0.41,1.65,0.41,0,0,1.23,0.41,0.41,1.24,0,0.41,0.41,0,0.41,0.83,0.83,0.41,0,0.82,0,0.41,0,0.83,0,0.41,0.83,2.44,0,2.46,0.41,0.41,0.83,0,0.82,0.41,0.41,0.42,0.41,0.83,0.4,1.24,0.42,0.41,0,0.82,0,
before-iter:5.37,1.2,0.41,0.83,0.42,0.41,0.41,0.42,0.41,0.41,0.83,0.41,0.83,2.05,0.42,
iter=0: 1.24,3.27,11.34,12.81,13.22,12.81,12.81,12.5,12.86,12.45,12.5,13.52,12.92,
after-iter:13.11,10.46,0.41,0.42,0,0.42,0.41,0,1.64,0,0.82,0.41,0,0.83,0.83,0,0.41,0,3.75,0.83,0.41,0.42,0.83,0.41,0,0.41,1.24,0.41,0,0,0,2.41,0.42,0.41,0.41,0.83,0.82,0,1.22,1.23,0.41,0.41,0,5.11,4.23,6.31,1.24,0.83,0.41,0.41,0.42,1.24,2.94,2.45,0,0,1.63,0,1.23,0,0.82,0.42,0.83,0.82,0.41,1.26,0.42,1.65,0.83,0.41,0.41,2.45,0.83,0.41,0,0,0.83,0,0.82,1.67,0.41,0.83,0.41,0.41,0.38,4.1,0.82,0,1.65,0.41,0,0.82,1.24,0.41,0.83,1.21,1.24,1.21,1.23,0,0.83,0.82,0.41,0.81,0.41,2.1,0.41,0.83,1.63,0,0,0.82,0.41,0.41,0,0.83,0.41,0.82,0.83,0.41,1.65,0,0.42,0.82,0.41,0.42,0.41,0,0.41,0,0,1.65,0,1.18,0,1.65,0,0.41,0.41,0.41,0.41,0.41,1.23,0,0.42,2.08,0.41,0,0.41,0.41,0.42,0,0.41,0.81,0.41,0.41,0.83,0.82,1.64,0,0.41,0.41,0.41,0.41,0.41,0.41,0.41,1.23,0,0.83,1.66,0.42,0.82,0.83,0,0.42,0.41,0.42,0,0.41,0.41,0.41,0,0.83,1.66,0.41,0,0,1.23,0.41,8.68,2.1,4.17,2.08,0,6.78,1.23,0.83,0.41,0.82,0.83,0,1.24,0.41,0.41,0.82,0.41,0.81,0,0.41,0.42,0.41,0,0.41,0.42,0,0.41,0.41,0.83,2.46,0.41,0.41,0.83,0.41,1.24,0.41,0,0.41,0.41,0.83,0.83,0.41,0.83,0.83,0.82,0,0.42,0.41,0.83,0.41,0,0,1.23,5.02,9.47,8.33,7.85,0,0.41,0.42,1.67,0,0,0,0.82,1.22,0.41,0.41,1.22,0,0.42,0.81,0,0.84,0.41,1.26,1.25,0.41,0.41,2.88,0,0.82,1.23,0.41,0.41,0.41,0.83,0.82,0.41,0.82,0.41,0,2.05,0,0.82,0,0.41,0.42,0,1.24,0.83,0.81,0.82,0.82,1.24,0.41,0.41,0.41,0.41,0.41,0.41,0,1.23,1.24,0.83,0.82,0.41,0,0,0.41,1.23,0.42,0,0.82,0.41,0.83,1.65,0,1.67,0.41,0.82,0,1.24,0.42,0,0.41,0,0.41,1.24,0.42,0.82,1.24,1.23,0.41,0,0,0.41,0,0.83,0.41,0,0,1.65,0.41,0,0,1.24,0,0.82,1.23,0,0.41,0.42,0.41,0.41,0.82,2.5,0,1.23,0.42,0.41,0,1.65,0,0.82,0.83,1.22,0,2.07,1.24,0,0.41,0,0.41,0.41,0.83,0,0.83,0.41,0,0.41,1.24,1.24,
before-iter:17.77,12.7,12.92,13.28,12.86,13.58,13.5,13.58,13.22,12.45,23.24,25.62,25.1,26.96,26.03,
iter=0: 25.62,28.22,29.29,25,25.93,26.03,25.93,24.79,25.73,25.52,25.31,26.56,25,
after-iter:25.62,19.09,12.81,12.86,13.11,12.61,13.64,12.55,12.92,12.92,13.47,12.92,13.52,12.61,12.92,13.22,13.58,
before-iter:13.28,18.33,13.58,12.5,12.4,12.92,12.5,12.86,12.86,13.52,12.86,13.69,13.64,12.92,12.76,12.92,12.97,
iter=1: 12.86,23.55,25.42,25.62,24.79,26.34,24.9,25.93,25.42,25.42,25.62,27.8,
after-iter:25.31,21.22,13.64,13.39,12.5,12.92,13.22,13.22,12.92,13.28,13.22,12.92,12.81,12.45,13.64,12.81,12.86,
before-iter:12.81,20.33,12.92,12.81,13.17,13.28,12.92,13.75,13.28,12.92,13.22,12.92,13.69,12.76,12.55,12.86,12.81,
iter=2: 13.22,20.33,25,25.83,26.03,25.52,25.62,25.42,26.03,25,26.23,25.62,
after-iter:25.42,24.27,12.97,12.86,13.99,12.45,13.28,13.52,12.5,12.86,12.86,13.17,12.92,12.81,12.81,13.75,14.94,
before-iter:13.22,19.09,13.64,13.64,13.28,13.22,12.86,12.45,13.28,13.22,12.5,12.45,14.23,13.22,12.92,13.28,12.81,
iter=3: 13.28,18.75,24.79,25.73,25.1,26.03,26.53,25.42,25.21,25.42,26.34,25.1,
after-iter:25.51,25.21,13.33,12.86,12.65,12.86,13.33,12.92,13.41,13.33,13.17,13.28,12.97,13.99,11.93,13.28,12.86,
before-iter:13.17,18.26,12.5,12.86,12.81,13.64,13.45,12.81,12.86,12.55,13.88,12.5,13.69,13.52,12.5,12.86,13.11,
iter=4: 12.45,18.26,25.52,24.79,25.51,25.1,26.34,25.52,25.73,25.42,26.23,25.52,
after-iter:26.34,25.42,14.52,13.03,13.28,12.45,12.92,12.81,12.92,16.18,13.39,14.11,13.58,16.18,14.52,12.55,14.34,
before-iter:12.92,16.67,16.18,13.22,12.5,12.86,13.22,13.03,12.76,14.69,12.55,12.81,12.97,12.81,12.45,13.58,12.13,
iter=5: 12.92,16.39,24.15,25.73,24.79,25.73,26.45,25.1,25.71,25.73,26.45,25,
after-iter:25.62,26.25,16.25,12.86,12.45,13.58,13.22,12.92,12.5,12.86,14.46,12.86,14.11,20.66,22.22,12.5,12.92,
before-iter:13.99,15.57,18.18,12.55,12.81,12.92,14.46,12.5,12.5,13.28,12.86,12.4,13.28,13.58,12.86,12.5,13.22,13.22,
iter=6: 14.23,25.42,27.16,25,25.82,25.42,25.62,25,25.42,25.21,25.62,
after-iter:25.31,25.83,19.18,13.75,12.92,12.86,13.22,12.92,13.64,13.17,12.55,12.92,12.86,12.86,12.5,13.17,12.45,13.33,
before-iter:12.45,20.66,12.86,13.03,12.81,13.64,12.97,13.22,12.45,12.92,13.28,13.28,13.33,12.92,12.81,12.5,13.58,
iter=7: 12.81,21.58,27.16,25.1,25,25.73,25.73,26.03,25.94,25.83,25.62,25.62,
after-iter:25.83,22.92,13.58,13.22,12.86,12.86,12.5,12.86,12.55,14.4,13.28,13.58,12.92,12.86,13.22,12.86,12.97,
before-iter:12.92,20.58,13.58,12.86,12.45,12.86,13.33,12.55,13.17,12.5,12.86,12.4,13.69,13.17,12.86,12.86,13.28,
iter=8: 14.29,17.99,26.25,25.94,25.62,25.52,26.34,25.31,25.1,25.93,25.42,25,
after-iter:25.1,25.73,13.22,13.28,13.93,12.61,13.22,12.92,12.55,13.52,12.92,12.86,12.92,12.92,13.33,13.28,12.92,
before-iter:13.22,16.53,13.58,12.76,13.17,12.86,12.86,13.99,12.92,12.86,12.92,13.52,12.45,14.11,13.17,12.92,13.93,
iter=9: 13.28,18.03,24.9,25.42,25.31,25,25.1,25.42,25.82,25.63,25.93,25.42,
after-iter:25.42,25.42,13.33,12.92,12.92,12.86,13.52,13.58,12.92,12.5,13.28,12.86,12.92,13.11,13.22,13.39,12.4,
before-iter:13.03,18.03,14.94,13.33,12.92,13.64,13.28,13.28,12.18,12.76,12.5,13.28,12.86,12.86,12.5,13.52,12.55,
iter=10: 13.64,16.18,25.1,26.25,25.73,24.9,25.93,25.31,25.62,25.21,25.73,25.31,
after-iter:25.62,25,15.7,12.5,14.34,12.45,14.46,12.97,12.86,12.81,13.64,12.76,12.66,13.22,13.28,12.86,13.28,
before-iter:13.69,16.12,15.32,12.81,13.17,13.22,12.45,13.17,12.97,12.97,13.88,12.5,12.97,14.05,15.77,16.89,16.09,
iter=11: 16.27,23.56,16.74,35.46,28.97,38.68,30.03,31.11,28.32,26.14,25.62,
after-iter:25.52,25.21,17.15,13.64,13.22,12.55,12.92,13.22,12.76,13.64,13.03,13.22,12.08,13.93,12.55,12.86,12.45,13.17,
before-iter:13.45,19.42,12.86,13.64,12.55,14.52,13.17,12.92,13.28,12.86,12.5,13.69,12.81,12.86,13.17,12.86,12.5,
iter=12: 12.5,24.8,25.42,25.21,25.21,26.23,25.21,26.03,26.03,25.31,25,25.52,
after-iter:25.51,21.76,12.86,12.92,13.28,12.81,13.22,12.55,12.45,13.28,12.92,13.28,12.5,13.52,12.45,13.75,14.46,
before-iter:13.17,19.25,13.28,12.92,13.64,12.55,13.11,12.61,12.81,12.92,12.86,13.52,13.22,13.17,12.5,12.92,13.28,
iter=13: 12.86,19.67,25.52,25.62,24.9,26.34,25.31,25.73,25.31,25.31,24.9,25.62,
after-iter:26.03,23.75,13.52,12.5,12.92,12.86,12.92,12.86,13.22,14.05,12.97,13.17,12.86,13.58,12.5,13.28,12.35,
before-iter:13.28,17.7,12.92,12.92,12.45,13.33,13.99,13.11,13.17,12.55,13.17,13.22,14.4,12.92,12.4,12.97,13.58,
iter=14: 12.86,19.42,25.42,25.62,25.21,26.34,32.05,28.44,31.08,26.14,25.42,25.73,
after-iter:25.93,24.38,14.11,14.05,12.86,12.92,13.03,12.81,12.86,12.4,12.92,12.45,12.45,13.28,12.86,13.58,13.52,
before-iter:13.28,20.25,13.64,13.64,12.4,13.64,12.86,12.92,13.58,12.5,12.92,12.86,13.22,12.35,13.22,12.97,12.92,
iter=15: 13.58,19.58,26.14,26.23,25.21,25.52,25.42,25.71,26.14,25.31,25.52,25.62,
after-iter:25.73,25.42,13.28,12.4,13.58,12.81,12.81,13.28,13.28,12.86,14.11,13.22,12.7,12.97,13.28,12.45,13.64,
before-iter:12.13,18.07,13.17,13.22,13.22,12.5,13.93,12.55,13.22,12.92,12.86,12.92,12.5,13.17,13.28,12.5,13.99,
iter=16: 12.81,19.01,25.31,25,25.62,27.56,25.42,25,25,26.23,25.93,25.31,
after-iter:25.42,26.64,14.4,13.33,13.33,13.11,13.22,12.5,13.58,12.61,13.58,12.4,13.22,12.92,12.55,13.11,12.45,
before-iter:12.92,18.44,14.64,12.92,13.22,13.64,12.86,12.81,12.92,12.86,13.28,12.86,12.4,14.11,12.92,12.86,12.76,
iter=17: 12.92,17.21,22.5,25.82,25.1,25.31,25.83,25.62,26.03,26.14,25.31,25.21,
after-iter:25.93,25.1,17.23,16.46,14.05,15.35,12.92,15.23,13.69,13.03,12.81,13.64,12.5,12.92,12.81,13.22,12.86,12.92,
before-iter:14.11,19.09,12.86,13.22,12.86,12.92,12.81,13.22,13.17,12.76,12.45,13.22,12.55,13.52,12.45,13.64,12.97,
iter=18: 12.76,24.47,27.64,25,25.83,25.21,25.83,25.73,25.42,25.51,25.31,25.31,
after-iter:25.62,18.26,12.81,13.64,12.5,13.58,12.92,12.92,13.28,14.77,17.92,19.67,14.46,12.45,12.92,12.86,13.69,
before-iter:13.58,16.88,13.58,12.5,12.81,12.81,12.97,13.22,12.7,12.97,13.11,13.28,13.64,13.64,13.69,13.17,14.29,
iter=19: 14.4,23.97,25.42,25.42,25,25.62,25.83,25.31,25.93,26.23,25.21,
after-iter:26.67,25.42,17.84,13.22,12.92,13.52,12.45,13.33,13.28,12.5,12.81,13.52,12.5,13.99,13.11,14.05,12.97,13.28,
before-iter:13.64,19.09,13.28,12.86,13.58,12.92,13.69,13.52,12.08,13.28,13.58,12.45,12.81,12.45,13.28,12.18,13.22,
iter=20: 13.11,25.1,25.83,26.86,25.1,25.31,25.93,25.42,25.21,25.93,25.42,25.31,
after-iter:25.62,20.83,13.99,12.5,13.17,12.92,13.22,13.17,12.86,12.55,13.28,13.22,13.22,12.92,13.22,13.28,12.35,
before-iter:14.52,18.33,13.52,13.22,12.5,12.45,12.81,13.22,13.22,12.5,13.52,13.58,13.22,13.28,17.92,15.7,12.92,
iter=21: 12.86,23.46,25.31,25.1,26.23,24.9,26.23,25.73,24.79,25.42,25.31,25.31,
after-iter:30,21.34,12.76,14.23,13.33,13.22,13.22,13.58,17.43,21.99,24.58,24.79,22.63,18.57,13.22,12.4,12.86,
before-iter:13.28,19.17,12.81,13.58,12.97,12.45,13.11,13.69,14.11,12.81,13.22,12.86,12.45,13.69,12.45,12.86,12.55,
iter=22: 13.52,19.17,25.21,26.34,31.8,37.5,39.09,28.33,25.1,25.93,25.83,25.1,
after-iter:25.73,24.79,13.93,12.86,12.86,13.69,12.45,12.86,13.22,13.17,13.52,12.92,16.12,13.47,12.92,13.22,12.5,
before-iter:14.75,20.59,14.17,12.81,13.28,12.61,12.81,13.22,13.28,12.81,12.81,12.86,12.81,13.17,13.69,13.22,12.81,
iter=23: 12.86,18.33,23.75,25,26.14,25,26.23,25.21,25.62,25.51,25.51,25,
after-iter:26.03,27.76,14.05,13.22,12.92,12.92,13.11,13.64,12.92,12.81,12.86,13.22,13.64,14.23,15.77,12.5,12.92,
before-iter:13.22,17.08,14.05,12.45,13.64,14.05,12.97,13.33,13.99,12.45,13.64,13.33,14.81,13.22,12.92,12.86,13.28,
iter=24: 13.08,16.6,24.79,25.83,26.14,26.75,27.39,27.39,26.03,26.25,25.31,28.15,
after-iter:28.4,28.63,28.99,13.69,12.55,15.29,12.61,13.58,12.92,12.92,13.58,12.86,12.45,14.94,12.4,12.86,13.52,
before-iter:15.06,17.55,16.6,12.86,14.46,13.33,13.17,13.64,12.61,12.86,16.87,14.94,12.86,12.86,13.22,12.4,17.43,
iter=25: 16.25,16.53,24.07,25.42,25.42,26.78,25.82,25.52,25.71,25.42,25.73,27.8,25.31,
after-iter:25,18.26,14.46,12.45,13.22,12.81,13.28,12.92,13.99,12.5,13.11,13.81,12.86,12.92,13.28,12.81,13.28,
before-iter:13.99,19.42,13.75,12.55,19.92,12.86,12.55,13.69,12.55,13.17,17.01,17.01,13.28,12.86,13.64,12.92,12.86,
iter=26: 12.86,23.75,26.34,25.1,25.93,25.1,25.93,24.9,25.93,25.31,25.73,25.73,
after-iter:25.82,19.58,14.4,12.55,14.05,12.76,13.87,12.5,13.28,12.92,13.88,12.92,12.92,13.22,12.45,12.86,13.47,
before-iter:12.13,20.83,13.17,12.55,13.41,12.45,13.64,13.22,13.28,12.97,12.45,12.81,12.92,13.22,13.58,14.69,18.26,
iter=27: 20.08,19.09,25,26.34,25.82,25,26.25,25.21,25.73,25.31,27.46,25.62,
after-iter:25.73,25.93,12.86,12.86,12.86,13.52,12.81,12.81,12.92,13.22,12.18,13.58,12.76,14.05,13.33,13.22,13.22,
before-iter:12.86,19.5,14.4,12.55,12.92,12.86,12.86,13.58,13.99,12.4,13.58,13.22,12.5,12.5,13.17,12.92,12.55,
iter=28: 13.58,18.85,24.17,25.93,25.31,25.62,25.73,25.83,25.94,24.9,25.31,25.51,
after-iter:25.21,25.73,13.69,12.81,12.86,13.64,12.86,12.92,12.86,12.92,13.17,12.5,13.17,12.92,13.99,12.55,12.55,
before-iter:13.52,18.18,13.58,12.55,12.81,13.22,12.92,12.45,12.86,13.58,12.5,13.64,13.58,13.33,13.64,13.33,13.22,
iter=29: 12.18,18.18,24.58,25.71,25.1,25.21,24.9,26.14,25.51,25,26.03,25.52,
after-iter:25.93,25.62,15,13.11,12.92,13.33,12.86,12.7,12.55,13.22,13.93,12.81,13.52,12.86,12.55,12.81,12.86,
before-iter:13.28,17.36,14.88,13.22,12.81,13.64,12.45,13.22,14.05,12.61,12.86,13.22,12.86,12.4,12.97,12.5,13.28,
iter=30: 14.34,16.8,23.95,25.62,26.14,26.97,25.21,25.42,25.62,26.03,25.42,29.75,
after-iter:27.5,25.42,17.77,16.12,12.45,12.86,13.22,12.81,13.17,13.22,13.22,13.28,12.5,13.22,12.55,12.81,13.17,
before-iter:12.45,15.23,17.5,12.86,12.5,12.45,12.92,12.86,13.33,13.58,12.4,13.58,13.28,12.7,13.28,13.33,13.22,12.92,
iter=31: 14.05,25.51,25,25.62,25.62,25.62,25.42,25.73,25.42,25.21,25.52,
after-iter:25.73,25.93,17.7,12.86,13.28,12.45,13.69,13.64,12.86,13.28,12.86,13.58,12.13,14.46,12.81,12.35,13.58,12.92,
before-iter:13.64,19.42,12.97,13.52,12.86,13.22,12.81,12.92,13.58,12.92,13.75,13.28,13.22,12.86,13.22,12.55,12.86,
iter=32: 12.45,23.05,25.31,25.93,25.51,25.42,26.45,25.31,26.03,25.21,25.1,26.34,
after-iter:25.31,20.92,12.86,13.28,15.98,14.81,13.22,12.92,12.97,13.11,12.92,13.17,12.5,13.33,12.76,12.97,12.92,
before-iter:12.76,21.07,13.17,12.92,12.55,13.17,12.92,13.47,12.86,12.5,12.92,12.76,12.55,12.81,13.28,12.97,13.17,
iter=33: 12.86,21.81,25.42,25.31,26.34,26.34,25.31,26.12,25.21,25.1,25.31,26.75,
after-iter:25.31,21.99,12.92,13.22,12.76,12.86,12.86,13.64,12.92,13.22,13.22,13.06,14.29,13.22,12.24,12.5,13.28,
before-iter:12.5,18.52,12.81,12.45,12.86,13.22,12.55,12.76,13.69,13.58,12.86,12.5,13.58,12.86,12.81,13.17,12.55,
iter=34: 13.64,21.58,25.31,25.31,25.62,26.03,25.21,25.42,25.51,25.62,25.62,25.21,
after-iter:25.73,21.99,13.22,12.86,12.45,13.58,12.92,13.64,12.45,13.28,13.22,12.81,12.92,12.5,13.11,12.45,13.64,
before-iter:12.81,19.58,13.81,13.69,12.81,12.86,13.28,12.92,12.81,13.22,13.22,12.81,12.5,12.92,13.22,12.76,12.5,
iter=35: 12.5,22.86,25.62,25.21,25.21,26.14,25.21,25,26.03,25.73,25.21,26.14,
after-iter:25.73,23.05,12.81,12.86,12.86,12.55,13.17,12.86,13.58,13.22,12.92,12.81,12.45,15.92,18.61,12.81,13.99,
before-iter:14.35,18.67,13.33,13.64,12.92,12.5,14.05,12.45,12.86,13.22,12.86,12.4,13.52,12.55,13.64,13.28,12.86,
iter=36: 12.4,19.92,25.62,26.03,25.21,25.93,25.51,26.75,25.21,25,25.31,25.42,
after-iter:25.62,24.69,12.35,12.92,13.58,12.55,13.17,12.97,14.34,12.92,13.11,13.22,13.33,12.5,12.92,13.47,12.76,
before-iter:12.86,17.72,13.99,12.86,12.7,14.34,13.69,13.33,12.81,13.64,13.33,12.4,12.92,13.58,12.81,12.92,12.55,
iter=37: 13.22,17.92,25.31,25.31,25.21,26.34,25.21,25.42,24.9,26.03,25.93,25.1,
after-iter:25.83,25.21,14.11,12.86,13.22,12.81,13.28,12.81,12.76,13.28,12.81,12.5,13.39,13.58,13.03,13.22,13.64,
before-iter:13.69,18.18,14.88,12.81,12.97,13.17,12.45,12.86,12.45,13.33,12.92,12.5,13.11,12.86,12.5,12.92,12.92,
iter=38: 13.58,16.67,25.31,25.31,25.73,25.21,26.14,25.62,25.1,25.83,25.1,25.1,
after-iter:25.73,25.83,14.88,12.81,13.28,12.92,12.76,13.81,13.17,12.97,13.22,12.92,13.22,13.22,12.86,12.66,14.23,
before-iter:12.5,17.36,14.64,13.64,13.11,12.55,12.86,12.86,12.86,12.86,13.17,12.92,13.22,13.28,12.81,13.28,13.69,
iter=39: 12.81,16.73,24.47,25.42,25.71,25.21,25.1,25.31,25.73,25.31,25.42,25.31,
after-iter:25.51,27.2,15.35,12.92,13.64,13.99,12.35,12.97,13.64,12.92,13.22,12.81,12.5,13.22,12.4,13.22,13.88,
before-iter:12.55,17.01,17.08,12.92,13.69,13.22,13.64,14.17,12.86,12.86,13.33,12.86,12.92,12.55,13.69,13.69,17.14,
iter=40: 18.33,14.52,24.07,26.14,25.42,25.51,26.03,26.03,25.42,25.51,26.56,25.42,25.62,
after-iter:25.62,18.41,12.4,13.28,12.92,12.5,13.11,13.03,13.58,13.22,12.97,12.92,13.11,12.86,13.58,13.22,12.55,
before-iter:12.86,18.83,12.76,14.4,12.5,13.58,12.55,13.64,12.45,12.86,13.47,12.55,12.81,12.97,12.97,12.81,13.69,
iter=41: 12.86,25.21,26.14,26.14,25.73,24.9,25.93,25,25.62,25.21,26.34,25.1,
after-iter:26.14,19.33,12.5,12.81,13.28,13.33,12.81,13.11,13.69,13.17,12.86,12.92,12.55,12.86,13.28,13.22,12.4,
before-iter:12.86,18.26,12.92,13.28,12.81,13.52,12.97,13.22,12.86,13.64,13.28,13.17,13.64,13.28,13.52,12.92,13.22,
iter=42: 13.22,21.49,25.42,25.93,25.73,25.42,25.31,25.52,25.42,25.42,25.62,25.62,
after-iter:25.1,22.36,12.5,13.06,13.28,12.81,12.5,14.05,12.81,12.4,12.45,13.22,12.92,12.4,12.86,13.28,12.45,
before-iter:13.52,21.16,13.11,13.39,14.4,12.86,13.22,12.86,13.28,13.22,12.76,12.92,13.58,12.86,12.86,12.92,12.86,
iter=43: 13.28,20.83,25.82,25.42,26.53,25.42,29.75,28.1,27.5,25.1,26.56,27.73,
after-iter:25.21,24.18,12.5,12.45,13.64,12.5,13.52,12.92,13.22,13.22,12.5,13.11,12.97,12.76,14.46,13.75,12.81,
before-iter:12.86,18.67,13.22,13.17,12.5,12.92,12.4,12.92,12.81,12.92,12.81,13.28,13.33,12.86,13.11,13.39,13.99,
iter=44: 12.86,19.25,25.21,25.42,25.31,25.21,25.42,25.93,26.97,26.25,25.31,25.31,
after-iter:25.73,24.48,13.69,12.81,12.92,14.34,13.17,12.7,12.97,14.11,12.45,12.86,12.86,13.17,13.28,12.81,12.81,
before-iter:12.86,19.67,12.92,13.17,13.58,13.28,14.88,12.92,13.58,13.28,12.81,12.76,12.61,12.86,12.81,12.81,12.45,
iter=45: 13.69,18.85,26.05,25.62,25.31,25.73,25.62,25.73,25.51,25.93,25.42,26.03,
after-iter:25.62,25.63,13.28,13.17,13.99,12.81,12.45,12.86,12.86,12.86,12.86,13.28,12.86,12.86,13.58,13.22,12.81,
before-iter:12.92,19.58,13.58,12.81,13.64,12.86,12.55,13.22,12.81,12.4,13.22,12.92,12.86,13.52,13.33,13.28,12.5,
iter=46: 13.11,18.11,24.27,25.73,25.42,25.62,25.62,26.45,24.9,26.59,25.52,24.79,
after-iter:25.93,25.93,13.64,12.92,13.58,13.33,13.17,13.22,13.64,12.92,12.92,12.86,12.45,13.28,12.86,13.11,12.92,
before-iter:12.45,18.11,13.28,12.5,12.92,13.81,12.81,12.81,13.58,12.5,13.22,12.81,12.97,13.17,13.17,13.33,13.17,
iter=47: 12.92,17.77,22.92,25.93,25,25.62,25.62,25.42,25.73,25,26.75,25.93,
after-iter:25.31,26.34,17.23,13.22,12.81,13.64,13.58,13.58,12.45,13.17,12.92,12.5,12.45,12.5,13.58,13.28,12.86,
before-iter:13.17,16.73,17.15,13.28,13.17,13.17,12.81,12.92,13.93,12.7,12.18,13.69,12.86,12.35,13.17,12.13,13.28,
iter=48: 12.86,14.46,24.58,25.1,25.83,25.42,25.83,24.9,27.27,25.73,26.34,26.14,25.42,
after-iter:26.23,17.08,12.86,12.55,13.22,12.76,12.86,13.22,13.39,13.28,12.92,17.77,16.1,22.27,14.05,13.33,12.45,
before-iter:13.69,17.57,13.22,12.5,14.52,12.86,12.7,12.97,13.17,12.81,12.5,13.33,12.45,13.28,12.92,12.92,13.06,
iter=49: 14.88,24.48,24.89,25.62,25.93,25.51,25,25.42,25.62,25.42,25.31,
after-iter:25.21,25.42,18.33,14.75,12.86,13.28,13.64,13.17,13.22,12.55,12.97,12.76,12.5,13.64,12.86,12.86,12.92,12.76,
before-iter:13.33,19.25,13.69,12.45,13.64,13.58,12.45,13.17,13.33,12.86,12.5,12.86,13.64,12.92,12.5,12.86,12.45,
iter=50: 12.86,23.55,25.21,25,25.62,25.42,25.62,25.83,25.83,25.31,25.82,25.1,
after-iter:25.73,21.49,13.99,12.86,13.17,12.86,13.22,12.55,12.86,13.28,12.92,13.28,13.22,12.92,12.5,13.58,13.58,
before-iter:12.92,18.91,13.69,12.81,13.99,13.58,12.61,12.81,12.55,13.47,12.4,12.5,13.28,12.61,12.86,12.86,12.86,
iter=51: 12.55,22.36,25.42,25.73,25.31,26.03,25,25.42,25.91,24.79,26.34,25.1,
after-iter:25.82,22.41,14.05,13.64,12.5,12.97,12.92,13.22,12.86,13.28,13.28,14.46,12.86,13.93,12.45,12.86,13.28,
before-iter:12.86,17.65,13.01,12.92,12.86,12.86,13.28,12.76,13.69,12.97,12.5,13.28,14.46,13.52,12.81,12.5,13.69,
iter=52: 12.92,18.6,25.31,25.62,25.1,25.21,25.62,25.31,25.52,25.42,25.82,25.42,
after-iter:25.83,26.03,13.69,14.17,12.92,12.81,12.5,13.81,12.5,13.58,13.52,12.4,12.86,13.28,13.22,13.93,13.28,
before-iter:13.22,17.5,14.88,12.97,12.86,12.92,14.64,13.22,12.45,13.28,13.64,12.86,12.5,12.86,12.5,12.86,13.22,
iter=53: 12.86,16.94,25.1,25.52,25.73,25.42,26.45,25,25.62,25.31,25.31,25.42,
after-iter:25.73,24.69,17.01,12.92,13.17,12.92,12.92,13.22,13.28,12.81,13.22,12.92,12.86,13.22,12.92,12.86,13.69,13.17,
before-iter:14.52,20,12.86,13.22,13.17,12.86,12.86,12.55,13.17,12.86,13.33,13.93,12.92,12.92,13.22,13.17,13.99,
iter=54: 13.39,23.43,26.14,25.31,25.51,25.42,25.1,25.31,26.03,24.79,25.31,26.03,
after-iter:25.1,20.17,12.5,13.93,12.5,12.86,12.92,12.92,12.45,13.33,14.05,13.28,12.76,13.22,12.55,12.81,12.92,
before-iter:12.5,20.33,12.55,13.22,13.03,14.34,12.92,12.86,12.92,13.22,12.86,13.47,12.61,12.86,12.86,12.55,12.86,
iter=55: 13.22,20.83,25.62,25.31,25.93,25.62,25.1,25.73,25.52,25.73,25.31,25.73,
after-iter:25.82,22.27,13.17,13.75,13.28,12.5,13.22,12.86,12.45,12.86,12.86,12.5,12.86,13.17,12.97,13.11,13.5,
before-iter:13.28,20.08,13.52,12.5,13.28,12.5,12.81,12.86,14.05,12.81,12.45,13.33,14.29,12.92,12.81,12.97,13.58,
iter=56: 12.81,18.33,29.58,28.03,25.85,26.03,29.58,24.79,26.03,25.52,25.82,25,
after-iter:25.31,25.62,13.69,12.92,13.28,12.5,13.64,12.55,12.76,12.92,14.34,12.97,13.22,13.22,13.75,12.4,13.22,
before-iter:12.92,18.52,13.22,12.92,12.13,13.22,13.28,13.52,12.5,13.33,13.22,13.22,12.92,12.92,13.28,12.92,13.93,
iter=57: 12.4,16.74,23.01,26.25,25.21,25.93,24.9,25.1,32.49,29.25,30.8,25.31,
after-iter:25.42,26.45,18.72,13.69,13.58,13.58,13.28,13.77,12.55,12.81,12.92,12.5,13.28,13.58,12.4,13.64,13.28,13.69,
before-iter:13.17,20.59,12.97,13.58,12.86,13.28,12.92,13.22,12.5,13.17,12.92,12.5,13.28,12.5,13.28,13.52,12.55,
iter=58: 12.81,23.33,25.94,25.62,25.1,25.93,25.1,26.03,26.14,26.03,25.21,25.21,
after-iter:26.03,22.31,12.81,12.92,12.81,13.17,12.61,13.11,12.55,14.05,13.28,12.86,12.4,13.64,13.58,12.5,13.58,
before-iter:12.86,20.33,13.11,12.61,12.86,12.4,13.22,12.5,12.86,13.28,13.64,12.81,13.28,12.86,12.92,12.45,13.64,
iter=59: 12.86,19.75,25.62,26.03,25.42,25.62,25.42,25.41,25.42,25.73,25,25.31,
after-iter:25.71,24.07,12.86,12.86,13.64,12.5,13.58,12.92,12.5,12.92,14.29,12.86,12.5,13.58,12.55,13.52,12.92,
before-iter:12.81,20.5,12.92,13.17,13.22,12.81,12.92,12.92,13.28,12.92,13.64,12.86,13.28,14.46,13.58,12.08,13.64,
iter=60: 12.81,17.23,25.31,25.42,25.21,25.73,25.42,25.93,25.31,26.14,25.1,25.31,
after-iter:25.42,26.94,13.87,12.86,12.65,13.22,12.92,13.11,12.55,12.86,13.88,12.55,12.86,12.92,13.93,13.28,12.97,
before-iter:13.22,17.36,16.12,13.22,13.28,13.22,12.92,12.45,13.22,12.76,13.22,12.92,13.17,12.55,13.52,12.55,12.92,
iter=61: 13.75,15.35,23.85,26.56,25.21,25.42,25.21,25.83,25.52,25.73,24.69,26.53,
after-iter:25,25.21,17.01,12.45,14.52,13.39,18.26,19.25,13.62,12.76,13.33,14.11,13.17,12.86,13.22,12.55,12.86,
before-iter:12.55,14.94,16.32,12.81,12.45,13.17,12.45,12.92,12.92,12.81,12.97,13.22,12.5,14.05,13.03,13.99,13.28,
iter=62: 13.22,14.81,22.92,25.83,25,25.82,25.1,24.9,25.31,25.31,26.36,25.73,26.03,
after-iter:25.62,19.34,13.22,13.28,13.69,12.86,13.22,12.45,12.86,12.55,13.64,12.5,13.17,12.92,14.05,12.86,12.92,
before-iter:12.92,20.66,13.17,12.92,12.92,12.86,13.33,13.22,12.86,13.33,12.76,12.81,12.86,13.22,12.92,13.22,12.13,
iter=63: 13.64,21.49,25.83,25.42,25.52,25.73,26.03,25.31,25.31,24.9,25.73,26.25,
after-iter:25.73,21.58,13.58,13.99,12.81,12.86,12.97,12.92,13.11,12.4,13.64,12.5,13.69,12.86,13.64,12.92,12.81,
before-iter:13.33,19.09,12.97,12.81,13.22,12.86,12.92,12.86,12.35,13.17,13.22,12.92,12.86,13.28,13.82,13.28,12.97,
iter=64: 13.17,20.42,25.62,25.73,25,26.34,25.31,25.21,25,26.34,25,25.31,
after-iter:25.1,24.18,12.45,13.22,12.92,12.92,13.64,12.5,13.64,12.86,12.92,14.4,12.92,13.22,12.7,12.86,12.5,
before-iter:12.86,20.08,12.76,13.64,12.66,13.28,13.11,12.86,13.28,12.5,12.97,13.22,12.55,13.58,12.92,12.76,13.22,
iter=65: 13.22,17.99,25.73,25.73,25.42,25.62,25.42,25.73,25.51,25.93,25.51,25.83,
after-iter:25.42,25.51,13.28,11.86,13.93,12.86,13.22,12.5,12.86,12.97,12.45,13.28,12.92,13.22,12.76,13.69,12.5,
before-iter:13.28,19.92,14.46,15.19,12.97,13.33,12.86,13.28,12.97,12.45,13.23,12.5,12.86,13.99,12.86,12.92,13.22,
iter=66: 13.28,18.18,23.31,26.53,25.42,25.42,25,26.03,25.31,25,25.93,24.9,
after-iter:27.46,24.47,13.22,13.22,12.92,13.99,12.4,12.97,12.55,13.58,12.55,13.39,12.81,14.29,13.33,13.64,13.17,
before-iter:12.86,18.52,14.05,12.55,12.86,12.5,13.22,12.92,12.92,12.86,13.28,12.86,13.28,12.92,13.28,13.17,12.92,
iter=67: 12.92,17.36,22.41,25.52,26.56,24.79,25.31,25,25,25.31,25.31,26.34,
after-iter:25,26.75,17.5,12.81,13.64,13.33,13.64,12.86,12.76,12.92,12.86,12.55,13.22,12.5,12.92,12.6,13.99,13.28,
before-iter:15.13,18.67,13.22,13.28,13.22,12.4,13.22,12.92,13.69,13.22,13.28,12.86,12.81,12.86,13.28,12.45,12.55,
iter=68: 12.81,24.18,25.42,25.83,26.64,25,25.73,25.42,25.93,25.42,26.86,25.21,
after-iter:25.1,22.08,12.86,13.17,12.86,12.86,12.5,12.81,13.58,12.86,12.5,14.05,12.86,13.22,13.22,12.97,12.81,
before-iter:13.28,20.33,12.61,13.33,13.11,12.5,12.86,13.64,12.5,12.92,12.86,13.22,12.86,15.06,15.77,15.9,14.46,
iter=69: 12.92,25.31,25.71,26.03,25.94,25.1,26.53,25.52,25.21,24.9,25.73,25.71,
after-iter:25.1,24.48,14.05,13.22,12.45,14.34,12.92,13.64,12.86,12.92,12.81,13.69,11.81,13.28,12.5,13.58,12.45,
before-iter:13.28,18.6,12.81,12.55,12.92,12.86,13.99,13.28,13.17,12.92,13.33,12.81,12.86,12.81,14.75,15.97,13.33,
iter=70: 12.97,23.65,28.33,25,25.51,25.42,24.9,26.34,26.14,25.62,25.63,26.25,
after-iter:25.52,26.64,13.75,12.92,12.86,13.93,12.5,12.81,12.86,12.55,12.86,13.22,13.52,12.81,14.46,12.86,12.92,
before-iter:13.22,18.33,15.23,12.5,12.92,13.64,12.92,12.92,13.11,12.55,13.58,13.39,12.5,12.5,13.06,12.92,13.58,
iter=71: 12.5,17.01,23.11,25.1,26.25,25.42,26.83,26.14,25.83,24.79,25.93,25.42,
after-iter:25.62,25,17.01,14.34,12.45,13.33,12.86,13.28,12.81,12.86,12.92,12.86,12.86,13.28,12.5,13.28,12.55,
before-iter:13.17,13.39,18.26,12.5,12.81,12.55,13.28,12.45,13.17,12.97,13.58,12.86,12.92,13.22,13.64,13.28,13.64,12.5,
iter=72: 14.46,22.63,25.73,25,25.31,25.31,25.93,25.31,25.21,25.93,25.73,25.73,
after-iter:25,20,12.97,13.17,12.45,13.64,13.28,13.64,13.52,12.81,12.97,12.92,12.86,12.81,13.22,12.45,13.69,
before-iter:12.5,20.33,13.17,12.92,12.45,12.97,13.17,12.86,13.99,12.86,13.64,12.86,12.86,12.5,12.45,13.22,13.28,
iter=73: 12.92,21.34,26.03,25,25.83,25.31,25.62,25.52,26.02,25.42,25.42,25.42,
after-iter:25.73,22.41,12.55,12.86,13.22,12.5,12.81,12.55,12.81,13.22,12.86,13.28,13.11,14.11,13.11,12.92,13.17,
before-iter:12.61,20.5,13.39,13.52,13.22,12.86,12.5,13.17,12.5,13.22,12.4,12.92,12.86,13.28,13.69,12.86,12.76,
iter=74: 13.28,19.17,25.42,26.03,25.63,26.42,25.1,25.31,25.51,25.73,25.62,26.23,
after-iter:25.31,23.21,13.41,12.86,12.86,13.33,13.03,12.92,13.17,13.52,12.55,12.86,14.05,12.55,13.28,13.17,12.5,
before-iter:12.76,18.67,12.5,13.69,12.86,13.64,12.4,12.97,14.11,14.17,13.75,12.92,13.11,13.22,12.55,12.81,13.28,
iter=75: 12.45,20.08,25,25.73,25.62,25.42,25.31,25.21,26.23,25.52,25.73,25.42,
after-iter:25.51,25.51,13.28,13.69,12.92,17.21,12.97,12.55,12.86,13.28,12.45,13.22,12.86,13.33,12.5,13.17,13.22,
before-iter:13.22,20,13.75,13.69,12.81,13.28,12.86,13.28,12.55,13.11,12.08,13.58,12.61,12.81,13.64,12.81,13.28,
iter=76: 12.55,18.33,25.21,25.31,25.42,26.03,25.42,27.05,25.1,26.23,25.42,25.42,
after-iter:26.45,25.21,13.81,12.81,13.58,12.5,13.22,13.28,12.81,13.39,13.47,12.55,12.76,14.05,13.28,13.17,12.18,
before-iter:14.05,18.11,13.75,12.5,12.92,12.81,12.92,13.52,12.86,13.33,12.92,13.58,12.92,13.64,12.5,13.93,13.58,
iter=77: 12.92,16.6,22.36,26.03,25.21,26.34,24.9,25.73,25.42,26.03,25.21,25.51,
after-iter:25.62,25.31,17.15,13.17,13.39,13.17,14.46,13.58,12.4,12.61,13.28,12.08,13.28,12.86,12.92,12.76,12.92,
before-iter:13.28,14.17,17.84,13.33,12.92,12.86,12.86,12.97,13.22,13.22,13.28,13.28,13.17,12.86,12.86,12.81,12.97,12.86,
iter=78: 12.81,25.31,25.73,25,25.73,25.62,25.59,25,26.23,25.73,25.1,25.83,
after-iter:26.45,17.57,13.01,12.92,12.81,12.92,13.22,12.92,13.17,12.92,12.92,13.28,13.64,12.4,12.92,14.35,15.85,
before-iter:15.95,21.8,16.22,13.58,13.22,13.75,13.28,12.5,12.86,12.81,13.22,12.5,13.22,12.92,12.5,13.69,12.86,
iter=79: 12.45,25,26.16,25,26.45,26.14,26.25,26.94,25,25,25.62,25.42,
after-iter:25.1,20.25,12.86,13.28,13.58,12.86,13.69,12.92,12.86,13.22,14.17,12.86,12.92,13.99,12.92,12.86,12.92,
before-iter:12.35,18.33,13.28,12.92,12.5,14.34,12.92,13.69,12.45,12.97,13.33,12.76,12.86,13.64,12.55,13.69,13.69,
iter=80: 12.5,21.67,25.93,25.21,25,26.03,25.71,25.1,25.31,25.93,25.62,25,
after-iter:26.34,21.34,12.55,12.92,13.28,13.06,12.92,13.28,12.08,13.88,12.92,12.86,13.28,14.11,12.92,13.58,13.28,
before-iter:12.86,19.92,13.58,12.76,13.03,13.22,12.92,13.33,13.17,13.28,12.97,12.4,12.92,12.86,13.17,12.81,12.81,
iter=81: 12.97,21.4,25.73,25.83,25.21,25.73,25.31,26.03,25.73,25.31,25.62,26.14,
after-iter:25.31,23.65,12.81,12.92,12.45,13.22,12.45,14.34,12.92,12.86,13.17,13.33,12.55,13.64,12.81,13.69,12.92,
before-iter:13.22,18.14,13.93,13.69,12.5,12.5,13.64,12.81,12.81,16.25,14.94,15.13,14.11,13.33,17.23,12.92,12.81,
iter=82: 12.92,19.34,23.97,25.21,25.42,25,25.1,26.34,25.21,25.21,25.71,25.42,
after-iter:25.62,26.03,13.87,13.17,12.92,13.17,13.64,12.92,12.92,12.81,13.58,12.86,12.92,12.81,12.86,12.92,12.5,
before-iter:13.17,17.96,15.32,13.28,12.81,12.86,13.33,12.5,14.46,12.5,14.11,13.58,12.92,16.67,17.23,15.23,12.86,
iter=83: 12.92,16.12,23.85,25.73,25.1,25.42,25.83,25.73,25.21,25.42,25.73,25.73,
after-iter:24.9,26.45,16.6,13.52,13.64,13.22,12.92,13.58,12.5,12.97,13.22,12.92,13.22,12.81,12.86,13.64,12.86,
before-iter:13.33,14.23,18.26,12.55,14.11,14.05,13.03,12.5,13.99,12.61,12.86,13.06,12.81,12.55,12.86,13.28,12.81,13.99,
iter=84: 13.03,25.21,25,27.27,25,26.14,25.1,26.75,25,25.71,25.52,25.42,
after-iter:25.93,18.33,12.76,13.22,13.64,12.86,12.92,12.86,12.97,13.22,13.69,12.76,13.33,12.86,13.33,12.86,13.22,
before-iter:12.92,19.01,12.45,12.86,12.55,13.58,12.76,13.28,12.5,15.16,13.11,12.92,13.33,12.92,13.58,12.55,13.58,
iter=85: 12.5,24.9,25.73,25.31,24.79,25.21,25.52,25.73,25,26.23,25.42,25.21,
after-iter:25.42,19.92,12.55,12.86,13.22,13.69,12.5,13.69,12.76,12.86,13.28,12.86,12.55,12.4,13.11,12.92,12.86,
before-iter:12.92,20.99,12.45,13.75,12.92,13.58,13.58,12.86,12.92,12.92,13.33,12.13,13.93,13.64,12.45,13.22,12.81,
iter=86: 13.69,21.85,26.03,25.73,25.31,25.31,26.14,26.23,25.1,25.93,25.93,25,
after-iter:25.83,24.28,12.86,12.7,13.28,12.81,12.45,12.55,13.58,12.92,12.86,12.92,13.99,12.86,13.64,12.92,12.81,
before-iter:13.33,18.91,13.52,12.92,13.11,12.55,12.81,12.81,13.22,12.55,13.58,12.92,12.5,12.97,13.17,13.28,13.28,
iter=87: 12.92,19.34,24.79,25.93,25.42,25,25,26.12,24.9,25.42,28.57,25.1,
after-iter:24.9,25.31,13.45,12.81,13.28,12.76,13.22,12.5,14.46,14.05,12.45,12.86,13.39,12.86,13.28,12.81,12.5,
before-iter:13.52,17.99,12.86,12.86,13.99,12.5,14.05,13.33,13.99,12.5,12.5,13.22,12.92,13.28,12.18,13.58,12.5,
iter=88: 13.58,17.57,24.28,26.56,25.73,25.21,25.62,25.42,25.73,25.31,25.42,25.83,
after-iter:25.93,25.42,15,12.61,13.28,12.86,13.86,13.28,12.92,12.81,12.81,12.61,13.22,12.55,13.11,12.97,12.92,
before-iter:12.86,20.82,13.81,12.92,12.92,13.64,13.06,13.39,13.28,12.86,12.08,14.05,12.92,12.81,12.97,13.52,13.22,
iter=89: 12.5,18.18,24.79,25.21,25.83,25.42,26.94,25.94,25.62,25.1,24.9,25.83,
after-iter:25.51,24.47,14.05,12.81,12.86,12.92,12.92,12.4,14.34,12.97,12.86,12.55,13.99,12.86,13.22,12.86,14.05,
before-iter:12.81,17.36,14.23,12.92,12.86,13.52,12.76,13.22,12.55,13.64,12.55,13.64,13.17,12.92,12.81,12.81,12.86,
iter=90: 12.92,17.5,25.31,25.73,25.93,25.1,25.62,25.1,25,25.21,25.52,26.02,
after-iter:25.42,25.63,15.29,13.28,12.81,12.97,13.22,13.28,12.81,12.5,13.64,12.86,12.55,12.86,12.4,13.33,12.86,
before-iter:12.86,16.87,15.77,12.97,12.92,13.22,13.64,12.86,13.93,12.92,12.5,13.17,13.69,12.5,12.76,13.58,12.92,
iter=91: 13.22,14.29,24.58,25,25.51,25.52,25.42,25.1,26.45,25.31,26.23,25.42,
after-iter:25.42,25.73,19.09,13.17,12.45,13.22,12.5,12.5,12.55,13.99,12.55,18.15,18.57,22.08,12.45,13.28,13.64,13.03,
before-iter:13.99,20.16,13.22,12.13,15.64,12.45,12.92,12.5,13.22,12.45,12.86,12.86,12.92,13.52,13.28,12.81,12.92,
iter=92: 12.92,24.69,25.1,25.83,25.73,25.31,25.93,25.52,25.42,24.79,25.62,25.1,
after-iter:25.42,21.31,12.92,13.99,12.97,13.58,12.81,12.81,12.92,13.33,12.45,12.86,13.28,13.28,12.86,13.64,12.5,
before-iter:13.99,18.6,13.22,13.22,12.86,13.58,13.22,12.92,13.28,14.23,12.5,14.11,13.81,13.28,12.5,12.4,12.92,
iter=93: 12.55,21.58,26.12,25,25.42,25,26.75,24.9,26.64,25.63,25.31,25.51,
after-iter:26.14,21.58,12.92,12.81,13.33,13.28,13.28,13.28,12.5,14.34,12.86,12.5,13.11,12.13,13.22,12.5,13.33,
before-iter:12.92,19.58,13.22,13.52,12.97,13.99,12.81,13.22,12.5,12.97,12.92,12.81,12.4,13.28,12.5,12.81,12.45,
iter=94: 13.28,21.4,26.23,25.52,25.21,25.51,25.73,25.31,25.52,26.02,25.1,25.42,
after-iter:25.1,25.31,12.92,12.35,13.58,13.17,12.92,12.86,13.93,12.86,13.64,12.92,13.99,12.92,13.17,13.64,13.28,
before-iter:13.64,19.42,12.92,13.28,12.86,16.05,13.45,14.88,13.58,14.17,15.83,13.58,12.92,13.28,12.92,13.69,12.86,
iter=95: 12.55,18.18,25.1,25.93,25.31,25.73,24.9,26.23,25.31,25.1,25.51,25.62,
after-iter:25.52,26.03,13.52,12.92,12.81,13.28,12.92,13.33,12.5,13.99,13.99,12.76,12.55,12.92,13.22,13.33,12.86,
before-iter:12.45,18.52,14.94,13.11,12.5,12.92,13.22,13.64,12.5,13.22,12.92,12.81,13.64,13.33,12.92,12.5,12.96,
iter=96: 12.92,16.25,23.53,25.91,25.31,25.52,25.42,25.42,25.51,25.62,25.31,25.73,
after-iter:25.62,25.83,14.52,14.05,12.86,13.22,12.92,13.17,12.55,12.81,12.92,12.92,13.11,12.86,12.92,13.64,12.97,
before-iter:15.04,15.83,17.23,13.11,13.99,13.28,13.64,12.92,13.17,12.45,12.55,12.86,12.55,14.23,12.55,13.11,13.39,
iter=97: 14.75,14.23,23.01,25.42,25.41,25.31,25.62,25.1,25.52,25.42,26.23,25,
after-iter:25.31,25.1,17.7,13.28,13.17,12.5,13.22,13.22,13.28,12.92,13.33,13.45,13.17,12.92,12.92,14.05,12.5,12.81,
before-iter:12.92,17.77,12.92,12.76,14.34,13.64,13.28,12.5,12.92,12.81,13.58,12.86,13.58,12.97,12.5,13.22,12.86,
iter=98: 13.64,25.62,25.42,25.21,25,25.93,25,25.73,25.52,25.42,25.51,25.21,
after-iter:25.1,19.42,12.81,13.75,12.86,13.28,12.08,13.22,12.81,13.28,13.22,12.92,12.45,13.06,12.92,12.45,13.33,
before-iter:12.92,19.41,13.22,13.58,12.81,13.64,13.28,12.86,12.86,13.69,13.64,12.55,13.22,12.81,13.22,12.5,12.81,
iter=99: 13.28,22.03,25.31,26.23,25,25.42,25.73,26.42,25.1,25.73,25.83,24.69,
after-iter:26.12,21.34,12.86,12.4,12.92,12.5,13.58,12.97,12.45,13.11,13.64,12.92,13.28,12.81,13.22,12.5,12.92,
before-iter:29.71,26.12,26.83,25.31,25.31,29.34,25.52,25.93,27.05,38.59,37.6,38.59,39.83,38.02,38.27,
iter=0: 38.08,39,36.78,37.92,38.93,38.17,38.02,38.68,37.92,38.43,39.59,37.92,38.11,
after-iter:37.92,38.59,26.03,25.62,26.56,25.83,25.41,25.73,26.12,25.52,25.94,25.93,25.21,25.83,27.05,25.21,25.31,
before-iter:25.82,32.08,25.94,26.03,25.1,25.82,27.87,26.36,25.51,25.52,25.42,25.62,26.14,26.03,25.51,25.31,26.03,
iter=1: 25.83,30.86,37.66,39.09,38.75,37.76,38.02,38.71,37.5,38.68,39,37.8,38.17,
after-iter:38.66,34.98,25.62,26.45,26.34,26.42,25.42,25.83,25.93,25.31,26.34,25.62,26.23,26.03,25.62,25.21,25.83,
before-iter:26.03,34.71,25.73,26.53,25.21,26.14,25.83,25.31,25.62,25.42,26.14,25.83,26.34,26.14,25.71,25.52,25.62,
iter=2: 26.12,31.22,38.52,39.17,37.7,38.84,38.43,37.76,38.84,38.43,39.09,38.24,
after-iter:38.52,37.92,31.4,25.42,26.03,26.75,25.83,26.03,25.62,26.86,26.56,25.82,25.62,25.21,27.24,25.73,25.42,27.05,
before-iter:25.93,32.64,25.31,25.93,25,26.64,26.45,26.03,25.1,27.16,25.21,25.42,25.62,26.34,25.42,26.23,26.03,
iter=3: 25.31,35.56,38.84,37.96,38.49,38.68,38.02,38.27,38.02,38.33,38.17,38.27,
after-iter:38.33,37.76,29.88,25.62,25.73,25.51,26.14,25.62,25.31,25.42,26.12,25.93,25.62,27.27,25.62,25.73,26.45,
before-iter:25.62,28.22,32.37,25.91,25.73,25.52,26.03,24.69,25.82,25.51,26.25,26.45,26.23,25.62,25.51,25.42,25.73,25.73,
iter=4: 25.31,37.5,38.68,38.17,37.66,38.11,37.66,39,38.43,38.49,38.43,38.02,
after-iter:38.49,38.59,27.27,26.14,25.31,26.34,25.62,25.31,26.16,25.94,25.73,25.42,25.62,26.03,25.83,25.73,26.45,
before-iter:25.62,30.67,28.4,25.42,25.42,25.83,25.31,26.03,26.34,24.05,26.14,31.28,28.27,27.08,26.34,30.67,25.62,
iter=5: 25.83,29.71,36.93,38.49,37.34,39.34,37.92,38.66,37.76,38.27,37.92,38.33,37.86,
after-iter:37.82,39,24.9,26.02,25.42,25.73,25.82,25.1,26.86,25.51,25.31,25.83,26.12,25.83,26.03,25.73,25,
before-iter:26.34,33.75,26.86,25.52,26.64,25.73,26.32,25.31,25.73,25.1,26.64,26.25,25.1,25.83,25.83,25.31,25.62,
iter=6: 26.56,30.25,37.14,39.33,46.82,44.6,42.67,38.84,37.96,38.84,38.08,38.27,37.66,
after-iter:38.59,35.44,25.21,26.64,26.03,26.03,26.14,25.31,26.23,26.56,26.34,25.83,26.03,25.94,25.82,25.73,26.03,
before-iter:25.73,33.74,25.62,25.73,26.47,25.42,26.34,25.42,25.21,27.05,25.83,25.41,25.31,25.63,26.56,25.73,27.27,
iter=7: 26.34,31.8,39.09,38.17,38.33,38.17,38.33,37.96,38.43,38.08,38.17,38.43,39.67,
after-iter:37.5,32.78,25.93,25.42,26.23,25.83,25.42,25.42,25.73,25.42,26.03,25.62,25.42,26.14,25.62,25.21,25.73,
before-iter:25.21,35.25,25.31,26.14,25.93,25.83,26.83,25.1,25.62,25.73,25.82,25.42,25.93,26.03,25.21,26.45,25.73,
iter=8: 25.21,32.64,38.43,38.02,38.78,38.66,38.93,38.43,38.17,38.68,38.08,38.43,
after-iter:37.86,39.52,31.38,25.42,25.52,26.12,25.85,25.31,25.31,26.03,25.62,25.51,25.21,26.14,26.03,25.82,25.52,25.93,
before-iter:25.31,33.61,25.62,25.31,25.31,26.56,25.93,25.83,26.45,26.56,25.62,25.62,26.36,25.41,25.73,27.8,25,
iter=9: 25.93,36.36,37.6,38.43,38.17,37.92,38.27,37.92,38.59,37.7,38.33,39,
after-iter:37.92,38.27,29.55,25.52,25.21,25.52,26.03,25.31,26.56,25.62,25.31,26.03,27.87,26.97,25.31,26.25,25.42,
before-iter:25.42,29.46,31.28,25.51,25.83,25.52,26.83,25,25.52,26.45,24.9,26.45,25.93,27.27,26.34,25.21,25.93,24.9,
iter=10: 27.05,38.43,37.76,39,37.92,38.52,38.17,38.43,38.59,38.68,39.75,44.58,
after-iter:44.21,40.66,25.83,25.31,25.73,26.64,25.93,25.31,25.21,25.42,25.82,26.03,25.42,25.42,26.23,25.42,25.21,
before-iter:26.34,32.37,27.08,26.23,25.1,27.24,25.1,26.12,26.14,25.52,25.51,25.63,26.45,25.71,25.83,26.86,25,
iter=11: 26.34,29.71,38.02,37.86,38.33,38.27,38.27,37.92,37.92,37.45,39.83,38.08,37.92,
after-iter:40.24,35,25.93,25.51,25.21,25.83,25.51,26.14,26.53,25.1,27.05,25.51,26.05,25.93,26.34,25.73,25.82,
before-iter:25.83,33.89,25.42,26.03,27.05,25.62,25,26.45,26.03,25.21,25.93,27.46,25.1,25.73,26.14,25.62,25.73,
iter=12: 25.21,31.54,37.34,38.49,39.26,38.17,37.76,39.09,37.55,38.93,38.59,38.37,37.5,
after-iter:38.27,33.47,25,26.45,25.94,25.71,25.42,25.93,25.21,25.51,25.73,26.14,25.1,26.25,25.73,25.62,26.14,
before-iter:25.62,33.06,25.31,25.73,29.33,25.42,25.62,25.31,25.52,26.53,25.31,26.03,25.93,25,25.21,26.56,
iter=13: 25.1,34.16,39.09,37.97,39.02,37.76,38.02,38.68,38.02,38.43,38.68,39.17,38.49,
after-iter:38.68,30.54,26.03,25.62,25.62,26.03,25.42,26.34,26.03,26.56,26.45,26.34,25.1,25.42,25.73,25.51,25.21,
before-iter:25.93,33.47,25.31,25.94,25.1,26.86,25.21,25.42,26.34,25.82,25.31,25.62,26.03,25.62,25.31,25.83,25.73,
iter=14: 25.1,35.44,38.49,39.18,38.08,37.76,39.26,38.17,38.43,38.17,37.66,38.37,
after-iter:38.33,38.43,28.69,26.14,25.51,26.36,28.33,26.03,25.31,26.03,26.03,25.21,26.03,25.62,26.23,25.42,25.83,
before-iter:25.62,29.34,28.87,25.93,25.62,25.62,25.93,25,26.12,25.42,25.73,25.73,25.73,25.31,26.75,26.03,26.03,
iter=15: 25,28.75,37.04,37.76,37.76,38.43,38.59,37.34,39,39.59,37.34,38.59,38.68,
after-iter:38.27,37.76,25.42,26.94,25.31,25.93,25.42,26.34,25.83,25.71,26.86,26.14,26.34,26.34,25,25.52,25.93,
before-iter:25.42,32.22,27.98,25.62,25.31,26.47,25.93,25.1,25.51,25.31,26.34,26.03,25.51,25.62,25.21,25.71,25.1,
iter=16: 25.42,31.4,38.11,37.76,38.17,38.84,38.02,37.82,38.43,38.62,37.76,38.84,38.49,
after-iter:38.52,34.85,25.73,25.51,25.83,26.75,25.1,25.31,26.03,25.31,25.31,26.23,25.62,25.21,26.45,26.03,25.73,
before-iter:25.1,32.78,25.51,25.21,25.73,25.63,25.1,25.82,25.93,25.73,25.83,25.51,25.41,25.21,25.42,26.03,25.21,
iter=17: 25.83,33.61,37.6,38.43,37.92,38.02,38.17,38.33,38.43,38.02,37.92,38.27,
after-iter:37.97,38.78,32.08,25.21,25.62,25.73,25.73,25.31,26.25,25.62,25.52,26.45,25.31,25.31,27.57,29.41,27.62,27.5,
before-iter:26.75,40.17,25.52,28.28,25.63,25.62,26.03,25.42,25.41,25.42,26.45,25.21,25.51,26.14,25.31,26.03,25.83,
iter=18: 25.73,32.37,37.92,37.92,38.93,38.08,38.33,38.27,37.5,38.43,38.59,38.02,38.37,
after-iter:39.75,33.88,25.31,26.45,25.52,25.42,25.31,26.45,25.21,25.93,25.73,25,25.93,26.25,32.64,29.88,33.61,
before-iter:25.73,33.74,25.31,27.27,25.1,25.31,26.75,25.31,25.73,27.39,25.94,25.1,25.93,25.62,25.31,25.93,25.52,
iter=19: 25.93,33.47,37.92,38.59,38.37,38.33,38.68,37.76,39.67,38.08,38.68,37.6,
after-iter:38.75,38.84,30.89,25.73,26.03,25.42,25.52,25.73,26.23,25.42,25.42,26.86,25.21,25.42,26.14,25,26.75,
before-iter:25.62,26.86,32.35,26.34,25.83,25.42,26.45,26.03,25.1,26.64,25.42,26.03,25.82,25.42,26.14,25,26.53,25.42,
iter=20: 25.31,36.63,38.33,37.86,37.92,38.43,38.08,38.02,38.84,38.17,37.6,39.09,
after-iter:38.49,37.6,29.88,25.42,25.31,25.82,25.73,27.01,25.93,26.05,26.14,24.79,26.56,26.14,25.21,25.62,25.21,
before-iter:25.62,30.45,27.39,26.25,25,26.45,25.62,25.1,26.45,24.69,26.03,25.1,25.62,25.51,26.23,25.73,25.63,
iter=21: 25.71,29.88,37.24,38.59,37.6,38.59,38.93,37.76,38.43,38.08,38.37,38.33,38.68,
after-iter:38.52,35.68,25.31,26.25,25,26.45,25,25.31,25.93,25.73,25.62,25.63,25.62,26.64,25.21,25.93,25.42,
before-iter:25.62,35.25,25.42,26.34,25.42,25.73,25.1,25.31,25.62,26.36,24.69,26.03,25.42,25.62,25.74,25.51,25.73,
iter=22: 25.73,31.95,37.45,38.17,38.43,38.17,39.18,37.66,38.59,37.92,37.6,39.24,38.02,
after-iter:38.17,33.47,25.73,25.52,26.23,25.93,25.93,24.9,25.94,25.41,25.31,26.14,25.73,25.51,25.94,26.56,25.93,
before-iter:25.21,33.2,25.73,25,25.82,26.03,25.42,26.78,26.14,26.23,25.42,25.31,26.23,25.21,26.75,26.64,25,
iter=23: 26.34,31.65,39,38.84,38.08,42.98,37.76,38.68,37.3,39.34,37.92,38.17,
after-iter:37.92,38.68,31.38,25.31,26.14,25.42,25,27.5,25.31,25.21,25.83,25.21,25.51,25.51,25.73,26.53,25.42,25.62,
before-iter:26.56,35.12,25.83,24.69,26.34,25.73,25.31,26.34,25.31,25.62,28.53,29.68,22.89,29.75,32.95,
iter=24: 30.37,45.93,44.95,50.63,46.61,46.08,40.86,41.63,38.52,38.49,38.43,37.66,
after-iter:38.93,36.51,25.82,25.62,25.42,26.14,25.62,25.62,25.83,25.21,27.87,25.52,25.62,25.73,25.93,25.31,25.42,
before-iter:25.31,32.92,25.62,25.73,26.45,25,26.67,25.73,25.31,26.34,25.42,25.61,25.41,25.52,26.34,24.9,25.93,
iter=25: 25.83,31.8,38.02,37.92,38.33,37.7,39,37.76,37.92,38.33,38.02,38.84,37.6,
after-iter:39.34,32.37,25.51,26.86,25.42,25.62,25.31,25.73,25.42,25.62,26.64,24.58,26.23,25.83,25.31,25.21,26.36,
before-iter:25.21,34.31,25.62,26.36,24.69,25.73,26.45,26.34,25.31,25.42,25.42,26.03,25.31,26.14,26.23,25.52,25.51,
iter=26: 25.21,32.77,38.37,38.93,38.27,37.76,38.43,38.52,38.33,38.59,38.11,38.33,
after-iter:37.76,38.59,29.1,25.52,26.14,25.61,26.05,25.62,25.73,25.52,25.73,25.82,25.21,26.25,25.62,25.42,26.14,
before-iter:26.64,27.5,30.74,25.83,25,25.62,28.22,25.93,25.31,25.42,26.97,25.41,25.51,25.83,25.31,25.93,26.23,
iter=27: 25.42,26.45,37.92,38.27,37.76,38.52,38.24,38.17,38.17,38.49,39.84,40.51,40.5,
after-iter:46.05,43.66,30.08,26.45,25,25.83,25.31,25.31,25.52,25.51,26.23,26.23,25.42,26.45,25.62,25.62,26.34,
before-iter:24.9,31.69,29.71,26.97,25.82,26.64,25.73,25.93,25.42,25.83,26.32,25.52,25.62,25.94,26.02,25,26.14,
iter=28: 25,28.51,36.25,37.34,38.43,38.68,39.92,37.76,38.33,38.68,38.59,38.17,39.42,
after-iter:37.5,38.43,25.93,25.52,25.51,25.71,25.73,25.31,25.52,25.52,25.82,25.51,26.45,25.51,25.31,26.34,25.1,
before-iter:25.31,31.67,27.05,25.52,26.64,25.42,25.62,25.42,26.03,26.98,25.42,25.31,26.56,25.61,25.62,26.36,25.82,
iter=29: 26.25,32.64,41.05,38.43,37.66,39.18,37.76,38.21,38.33,38.02,38.17,37.92,
after-iter:38.68,39.83,32.38,25.62,25,25.31,26.14,25.51,25.31,26.23,25.42,26.45,25.62,25,25.62,26.14,25.62,25.73,
before-iter:25.52,35.66,25.62,25.31,25.73,25.93,25.73,25.31,25.51,25.42,26.45,25.42,25.73,25.51,26.14,26.23,25.31,
iter=30: 25.93,35.27,38.27,37.76,38.59,38.75,38.43,37.92,38.02,38.27,37.92,38.27,
after-iter:37.76,43.28,33.06,27.8,25.52,30.83,26.03,26.14,25.73,26.23,25.21,25.73,25.51,25.73,25.42,26.03,25.31,
before-iter:26.75,27.73,30.45,25.62,26.03,25.42,25.42,27.39,25.73,25.93,25.31,25.73,25.42,25.31,25.93,25.42,25.73,27,
iter=31: 27.92,38.27,38.59,38.43,38.43,37.92,38.43,37.92,38.43,38.43,38.08,38.37,
after-iter:38.91,38.59,26.97,26.34,25.42,26.03,30.13,33.33,32.92,25.21,25.51,25.63,26.03,25.83,25.73,25.21,26.34,
before-iter:25.42,30.42,29.58,26.23,25.52,26.03,25.42,25.52,25.71,26.14,26.67,25.41,27.5,25.21,25.83,25.73,26.23,
iter=32: 25.42,27.27,37.76,38.17,37.76,39.34,38.49,38.49,37.86,38.68,38.59,38.17,38.33,
after-iter:38.17,36.63,25.73,25.83,25.51,25.42,26.14,25,25.62,26.97,25.42,25.83,26.32,25.52,25.21,25.73,26.03,
before-iter:25.73,33.33,26.14,26.03,25.51,26.03,25.94,25.82,25,26.75,26.03,25.62,25.1,25.83,25.51,25.93,25.94,
iter=33: 25.93,30.99,36.25,38.33,37.04,38.75,38.33,37.5,38.37,39.17,37.76,39.09,39.92,
after-iter:37.76,36.93,25.42,26.14,25.31,25.73,25.42,25.62,25.82,25.73,25.83,26.03,26.14,26.03,25.31,26.03,26.14,
before-iter:25.1,34.03,27.87,24.58,25,26.25,25.31,25.93,26.86,30.96,28.93,25.63,25.71,25.21,26.02,25.83,26.14,
iter=34: 25.41,29.66,37.04,37.76,38.59,37.76,38.43,38.11,39.75,41.98,38.59,37.76,39,
after-iter:37.5,43.85,34.73,38.11,36.02,38.08,37.04,32.48,27.98,25.42,25.31,25.42,25.62,25.42,25.82,25.21,26.97,
before-iter:25.21,34.44,28.28,37.34,37.76,33.88,26.23,25.1,26.23,24.9,25.42,25.62,25.31,25.1,26.45,25.21,26.34,
iter=35: 25.73,33.74,38.93,37.92,38.75,39.58,38.21,38.08,38.43,38.27,38.24,39,
after-iter:37.5,38.24,32.23,26.34,25.1,25.42,26.03,25.51,25.73,25.73,25.93,25.63,28.03,27.39,26.53,25.32,25.31,25.62,
before-iter:26.14,34.6,25.31,25.93,25.21,26.34,25.42,25.83,25.93,25.21,26.45,25.42,25.31,25.73,26.75,25.21,26.36,
iter=36: 26.34,34.57,37.76,40.33,39.5,40,38.17,37.5,38.52,37.76,38.49,38.02,
after-iter:37.96,42.19,29.34,26.03,25.62,26.36,25.93,26.23,25.73,27.39,25.83,25.93,25.73,25.93,25.42,26.23,24.69,
before-iter:25.83,29.75,30.04,26.67,26.86,26.89,25.1,26.03,30,26.45,27.27,26.23,27.62,26.03,25,26.56,26.97,25.73,
iter=37: 32.08,42.74,54.36,38.59,37.76,38.59,39.34,38.66,37.6,40.16,38.75,40.08,
after-iter:37.66,39.17,29.27,25.73,25.52,26.97,25.93,25.62,26.86,25.41,26.03,27.5,25.62,26.03,25.73,25.41,31.95,
before-iter:25.74,30.2,30.33,25.42,25.83,29.88,31.38,26.34,25.21,26.67,25.73,25.41,26.45,25.82,26.45,25.82,25.73,
iter=38: 25.93,27.2,35.68,38.27,38.59,38.08,37.86,39.08,38.68,38.68,38.08,38.43,38.17,
after-iter:38.59,38.08,27.46,26.86,25.73,25.21,25.94,27.39,25.21,25.51,25.52,25.73,25.93,27.39,25.62,25.31,26.75,
before-iter:25.42,39.24,28.93,25.62,25.1,34.16,25.62,25.1,25.82,25.73,25.73,25.82,26.14,26.03,25.1,25.71,25.21,
iter=39: 26.56,28.22,36.4,39.18,38.11,37.82,38.02,38.08,38.93,38.02,38.49,38.17,38.68,
after-iter:38.17,37.19,25.83,25.42,25.21,26.02,25.52,26.03,25.82,26.23,25.1,25.21,26.12,26.27,25.31,26.12,25.62,
before-iter:25.31,33.75,28.28,24.9,25,27.5,25.73,26.56,30.71,30.04,35.54,25.73,26.14,26.03,25.31,26.14,25.62,
iter=40: 25.93,30.29,37.6,37.82,37.96,39.09,37.92,37.92,39.26,37.5,38.33,38.17,38.27,
after-iter:38.59,34.31,25.83,26.34,25.1,26.25,25.31,25.31,26.12,25.73,25.1,25.73,26.03,26.03,26.75,27.2,26.23,
before-iter:25.1,34.02,25.73,25.31,25.62,26.03,25.42,25.93,25.83,25.51,26.75,25.42,25.31,26.64,26.12,26.25,25.42,
iter=41: 26.64,31.09,38.33,38.08,38.43,38.52,38.08,38.33,39.09,38.04,38.43,37.92,
after-iter:38.59,38.84,30.99,25.31,26.23,25.1,25.51,26.03,26.45,25.93,25.73,25.73,25.73,25.62,25.1,25.93,25.41,25.73,
before-iter:26.14,35.27,25.73,27.35,25.1,25.73,25.73,25.51,25.31,25.93,25.73,25.93,25,25.73,25.73,25,26.53,
iter=42: 25.83,34.45,38.52,38.02,38.17,38.37,37.76,38.49,38.02,38.17,39.18,38.02,
after-iter:38.93,38.49,28.81,26.03,25.52,26.12,24.9,25.83,25.73,25.31,25.62,25.93,25,26.23,26.56,25.93,24.58,
before-iter:25.52,28.33,30.45,25.21,26.14,26.86,25.62,25.31,25.21,25.51,26.45,26.03,24.79,26.23,25.62,25.62,28.51,
iter=43: 27.73,30.83,36.44,38.84,40.42,41.32,38.33,38.93,37.66,37.76,38.59,37.55,38.17,
after-iter:38.27,39.33,27.69,25.82,25.42,25.42,26.72,26.14,25.42,24.79,26.34,24.9,26.03,25.73,25.62,25.1,25.51,
before-iter:26.75,28.75,31.54,25.42,25.73,25.73,25.73,25.63,25.62,25.82,25.42,25.73,25.42,25.41,26.56,26.34,26.36,25.62,
iter=44: 25.51,38.08,38.78,37.76,38.27,39.24,37.76,38.11,39.26,37.76,38.33,38.91,
after-iter:40.5,41.77,26.45,25.73,25.73,25.52,25.73,26.23,25.42,25.73,25.31,26.23,25.73,25.73,25.52,27.16,26.75,
before-iter:25.31,30.25,28.22,25.93,25.42,25.51,26.14,25.31,26.56,26.64,25.83,25.42,26.34,25.73,26.23,25.62,25.63,
iter=45: 25.21,29.17,38.11,37.82,38.43,39.33,38.17,38.27,38.43,39.17,38.02,38.27,37.92,
after-iter:38.93,37.08,25.73,26.03,25.42,25.73,26.03,24.9,25.83,25.73,25.62,25.42,25.73,25.73,25.1,25.73,26.34,
before-iter:25,34.55,26.05,25.42,25.31,26.25,25.1,25.31,25.73,25.73,25.83,25.82,25.94,24.9,26.75,25.52,25.73,
iter=46: 25.42,30.58,37.19,37.5,37.76,38.49,38.21,38.24,39.59,38.17,37.86,38.82,38.02,
after-iter:38.27,38.08,25.73,25,26.25,24.69,26.14,25.91,25.42,25,25.73,26.64,25.93,26.03,25.31,26.34,25.21,
before-iter:25.94,31.82,26.45,25.42,26.03,25.42,25.1,27.27,25.73,25.73,25.73,25.21,25.83,25.31,25.31,25.83,26.23,
iter=47: 25.63,30.42,37.04,39.09,37.92,38.33,37.6,38.59,37.76,38.27,38.08,38.27,38.43,
after-iter:38.43,36.25,26.03,25.52,26.34,25.31,25.62,25.93,25.83,25.31,26.45,25.62,25.62,25.42,25.93,25.21,25.82,
before-iter:26.25,35.1,26.56,25.52,26.23,25.1,25.73,25.31,25.73,25.1,25.93,25.93,25.1,26.75,25.73,25.73,25.83,
iter=48: 25.42,30.71,35.15,38.02,38.59,37.76,39.09,37.6,38.08,39.34,38.43,37.66,38.02,
after-iter:39.34,36.25,26.14,25.83,26.64,25.52,27.69,34.29,27.95,25.83,26.67,25.42,25.42,26.23,25.51,26.03,25.62,
before-iter:25.42,32.64,26.14,25.41,25.1,25.73,25.83,25.42,27.57,25.42,26.34,25.51,25.31,25.83,25.31,25.51,25.83,
iter=49: 25.83,31.69,38.02,38.84,37.92,38.84,38.17,38.68,37.92,38.68,38.43,37.7,38.49,
after-iter:40.08,32.92,26.03,26.03,25.73,26.45,25.73,25.82,25.94,24.9,26.03,25.83,25.31,25.73,25.42,26.45,26.86,
before-iter:25.62,34.57,25.52,26.94,25.42,25.42,25.93,25.31,26.34,25.1,25.51,26.56,25.42,25.73,25.21,25.93,25.42,
iter=50: 26.03,32.92,38.84,37.76,38.59,38.08,39,38.46,39,38.33,38.68,38.02,
after-iter:38.08,37.76,31.12,26.34,24.9,25.42,25.42,25.82,25.73,26.03,25.1,25.73,26.14,25.83,25.31,25.63,25.42,25.73,
before-iter:26.03,32.81,25.31,25.41,26.36,26.94,25.83,25.51,26.56,25.93,25.1,25.42,26.03,25,25.93,25.73,25,
iter=51: 26.86,37.5,38.17,38.02,38.75,38.37,38.43,37.66,38.68,37.92,38.59,38.68,
after-iter:37.76,39,28.33,25.73,25.71,25.31,25.42,25.31,26.75,25.31,25.73,25.31,25.52,25.71,25.42,26.45,26.23,
before-iter:25.1,30.2,29.71,25,26.34,25.83,25.21,25.31,26.14,25.52,25.62,25.63,25.62,25.62,26.14,25.73,25,25.62,
iter=52: 27.76,36.55,38.17,38.17,38.68,37.86,38.33,38.43,38.52,38.68,38.33,38.08,
after-iter:38.43,38.68,25.21,25.73,27.24,25,25.42,25.73,26.14,25.71,25.62,26.03,28.45,30.93,32.07,29.22,25.42,
before-iter:25.51,32.5,26.14,26.05,26.97,25.73,25.31,25.73,25.42,26.64,24.9,26.34,25.62,25.1,25.82,25,25.42,
iter=53: 27.16,30.29,36.78,38.52,37.82,38.52,37.92,38.43,38.17,37.5,38.84,37.92,38.84,
after-iter:38.43,37.19,24.9,25.82,25.73,26.14,25.42,26.34,25.31,25.31,26.03,25.42,26.23,25.42,26.34,25.21,25.62,
before-iter:25.83,33.89,26.03,26.23,25.42,26.34,25.31,25.42,25.41,25.52,26.86,25.31,25.91,25.42,25.42,26.64,25.21,
iter=54: 25.52,31.4,37.34,38.43,37.86,38.84,39.67,38.24,38.02,37.92,38.93,38.17,37.92,
after-iter:38.43,33.05,25.42,25.62,28.46,25.21,26.25,26.14,25,26.02,26.25,25.31,25.71,25.83,25.73,25.1,25.73,
before-iter:25.93,33.74,25.42,25.31,25.93,25.51,25.73,25.73,25.41,25.42,25.42,26.42,25.93,26.03,25.31,26.14,25.42,
iter=55: 25.31,34.03,38.68,38.59,37.6,38.43,38.59,37.6,38.84,37.92,38.33,38.37,
after-iter:38.66,39.26,28.81,25.73,25.83,25.31,26.34,25.62,27.39,25.73,26.34,25.31,25.73,26.45,25.31,25.42,25.73,
before-iter:26.45,28.33,32.92,26.97,29.22,28.87,25.83,28.51,28.51,26.75,25.93,25.1,25.83,25.82,25.31,25.62,25.83,
iter=56: 26.42,27.5,36.93,38.33,38.43,38.75,38.68,37.82,38.37,38.43,38.27,38.08,38.27,
after-iter:37.92,38.84,26.03,25.73,25.1,27.53,25.42,25.42,25.51,26.45,25.94,25.82,25.21,25.73,26.03,25.62,25.31,
before-iter:26.14,31.51,27.27,25.1,28.51,26.03,25.42,26.64,25.83,25.83,26.03,25.73,25.82,25.73,25.41,27.39,25.52,
iter=57: 25.73,30,37.34,38.17,38.75,38.02,38.33,38.27,38.68,37.76,38.33,40,38.66,
after-iter:39.92,34.45,25.83,26.23,25.93,25.52,26.03,25.83,26.03,26.25,25.51,26.25,25.51,26.25,25.42,25.73,25.83,
before-iter:25.93,34.58,25.73,25.1,26.24,25.73,26.12,25.83,26.03,25.31,26.34,25.42,26.97,26.23,25.42,25.42,25.62,
iter=58: 25.73,31.67,37.5,37.76,39,37.92,38.68,38.17,38.68,37.39,38.68,38.59,
after-iter:37.5,39.09,31.54,25,25.93,26.97,26.03,26.14,25.73,25.62,25.73,25.21,25.73,25.42,26.53,25.94,25.73,25.42,
before-iter:27.05,32.64,25.52,26.02,25.1,25.73,25.52,25.73,25.42,25.21,26.03,25.42,26.34,26.14,25.51,25.31,25.83,
iter=59: 25.73,37.45,38.27,38.43,38.84,37.6,37.92,38.52,38.17,37.92,39.09,38.27,
after-iter:38.24,38.68,26.56,25.83,25.73,25.42,26.23,25.73,25.52,25.82,25.42,26.36,25,26.03,26.34,26.23,25.42,
before-iter:25.93,30.54,29.71,25.1,26.03,25.93,25,26.25,25.62,25.21,25.73,26.45,25.31,25.51,25.73,25,26.12,
iter=60: 25.52,28.69,37.19,38.66,39.67,37.92,38.02,38.59,37.66,38.59,37.76,38.43,38.27,
after-iter:38.08,38.78,25.1,26.12,25.73,26.23,25.52,25.93,25.42,25.31,25.83,25.42,25.62,25.42,25.51,25.93,26.86,
before-iter:26.45,32.22,26.03,25.62,25.94,25.31,25.83,26.12,26.03,26.56,26.83,25.21,25.21,25.83,31.65,25.1,28.98,
iter=61: 29.11,36.82,41.32,38.75,38.17,37.86,38.08,38.27,37.66,41.56,38.93,38.17,37.76,
after-iter:38.68,34.85,26.34,25.31,25.31,25.62,25.31,25.73,26.53,26.78,26.36,26.56,25.73,25.62,25.51,25.21,26.45,
before-iter:26.14,33.19,26.03,25.93,25.31,26.14,26.23,26.36,25.62,25.93,25.31,25.51,25.83,26.03,25.62,26.45,25.73,
iter=62: 25.31,32.22,39,37.5,39.67,38.43,38.91,38.43,37.96,38.24,37.86,38.68,
after-iter:38.17,37.6,32.08,26.23,26.14,24.79,26.14,25.31,25.62,25.62,25.83,25.82,25.1,26.34,26.03,24.48,26.25,25.73,
before-iter:25.73,32.92,25.62,25.1,26.12,26.03,26.14,25.31,25.73,26.14,25.42,26.45,27.08,25.62,25.41,25.83,25.42,
iter=63: 25.93,34.3,38.33,37.34,38.43,37.92,38.43,38.59,37.92,38.52,37.5,37.92,
after-iter:38.93,37.5,30.71,25.52,25.82,25.73,26.34,25,25.73,26.45,25.21,26.03,25.31,26.03,26.34,25.21,25.42,25.83,
before-iter:26.14,32.92,25.42,25.51,26.75,25.62,25.1,26.53,26.75,25.1,25.73,25.31,27.05,25.62,25.73,26.14,26.03,
iter=64: 25.73,37.19,37.92,38.17,38.37,38.17,38.02,38.27,38.33,38.68,37.66,38.62,
after-iter:38.33,39.75,26.75,26.14,25.62,25.73,26.14,25.73,25.21,25.93,25.31,25.63,25.93,25.21,25.73,26.67,25.21,
before-iter:25.73,31.56,27.31,25.51,26.14,25.52,26.42,25.82,25.21,25.51,26.34,26.45,26.45,25.62,25.41,26.25,26.34,
iter=65: 25.42,28.75,37.76,38.02,38.24,38.93,37.34,39.42,37.76,38.17,38.52,38.33,38.59,
after-iter:37.86,38.52,24.48,25.73,25.42,25.83,26.12,26.25,25.73,25.1,26.03,25.62,25.83,25.71,25.21,25.83,25.42,
before-iter:25.93,33.61,26.03,26.03,25.62,25.42,26.86,25.93,25.42,25.73,26.23,26.58,25.62,25.73,26.23,24.9,24.9,
iter=66: 27.62,31.8,37.34,39,37.92,38.68,38.24,37.96,38.43,38.02,38.17,37.6,
after-iter:38.43,38.91,33.06,26.36,25.51,27.05,25.21,26.45,26.25,25.51,25.31,25.51,26.14,25.31,26.03,26.03,25.52,26.23,
before-iter:25.83,31.65,25.62,26.02,26.14,25.31,26.45,25.93,26.45,26.34,25.31,25.73,25.62,26.14,25,26.03,26.03,
iter=67: 25.21,35,38.21,38.59,38.59,39.17,38.68,37.66,38.06,37.92,38.17,38.43,
after-iter:38.33,38.43,29.34,25.73,25.73,25.21,25.31,28.4,26.14,25.83,25.62,26.23,25.31,26.03,25.31,25.31,25.83,
before-iter:25.83,28.4,31.69,25.42,25.31,26.14,25.73,24.9,25.82,25.73,25.93,25.42,25.31,25.62,25.93,26.23,25.73,25.83,
iter=68: 25.83,36.99,38.33,38.27,38.27,38.33,38.75,39.59,37.92,39.09,38.02,39.17,
after-iter:38.33,38.84,26.56,25.83,25.62,25.73,30.04,29.51,28.63,27.57,26.03,30.58,26.45,26.03,25.21,25.73,26.75,
before-iter:26.12,29.66,27.8,25.93,24.9,25.73,26.03,25,26.23,27.16,25.73,25.62,25.31,25.51,25.1,26.64,25.51,
iter=69: 25.1,29.75,38.78,37.82,38.68,39.26,39.18,38.17,38.17,39.34,37.39,38.17,38.75,
after-iter:38.17,35.66,25.62,26.45,25,25.71,25.83,25.62,26.14,26.23,26.03,25.41,26.03,25.52,25.42,31.8,29.86,
before-iter:30.94,37.76,25.42,25.93,26.03,25.51,25.94,25.51,25.1,26.03,24.9,26.25,25.62,25.82,25.83,26.23,25.51,
iter=70: 26.86,32.23,37.66,37.76,38.75,38.37,37.5,37.97,38.78,38.33,38.08,38.43,39.42,
after-iter:38.33,34.16,26.45,25.62,25.42,26.14,24.9,25.42,26.03,26.78,26.03,25.94,26.67,25.31,26.75,25.94,26.03,
before-iter:25.42,33.61,25.42,25.31,25.31,25.93,25.73,25.42,26.03,25.73,25.62,26.03,25.73,25.73,25.63,25.82,25.42,
iter=71: 26.03,33.76,38.11,39.42,38.59,37.76,37.6,38.68,37.76,38.17,38.33,38.52,
after-iter:38.08,38.93,30.71,25.83,25.21,27.05,25.73,25.73,25.31,25.62,26.14,26.23,25.83,24.9,25.21,26.14,25.31,25.31,
before-iter:26.78,33.33,25.42,26.03,26.23,25.1,26.03,25.31,26.53,25.1,25.93,26.56,25.31,26.97,26.36,25.21,25.73,
iter=72: 25.52,35.12,37.92,38.11,38.02,37.6,38.49,38.43,38.27,39.26,38.08,38.02,
after-iter:37.7,38.66,28.4,25.1,25.93,26.86,25.42,26.03,25.73,25.21,25.83,25.51,25.42,25.62,25.42,25.94,25.31,
before-iter:26.64,28.57,29.46,25.31,26.12,25.1,26.03,26.67,25.73,26.23,25.51,25.73,26.03,25.42,26.45,25.21,25.42,
iter=73: 25.93,28.22,36.21,38.49,38.84,37.24,39.09,37.92,37.76,38.11,37.92,38.84,38.17,
after-iter:38.84,39.59,25.42,26.45,25.31,26.34,25,25.83,27.46,25.42,25.62,25.83,25.1,25,25.93,25,26.03,
before-iter:26.67,30.71,32.78,31.8,32.91,24.79,26.34,25.62,25.51,25.83,25.1,26.03,25.31,26.45,25.52,25.31,26.23,
iter=74: 25.52,28.1,37.86,37.76,38.02,38.33,37.92,38.43,38.27,38.33,38.68,39.26,38.02,
after-iter:38.49,35.95,25.31,25.93,25.73,24.69,25.62,26.23,25,26.56,25.42,27.05,25.71,25.73,25.32,25.31,25.63,
before-iter:26.64,33.33,25.52,25.62,26.34,26.03,25.62,25.52,26.25,26.03,25.63,26.23,25.93,25.42,26.03,26.03,26.03,
iter=75: 25.42,31.71,38.91,40.41,37.5,38.17,38.08,38.43,37.76,38.43,38.17,37.66,38.27,
after-iter:38.43,33.33,26.97,25.42,25.62,25.31,25.52,25.42,25.41,26.03,25.31,26.14,25.62,26.56,25.21,26.45,26.03,
before-iter:26.03,34.3,25.73,25.52,26.23,25.83,25.93,25.42,25.62,25.31,25.82,26.47,26.14,25.93,25.1,25.83,25.83,
iter=76: 25.51,32.77,38.27,37.66,38.52,37.92,38.27,38.59,38.17,39.42,38.27,38.27,
after-iter:37.92,38.84,30.71,25.94,25.62,25.52,26.23,25.21,25.62,26.64,25.42,26.03,25.42,25.31,25.93,25.52,25.83,26.64,
before-iter:26.34,32.92,26.64,25.42,25.1,26.34,25.73,25.51,25.94,25.93,25.31,25.62,25.42,25.21,25.62,25.73,25.31,
iter=77: 26.86,36.1,37.6,39.26,37.92,37.6,37.92,38.02,37.92,37.76,39.09,38.17,
after-iter:37.5,39.67,29.29,25.41,25.42,25.62,25.42,26.12,25.73,26.03,25,26.12,25.83,25.62,25.31,25.73,25.73,
before-iter:25.62,30.04,32.24,25.21,26.56,24.69,25.73,25.73,25.83,25.31,25.51,26.56,25.73,25.62,27.5,26.97,24.69,26.14,
iter=78: 26.97,35.8,38.33,38.93,37.86,38.02,39.67,38.96,38.33,38.17,38.27,37.6,
after-iter:38.59,38.33,26.56,25.73,26.03,25.62,25.62,25.94,25.73,25.51,26.14,26.42,25.31,24.9,25.83,26.45,25.21,
before-iter:26.14,30.29,28.63,26.34,25.62,25.94,25.21,25.93,25.42,26.03,26.03,25.1,25.82,25.73,25.31,26.02,25.73,
iter=79: 26.34,29.88,38.27,37.92,38.91,37.7,38.59,38.27,37.5,38.62,37.92,38.02,38.02,
after-iter:39.67,36.21,25.73,25.73,25.42,25.82,25.51,25.93,25.31,25.1,25.93,25,26.03,26.36,26.34,25.31,25.93,
before-iter:25.21,34.69,25.31,26.45,24.89,25.62,25.42,26.14,25.93,26.45,25.42,26.03,25,25.31,25.73,25.62,26.23,
iter=80: 25.42,30.54,37.34,37.6,38.11,38.49,38.75,38.27,37.92,38.02,38.17,37.76,39.09,
after-iter:38.17,34.44,26.12,25.83,25.31,25.21,26.56,25.51,25.51,25.52,26.03,25.31,26.23,26.14,25.2,25.42,25.94,
before-iter:26.03,32.37,27.76,25.62,25.1,26.45,25.62,25.73,25.31,26.75,26.34,25.21,25.83,26.34,25,26.45,25.42,
iter=81: 25.62,32.64,38.08,38.37,38.17,41.7,39.83,41.49,38.27,41.87,41.35,39.09,
after-iter:38.59,38.37,30.38,26.34,25.73,24.9,26.34,26.03,25.42,25.82,25.52,24.69,25.51,26.14,25.73,25.62,25.62,26.23,
before-iter:25.94,33.61,24.79,26.23,25.62,25.42,25.62,25.62,25.94,25.73,25.93,25.62,25.42,26.75,25.93,26.23,25.83,
iter=82: 25.41,36.78,37.92,37.66,39.26,38.43,38.27,44.44,42.15,46.86,39.17,38.49,
after-iter:38.43,38.59,28.93,27.64,25.1,26.14,26.34,25.51,26.03,25.73,25,25.31,25.93,25.31,25.31,26.14,25.42,
before-iter:25.73,27.69,30.25,25.73,27.05,26.03,25.93,25.31,25,26.42,25.62,25.42,25.73,26.03,25,26.53,26.86,
iter=83: 25.73,27.16,35.42,37.76,39.09,37.76,38.11,38.43,38.27,38.08,38.02,38.93,38.17,
after-iter:38.59,39.58,27.57,26.67,26.14,25.73,25.93,25.52,25.83,26.03,25.83,26.56,25.83,25.93,25.31,26.25,25.73,
before-iter:25.82,30,30.45,25.21,26.45,25.52,26.64,26.03,26.36,25.31,25.31,26.56,26.94,25.62,25.52,25.42,25,26.34,
iter=84: 27,38.33,37.92,39.08,38.17,38.27,38.43,38.08,38.27,38.33,38.84,38.75,
after-iter:37.76,38.14,27.16,24.9,26.86,25.73,26.56,26.14,26.23,25.31,25.83,25.31,26.14,25.73,26.03,25.1,26.34,
before-iter:25.51,29.79,27.98,26.12,25.62,25.83,25.73,26.14,26.34,25.31,25.73,25.62,25.31,26.25,25.93,25.52,25.62,
iter=85: 25.42,29.58,36.4,38.84,39.17,38.17,38.17,38.43,38.02,38.91,39.75,39.26,37.82,
after-iter:38.59,34.84,25.73,26.03,25.52,25.62,26.34,25.52,25.31,25.93,26.36,25.82,25.52,26.64,25.51,25.62,26.03,
before-iter:25.83,33.88,25.1,24.9,25.52,26.53,25.94,25.94,25.62,26.75,25.73,24.9,25.73,25.94,25.62,25.83,25.21,
iter=86: 25.42,31.67,39.26,38.43,38.43,38.24,38.02,38.59,38.84,38.27,38.75,37.86,37.92,
after-iter:38.68,32.08,27.08,25.93,26.14,25.93,25.73,25.42,25.62,25.42,26.03,25.21,25.93,25.83,25,25.93,26.34,
before-iter:27.2,35.54,25.62,26.14,25.21,25.51,25.52,25.51,26.14,25.42,25.31,25.31,26.86,25.42,26.56,26.64,25.42,
iter=87: 25.93,33.19,37.76,38.59,36.93,38.93,38.33,37.6,39.26,38.43,38.33,38.43,
after-iter:39.09,37.92,30.45,25.42,25.73,25.62,25.52,26.03,25.31,26.34,26.53,25.1,26.45,25.42,26.14,25.62,25.42,26.23,
before-iter:26.97,31.95,26.03,25,26.14,26.14,24.79,26.05,25.82,25.21,25.82,25.73,25.83,24.79,26.03,26.34,25,
iter=88: 25.51,36.51,38.59,37.76,38.84,37.6,38.68,38.84,37.66,38.75,37.34,38.62,
after-iter:38.75,38.17,30.71,25.82,25.52,26.34,26.03,25.42,25.1,25.31,25.42,25.31,25.63,26.23,25,25.94,25.42,
before-iter:26.23,27.16,31.09,25.82,25.73,25.93,26.03,25,25.1,25.31,26.12,26.36,25.73,25.93,25.1,25.42,25.62,25.62,
iter=89: 25.83,37.5,37.76,38.27,38.17,38.27,37.86,38.75,38.43,38.43,37.92,39,
after-iter:37.76,39.17,25.83,26.23,25.52,26.12,25.62,25.73,27.35,24.69,25.83,25.31,26.25,25,26.45,25.62,25.41,
before-iter:25.31,31.67,28.16,25.73,26.05,26.75,25.1,26.23,25.42,25.73,25.82,26.14,25.42,25,26.83,25.83,25.31,
iter=90: 26.14,30.45,37.34,37.92,37.76,38.02,37.24,39.26,38.17,37.34,38.93,38.08,38.27,
after-iter:38.68,36.78,25.42,26.34,25.42,26.45,25.21,26.64,24.79,25.31,25.83,26.64,25.31,25.41,25.42,25.93,25.1,
before-iter:25.93,33.33,25.93,25.51,27.35,27.16,28.86,28.09,28.77,30.91,26.56,26.03,25.21,25.31,26.45,25.42,25.31,
iter=91: 26.03,31.82,37.76,37.92,38.84,37.76,38.93,37.76,38.84,38.27,38.43,38.84,37.7,
after-iter:38.52,32.5,25,25.93,25.42,25.62,26.56,25.94,26.64,26.14,25.42,26.64,25.21,25.52,26.23,24.9,25.83,
before-iter:27.76,32.77,26.34,25.74,26.12,26.14,25.31,26.25,25.31,25.42,26.64,24.79,25.73,25.83,25.93,25.21,25.83,
iter=92: 26.45,34.73,38.43,38.17,39.18,38.17,38.33,38.27,38.37,38.59,38.59,38.11,
after-iter:38.59,37.5,30.13,26.94,25.21,25.73,25,25.42,26.23,25,25.73,26.75,25.1,27.16,26.86,26.03,25.62,
before-iter:25.62,27.27,30.83,26.34,25.41,25.21,26.14,25.62,25.93,25.93,25.31,25.93,25.31,25.73,25.31,25.21,26.03,25.21,
iter=93: 25.83,35.68,38.17,38.43,37.92,38.59,38.27,38.43,38.33,38.17,38.52,37.39,
after-iter:39.02,38.49,28.22,26.03,24.9,25.42,26.34,25.31,25.83,25.93,26.03,25.1,26.34,25.51,26.25,25.62,25.1,
before-iter:25.93,28.93,30.67,26.03,25.62,25.41,26.03,24.9,26.03,29.88,28.15,30.04,26.89,26.34,30.71,26.75,26.97,
iter=94: 24.79,27.5,36.93,37.92,38.43,38.02,38.84,38.17,38.52,38.02,38.08,38.93,37.76,
after-iter:38.27,38.49,26.25,25.21,26.45,25.73,25.1,25.91,25.83,25.42,26.23,25.51,26.14,26.03,25.42,25.93,25.62,
before-iter:26.25,32.23,26.97,25.62,25.62,25.31,25.73,26.23,26.83,25.52,25.82,26.45,25.62,30.13,32.23,30.93,26.03,
iter=95: 25.73,31.02,36.13,38.17,38.84,37.76,37.76,40,38.02,38.11,38.33,37.39,38.68,
after-iter:38.17,32.51,25.93,25.62,25.94,26.34,26.45,25.73,25.63,25.51,24.9,26.34,25.31,25.62,26.03,25.31,26.14,
before-iter:26.45,33.06,26.25,25.52,25.82,25.52,25.82,25.62,25.73,25,26.03,25.31,25.62,25.83,26.14,25.62,25.31,
iter=96: 26.45,36.21,38.11,37.92,39.26,37.86,38.33,38.43,37.6,37.6,38.82,38.52,
after-iter:37.5,39.09,29.34,24.9,26.75,25.31,25,26.94,25.93,25.42,25.21,26.75,25.52,25.82,25.63,26.45,25.62,
before-iter:25.82,28.15,30.17,25,26.53,26.53,25.31,26.25,25.42,26.03,26.03,25.42,25.31,25.73,26.23,25.82,25.1,
iter=97: 25.93,27.57,36.55,39.92,38.18,38.02,37.92,39.02,37.76,37.5,39.26,38.08,38.33,
after-iter:38.08,34.55,25.42,26.14,25.63,24.79,25.93,25.42,26.03,25.21,25.62,25.62,26.03,25.52,25.93,25.1,25.51,
before-iter:26.47,33.74,25.42,25.73,25.51,25.93,25.73,26.03,26,26.34,26.34,25.93,25.1,26.03,25.42,25.62,25.42,
iter=98: 26.94,31.51,37.5,39,37.76,37.86,39.17,38.02,38.02,39.09,38.33,37.6,38.43,
after-iter:39.09,34.3,25.73,26.45,25.31,25.42,26.34,25.51,25.42,25.21,25.21,25.1,25.73,26.34,24.9,25.21,25.63,
before-iter:26.34,33.06,25.21,25.62,25.42,25.83,26.56,25.51,25.31,26.75,25.42,25.21,26.03,25.83,25.62,25.73,25.31,
iter=99: 25.93,33.05,39.51,39.17,39.42,39.09,38.49,37.76,38.37,38.66,38.21,38.59,
after-iter:37.71,38.17,30.29,25.52,26.12,25.62,25.83,25.42,25.73,25.93,26.14,25.73,25.82,25.62,25.73,24.9,26.56,25.62,