before-iter:60.66,54.33,54.47,52.46,54.03,58.68,
iter=0: 59.02,87.8,91.87,89.52,94.12,83.2,83.46,85.48,81.82,82.79,81.82,82.64,82.79,89.52,84.68,81.6,81.82,81.6,76.86,73.17,84.55,78.33,73.77,77.05,82.4,74.19,77.05,81.45,72.8,74.59,81.67,83.47,76.8,79.67,81.15,83.61,86.99,83.47,86.07,74.4,79.17,76.38,
after-iter:83.87,91.67,66.67,59.2,58.06,61.6,68.85,
before-iter:58.2,73.77,78.05,56.1,59.02,60.66,54.4,55.37,
iter=1: 54.03,76.86,85.37,86.99,88.33,78.51,78.05,80.8,75.41,80.99,79.84,94.21,82.54,78.99,80.17,82.11,82.79,81.45,85.95,82.5,75.2,81.3,77.6,76.23,81.15,83.87,78.23,80.17,73.77,77.78,72.95,80.33,73.98,75.61,78.86,72.58,76.86,76.47,82.93,82.26,81.3,
after-iter:81.97,91.13,80.33,65.57,56.3,55.56,63.11,54.1,
before-iter:54.84,74.17,52.85,58.68,52.89,58.33,54.84,
iter=2: 53.6,67.74,85.12,89.17,92.68,96.67,88.8,78.05,85.48,85,84.13,82.64,84,82.4,81.3,81.97,75.41,81.15,87.5,80.49,80.83,79.51,82.64,72.95,80.49,77.24,78.05,85.12,91.8,81.45,75.21,82.11,76.23,77.24,79.67,80.65,85.6,79.51,74.8,82.11,72.13,75.41,75.61,
after-iter:80.65,90.24,55.28,64.52,58.4,61.79,57.72,
before-iter:67.2,82.5,68.8,58.2,61.6,53.33,65.08,64.52,
iter=3: 54.17,79.03,84.25,88.24,92.68,78.69,79.84,80.8,82.91,80,80.65,82.5,88.62,88.98,88.71,83.47,83.33,81.97,82.26,81.82,80.99,85.12,82.4,81.97,80.83,81.45,90.48,76.86,71.2,74.59,79.17,80.95,82.79,78.33,79.03,83.87,82.11,86.55,84.55,82.79,82.79,82.64,
after-iter:82.26,96.72,78.05,80.8,69.11,67.48,69.35,
before-iter:63.64,67.74,73.6,66.94,67.21,67.21,66.94,68.6,
iter=4: 69.35,87.6,83.87,98.33,90.83,88.71,86.99,85.25,86.29,84.55,82.26,84.17,83.74,82.26,82.64,82.79,79.17,82.54,80.17,94.21,84.8,80.83,80.33,83.06,82.93,81.82,83.33,94.12,82.79,84.55,82.93,82.11,81.3,83.19,85.37,83.33,82.64,86.89,81.15,81.3,81.6,78.51,78.33,
after-iter:78.86,89.92,81.15,66.4,65.32,69.6,69.67,79.67,
before-iter:67.77,81.1,69.42,67.21,68.29,70.4,66.12,
iter=5: 66.67,73.77,83.47,88.62,89.34,83.2,84.17,84.68,82.79,81.97,89.6,85,81.3,80.16,81.6,84.3,81.97,82.64,82.64,80,82.79,82.4,82.11,81.3,80.65,80.99,87.7,80.49,83.06,81.97,81.15,79.2,77.69,80.33,79.67,81.3,83.61,84.17,84.55,82.26,81.97,82.64,
after-iter:83.74,94.44,72.58,65.57,68.85,69.67,68.55,
before-iter:62.6,72.44,70.83,58.54,63.41,64.52,65.83,66.94,
iter=6: 69.92,95.04,83.47,90.91,91.8,87.1,85,84.68,88.43,81.82,82.26,84.3,80.33,83.2,78.69,80.33,78.86,81.97,88.89,82.35,80.33,81.3,81.82,83.47,81.82,85.25,83.87,89.92,86.29,81.82,84.68,83.06,81.82,81.82,82.64,92.8,80.49,81.82,83.87,81.97,82.93,83.47,82.64,
after-iter:81.45,91.8,69.84,68.29,70.25,70.73,68.03,
before-iter:78.23,74.19,80,66.39,67.2,65.85,60.98,66.12,
iter=7: 68.03,79.03,84.43,90.08,85.71,83.33,88.43,81.82,80.65,81.15,92.68,87.1,84.8,79.84,80.99,82.64,82.4,83.61,83.74,81.3,83.61,81.45,81.3,82.93,83.47,81.3,88.33,80,83.61,82.11,80.65,80.65,85.48,81.97,82.26,81.15,82.93,83.61,82.93,82.5,82.26,
after-iter:81.82,90.98,81.67,73.98,69.11,67.48,66.94,68.29,
before-iter:69.17,79.84,65.6,64.52,65.85,66.94,65.85,
iter=8: 71.43,85.12,85.37,87.7,90.24,93.39,86.18,83.47,85.6,85.37,83.87,84.87,83.74,81.6,85,84.13,81.15,80.17,80.49,89.17,81.75,81.82,82.79,82.64,81.75,85.83,82.4,82.93,95.87,83.74,83.74,84.43,82.26,81.97,82.79,83.87,94.35,81.15,85.48,80.83,83.74,81.45,81.45,
after-iter:81.15,90.24,70.16,68.33,67.5,67.2,68.33,
before-iter:78.51,73.33,83.06,71.43,66.12,65.29,66.94,68.25,
iter=9: 68.33,76.8,85.83,88.52,90.83,84,85.25,83.47,81.82,84.17,83.87,90.16,80.95,84.55,82.93,81.82,81.45,88.71,82.26,83.87,83.19,82.93,85,81.97,82.26,82.11,90.08,82.54,80.33,85.37,81.67,82.11,80.99,80.65,81.45,82.5,81.25,83.33,82.64,82.79,82.11,86.78,
after-iter:82.54,90,79.84,70.49,67.21,67.48,67.77,66.4,
before-iter:65.57,81.89,64.75,64.75,65.85,64.8,66.67,
iter=10: 68.03,89.34,86.89,85.25,91.74,94.21,84.92,85.25,90.91,95.08,100,100,99.17,94.31,89.92,92.62,87.5,88.62,90.83,83.05,88,67.77,69.17,71.9,71.67,70.73,66.67,75,68.91,82.11,75.63,70.83,75,76.67,74.8,62.6,67.5,62.81,64.17,61.48,58.68,
after-iter:66.39,81.82,42.74,48.33,51.24,51.22,46.22,
before-iter:50.41,55.37,64.46,49.59,50.82,62.1,48.36,47.93,
iter=11: 47.11,65.57,75.21,81.97,68.03,70.83,66.67,68.6,65.87,73.95,65.85,64.71,67.21,58.68,59.17,65.04,66.12,64.46,67.21,64.52,66.39,60.83,55.28,65.85,61.16,68.03,67.48,67.77,78.23,76.67,83.47,72.36,
after-iter:74.17,77.6,56.1,50.42,57.02,75.61,75.83,69.17,
before-iter:81.51,82.93,76.86,74.59,64.17,66.12,58.68,
iter=12: 60.66,75,81.45,92.37,90.16,80.17,85.25,80.67,88.43,83.61,75.81,75,76.03,76.86,82.79,76.67,74.8,81.51,80.99,84.55,81.67,82.79,91.53,88.62,82.79,82.5,81.15,77.87,82.64,76.86,73.17,78.69,90.98,89.6,81.51,79.51,83.05,81.3,91.8,79.67,82.79,75.61,
after-iter:75.21,84.55,79.67,60,55.28,53.78,55.74,52.1,
before-iter:54.92,75.41,57.85,56.91,54.92,60.33,63.03,
iter=13: 54.84,64.23,84.87,78.05,91.6,92.62,87.5,92.68,86.55,85.25,87.8,100,84.55,76.23,76.03,79.51,81.97,74.59,77.5,77.5,81.3,91.74,85.12,80.67,75.81,77.05,79.51,78.99,83.06,82.5,76.03,72.95,72.95,73.11,77.05,75.41,75,73.98,85.48,77.12,71.9,78.23,73.55,
after-iter:83.05,86.18,77.05,61.67,55.37,65.04,59.02,54.92,
before-iter:54.17,77.87,67.5,69.42,63.93,53.28,54.92,58.68,
iter=14: 55.37,78.33,76.42,86.78,89.34,85.95,80,82.93,86.78,77.05,75.41,79.34,83.74,85.48,85.83,83.06,80.83,80.33,75.83,77.42,77.31,71.07,73.98,79.51,75.61,76.27,84.92,86.78,82.11,81.67,82.64,76.42,81.51,82.64,80,82.26,80,81.3,81.67,82.64,81.3,83.9,
after-iter:75.41,90.76,82.11,65.85,66.39,56.1,60,60.66,
before-iter:57.72,71.67,76.86,55.28,64.17,56.56,55.46,60.32,
iter=15: 59.32,73.98,80.99,86.67,92.62,90.83,89.26,81.15,81.45,80.17,78.69,73.11,75.21,82.5,82.79,80.17,82.79,73.77,88.24,84.3,95.12,82.79,81.97,99.17,100,98.35,89.26,83.74,82.64,80.99,81.67,84.55,80.99,76.86,80.99,77.87,81.97,92.62,80.33,78.05,84.3,75.21,81.51,
after-iter:92.68,89.92,85,67.48,59.5,55,55.37,62.5,
before-iter:54.1,71.67,79.17,71.9,62.9,65,53.28,52.1,
iter=16: 60.83,75,74.8,87.6,92.56,86.18,86.67,82.11,88.43,82.79,86.55,88.52,81.15,76.03,73.55,74.59,79.34,78.86,73.11,74.8,80.17,80.33,79.84,77.31,83.61,77.69,83.06,82.64,92.62,86.78,83.74,87.5,82.93,82.5,78.69,82.79,76.67,76.03,78.86,80.17,76.03,73.95,76.03,
after-iter:88.52,85.95,54.55,53.78,53.28,54.47,61.86,
before-iter:53.66,60.33,77.05,54.92,60.17,56.45,55.37,57.85,
iter=17: 55.74,67.77,85.37,88.71,93.33,86.29,81.82,82.35,78.69,83.61,83.33,82.79,82.5,85.12,82.11,83.61,76.67,78.05,94.26,85.12,82.79,74.38,81.3,81.36,81.6,82.64,85.25,81.97,77.05,78.33,71.9,80,77.05,74.17,79.67,81.97,84.68,86.44,86.18,77.87,80.33,81.67,73.77,
after-iter:77.05,90.76,67.77,61.48,69.67,63.33,67.77,
before-iter:65.04,81.97,81.67,60.83,61.98,65.57,61.16,60.17,
iter=18: 65.29,74.17,83.47,83.33,92.8,93.33,83.47,80.83,87.8,85,83.47,83.61,83.47,92.68,77.24,79.66,77.24,75.63,81.1,80,76.23,76.86,82.11,78.33,80,91.67,85.37,82.11,82.64,81.82,77.24,83.05,79.67,76.23,80.17,83.06,76.86,78.99,82.5,77.42,82.35,82.93,89.17,100,
after-iter:100,100,95.08,78.86,69.75,79.17,76.86,77.24,
before-iter:68.6,72.5,83.87,73.55,71.9,73.77,61.34,66.67,
iter=19: 63.71,78.23,79.2,87.5,86.18,83.47,87.6,80.17,75,82.93,83.33,82.26,82.5,83.74,86.67,88.52,85.71,92.68,85.95,86.18,81.51,82.93,80.49,81.51,83.87,91.67,81.15,87.6,99.17,100,99.19,100,100,99.19,100,99.17,99.18,100,99.18,98.35,100,99.17,99.18,98.37,100,97.52,
after-iter:100,98.37,100,80.83,75.61,85.12,95.93,86.67,
before-iter:84.17,92.62,91.8,84.3,84.43,81.82,81.97,83.47,
iter=20: 81.82,96.69,100,97.52,100,100,98.37,100,99.18,100,99.17,100,98.37,98.35,98.36,100,97.58,100,98.35,99.18,100,97.52,98.37,98.33,100,98.36,97.48,98.39,100,98.37,100,97.58,99.17,100,98.36,100,100,100,98.36,100,95.93,100,97.54,99.17,97.5,98.41,98.32,97.54,99.17,100,99.17,99.19,99.18,100,
after-iter:98.35,100,99.17,95.12,82.79,84.3,82.79,84.17,
before-iter:85,94.31,92.68,83.47,84.43,85,83.47,93.33,
iter=21: 81.15,99.16,99.17,99.18,99.17,100,99.17,98.35,100,99.19,98.37,87.18,95.97,100,99.17,100,100,99.18,100,100,100,97.52,98.33,99.19,99.18,98.36,100,97.54,100,99.17,99.18,100,100,98.37,99.17,100,100,100,98.35,99.19,100,97.58,100,99.16,98.37,99.17,95.9,99.17,100,99.17,100,99.17,99.18,
after-iter:99.17,100,86.89,81.45,82.2,83.61,82.79,
before-iter:81.3,87.5,100,82.64,82.64,84.17,85.12,91.06,
iter=22: 82.5,89.17,100,99.18,100,99.18,99.19,99.16,98.36,99.2,100,98.33,100,99.18,99.19,100,100,100,100,100,96.72,100,98.37,99.17,100,99.17,100,100,98.39,100,100,99.19,98.36,99.17,99.18,98.31,100,98.33,100,100,98.37,100,100,100,100,100,99.17,100,98.36,98.37,100,99.17,99.18,
after-iter:98.36,100,95.93,85,85.25,84.03,88.43,99.19,
before-iter:99.16,100,94.31,85.25,92.5,81.82,85.12,84.43,
iter=23: 84.03,99.18,99.17,99.18,97.54,100,100,100,99.17,100,98.39,100,100,99.17,99.18,98.33,100,98.39,99.17,98.37,98.32,100,99.17,99.18,99.19,100,99.17,100,100,97.54,100,99.17,100,100,98.35,99.18,99.18,99.18,99.17,100,99.17,98.36,99.19,98.36,100,100,100,99.19,98.36,99.17,98.35,99.19,99.15,
after-iter:99.19,100,89.43,84.3,83.19,82.26,82.64,82.35,
before-iter:93.5,97.54,88.33,81.82,82.5,83.87,85.12,80.99,
iter=24: 85.83,99.16,99.2,100,100,100,99.19,100,99.17,100,100,99.19,99.18,98.36,99.19,97.54,99.17,98.37,100,99.19,100,100,97.52,100,99.18,100,97.5,99.17,97.54,99.17,98.35,98.39,100,98.36,100,100,100,98.33,100,98.36,96.72,98.37,99.18,97.56,100,100,98.32,99.19,95.87,99.17,98.35,100,
after-iter:96.75,100,94.21,83.74,85,85.37,84.17,91.87,
before-iter:82.64,96,88.89,84.55,81.82,81.51,84.87,80.65,
iter=25: 81.67,99.19,100,99.19,100,99.17,99.19,99.17,100,100,100,98.33,98.35,99.19,98.35,100,100,99.17,99.17,100,100,98.35,100,98.37,99.17,100,98.36,99.18,98.33,100,98.35,100,99.18,98.36,100,99.17,97.54,99.17,98.33,99.19,99.18,99.18,98.35,100,98.35,98.35,100,97.5,98.39,99.18,99.17,98.35,99.19,
after-iter:100,100,87.5,83.61,95.04,83.61,82.64,83.74,
before-iter:81.67,99.19,86.67,85.37,84.17,83.61,81.82,
iter=26: 82.26,86.99,100,100,100,100,99.17,99.17,100,100,99.19,100,100,98.35,98.35,98.37,100,100,97.6,99.17,100,100,100,99.17,98.37,100,99.19,100,99.17,100,99.17,97.56,100,99.17,98.35,99.18,99.17,99.17,100,100,98.37,99.17,98.36,100,99.17,98.39,100,99.17,97.56,100,98.33,99.18,98.33,
after-iter:98.37,100,90.16,85.12,85.83,81.82,78.69,81.97,
before-iter:82.5,99.17,84,80.83,84.03,82.4,81.82,
iter=27: 81.82,91.67,100,99.18,99.18,100,100,97.52,100,99.19,99.19,97.6,100,99.18,97.52,99.16,99.18,99.18,99.19,100,99.17,95.16,100,100,98.35,100,98.37,100,98.36,98.32,100,99.17,97.54,98.33,100,98.36,100,99.17,100,99.17,96.75,100,99.19,96.67,97.52,99.19,99.17,99.17,100,99.18,98.33,100,98.36,
after-iter:100,100,97.54,83.74,84.87,81.97,82.11,81.82,
before-iter:83.47,93.44,91.87,84.62,82.11,92.68,81.82,81.15,
iter=28: 85.48,98.37,100,99.17,100,99.19,100,99.17,100,99.19,100,99.17,100,100,99.17,100,99.18,100,99.15,98.37,100,98.36,100,100,97.52,97.54,100,98.36,99.17,99.17,100,100,98.37,100,98.37,98.33,98.37,98.33,99.19,100,99.19,99.18,100,100,96.72,99.17,99.17,100,98.36,97.54,100,98.33,99.18,
after-iter:98.35,99.18,90.83,85.25,81.45,80,83.47,77.87,
before-iter:82.11,98.36,87.7,82.64,91.74,82.93,83.33,82.5,
iter=29: 87.5,100,99.17,100,100,100,99.17,99.18,98.32,98.37,100,99.18,100,100,100,99.18,98.36,97.54,98.35,97.52,90.08,98.37,99.17,98.37,99.19,98.37,98.33,100,98.41,99.19,100,100,98.39,98.35,99.17,100,100,98.37,100,97.5,95.9,95.87,97.54,100,98.41,100,99.17,97.58,100,99.18,100,99.17,
after-iter:99.18,99.19,97.54,84.43,84.03,82.93,82.79,83.74,
before-iter:84.75,91.74,93.44,91.53,81.3,82.5,82.26,80.83,
iter=30: 82.79,93.44,100,99.19,99.16,100,98.39,100,99.17,100,99.19,99.17,97.56,99.16,98.36,98.33,95.08,100,98.37,100,98.35,100,98.36,99.18,97.52,97.5,99.18,100,99.19,98.33,99.19,99.18,99.19,100,97.52,96.72,100,96.77,98.37,98.32,98.37,97.48,98.37,99.17,100,98.35,99.16,96.69,97.56,98.33,100,96.77,
after-iter:98.35,99.19,87.6,82.79,84.55,82.35,81.97,82.79,
before-iter:82.64,100,86.78,83.33,85.83,100,98.37,
iter=31: 100,91.67,100,99.19,100,98.33,100,99.17,100,98.36,97.52,99.17,98.37,99.17,99.19,98.31,100,98.37,99.17,95.08,95.9,99.17,100,98.36,96.69,100,100,97.54,99.17,99.18,98.32,97.6,98.33,100,99.18,100,97.52,99.19,100,99.17,95.93,99.17,100,100,98.37,100,99.18,97.58,98.32,99.17,99.19,99.17,97.56,
after-iter:99.17,100,95.83,83.47,81.97,85.25,93.33,84.43,
before-iter:81.82,92.56,85.95,83.47,85.61,83.47,80.33,
iter=32: 82.2,88.43,99.18,98.37,100,100,98.37,100,100,100,100,99.19,99.18,99.15,100,98.36,98.36,97.5,100,99.17,100,98.32,99.17,100,100,98.39,100,100,100,98.35,99.18,100,98.4,98.35,100,98.39,96.72,100,100,99.18,100,100,100,99.19,100,100,100,98.33,99.19,99.17,94.21,82.64,93.44,88.24,
after-iter:81.67,90.98,61.16,70.73,76.03,77.5,68.03,
before-iter:66.4,68.91,77.42,63.87,69.11,69.75,71.31,76.23,
iter=33: 67.23,79.03,86.07,80,87.7,88.43,78.15,80.33,85.37,80,78.69,78.23,78.33,77.5,76.23,77.69,88.52,87.5,79.17,77.42,76.67,78.69,87.9,78.33,77.24,79.34,75.21,76.86,77.31,76.23,80.99,80.33,78.15,80,82.11,92.5,78.51,80.17,79.51,86.55,80.99,79.67,80,79.67,
after-iter:82.35,88.52,62.81,60.33,60,58.54,57.14,
before-iter:57.26,69.11,84.17,61.34,67.74,59.35,58.33,58.68,
iter=34: 66.67,80.65,85.12,87.2,90.83,88.24,85.83,84.43,85.25,83.47,82.11,90.08,80.33,79.67,81.67,83.47,79.83,80.33,76.23,81.3,83.61,83.74,79.34,82.79,82.64,82.5,84.17,89.52,79.34,81.15,87.7,83.33,80,79.83,80.49,77.97,77.87,80.99,82.5,82.79,81.97,81.97,
after-iter:81.67,86.99,88.33,77.31,59.5,55.37,67.48,65.57,
before-iter:62.3,73.55,79.84,54.55,53.78,58.68,54.03,68.07,
iter=35: 70.25,72.95,80,89.34,81.51,77.78,88.98,84.3,76.23,75.83,80.17,81.97,77.24,81.97,84.03,77.69,80.65,77.5,83.47,85.12,91.8,75.61,82.5,72.95,81.67,74.8,74.79,79.03,81.3,73.11,77.69,80.49,83.47,83.61,86.18,81.15,85.83,90.24,76.86,73.73,81.82,82.11,
after-iter:76.03,85.25,57.98,53.28,56.91,56.2,54.55,
before-iter:57.72,63.33,81.67,58.33,56.1,53.66,56.67,58.2,
iter=36: 54.1,78.99,79.67,89.34,90.91,81.82,79.84,86.07,85,79.51,83.61,91.87,76.03,79.17,79.51,80.33,79.51,85.83,98.39,99.17,97.54,79.17,76.86,82.5,79.34,82.93,82.79,90.98,77.31,73.77,77.24,72.5,78.05,78.33,73.33,80.99,75.41,77.87,79.34,75.61,73.33,78.51,
after-iter:82.64,91.6,82.79,74.17,58.4,63.56,55.37,66.39,
before-iter:62.18,79.51,68.29,54.24,63.11,57.72,54.03,56.67,
iter=37: 64.17,90.24,84.17,89.17,91.74,84.68,83.33,83.47,82.5,81.97,75.41,79.34,80.17,79.03,81.82,75.63,73.55,82.5,84,75.83,86.89,87.29,76.86,77.24,79.66,80.33,80.49,80.33,81.97,78.33,84.03,81.3,81.15,83.47,85,80.17,85.12,90.08,82.93,83.47,78.33,84.03,82.11,
after-iter:84.55,92.56,71.67,60.5,54.1,64.41,64.52,70.49,
before-iter:61.67,82.11,63.93,53.33,69.67,66.1,57.38,
iter=38: 65.57,64.71,79.84,79.83,90.98,93.44,81.15,78.86,83.33,80.17,82.93,89.08,81.15,82.64,75.61,83.47,73.55,73.55,85.25,83.61,80.33,82.5,80.33,83.61,81.82,92.68,82.5,82.93,81.67,83.74,81.82,84.17,83.19,83.74,76.03,81.51,75.41,78.69,80.65,74.79,75.21,78.69,
after-iter:82.35,90.98,78.69,68.85,57.02,57.02,69.92,53.78,
before-iter:59.35,82.2,57.14,52.54,52.5,52.89,54.1,
iter=39: 55.37,72.36,80.83,81.82,92.56,90.91,78.33,81.15,89.34,80.17,80.49,80.17,83.61,84.03,83.87,79.17,75.83,75.41,84.3,81.97,85.12,86.78,81.97,82.79,83.33,83.47,81.3,82.5,81.15,82.11,76.86,82.93,83.33,82.93,86.07,82.79,92.62,82.64,79.51,81.97,86.78,83.47,77.87,
after-iter:74.59,82.11,80.17,60.83,59.17,51.61,60.83,59.17,
before-iter:68.33,74.59,68.85,57.5,57.85,53.72,65.85,55.74,
iter=40: 55.46,82.93,82.79,87.7,90,84.3,87.39,83.47,80.33,84.17,83.47,91.74,85.95,81.45,80.67,84.68,81.67,83.61,76.86,80.17,88.24,81.6,82.5,84.43,86.67,85.12,80.49,74.38,80.33,74.38,72.13,80.17,80.33,79.34,71.31,72.73,79.51,83.33,80.83,79.51,82.79,81.3,
after-iter:82.11,89.17,94.17,76.42,55,54.92,66.67,62.5,
before-iter:60.66,71.07,79.83,67.5,66.12,68.29,65.57,75.63,
iter=41: 66.94,79.2,85.12,86.78,90.91,91.74,85.12,86.78,88.62,84.87,82.11,81.3,84.17,81.36,81.82,79.67,80.67,79.67,88.33,81.3,82.64,80.17,81.82,85.37,82.93,84.17,84.68,90.91,95,100,99.19,100,81.97,81.82,81.97,96.64,84.3,82.11,83.61,83.47,83.33,81.82,83.47,80.67,82.79,
after-iter:80.49,92.44,75.41,65.6,73.33,73.55,68.85,68.91,
before-iter:69.35,89.34,72.95,69.11,66.67,65.57,67.21,
iter=42: 65.29,79.51,87.6,88.24,91.74,84.43,84.3,83.74,89.34,81.15,83.33,81.97,82.79,86.89,84.3,84.55,81.82,82.79,84.75,84,83.33,84.3,81.97,82.5,81.82,94.26,91.87,82.79,82.2,80,81.51,78.05,81.67,84.3,82.79,80.49,83.47,82.93,83.19,82.4,84.87,96.69,
after-iter:83.61,91.74,70,66.67,66.12,67.21,66.94,
before-iter:65.83,68.07,73.98,65,64.23,62.81,69.67,67.8,
iter=43: 63.71,83.87,84.17,90.4,94.07,86.07,87.6,87.8,85.95,83.19,81.97,84.43,81.45,82.79,80.83,83.74,82.93,89.92,78.69,80.33,81.51,80.8,81.15,80.17,81.82,80.99,79.84,80.67,82.79,83.06,84.87,83.61,83.19,83.47,93.5,83.47,82.5,81.15,82.93,80.67,81.45,80.99,80.99,
after-iter:79.34,90.83,73.77,66.94,69.67,66.39,67.23,
before-iter:64.8,71.43,87.6,64.46,62.81,66.67,71.9,68.85,
iter=44: 67.5,74.59,84.43,86.18,90.91,90.83,81.82,87.7,82.79,88.43,95.97,80.99,82.64,80.83,82.11,81.82,82.11,81.97,84.3,85.12,85,83.33,87.1,90.24,81.82,83.9,82.64,82.26,81.82,82.35,82.4,78.33,80.99,82.5,82.11,80.17,83.19,83.47,84.68,81.82,81.15,85.95,84.3,
after-iter:81.75,90.68,74.38,67.48,68.07,71.67,68.29,66.67,
before-iter:67.77,80.99,65.29,72.95,85.95,79.67,77.05,
iter=45: 73.17,83.19,87.8,84.87,92.68,97.52,96.72,93.44,87.8,89.08,93.28,86.67,88,86.67,84.03,90.32,83.47,79.83,78.86,81.67,83.47,89.26,65.55,65.83,68.25,66.38,68.03,66.67,66.12,65,65,75.41,65.85,64.46,66.67,69.75,65.85,65.57,67.5,
after-iter:71.07,82.79,57.98,50.82,48.33,49.18,48.78,48.36,
before-iter:45.83,79.67,49.59,56.45,49.59,50,48.76,
iter=46: 53.72,55.74,70,80.49,76.03,70,73.77,65.57,63.64,66.39,73.55,69.67,66.67,65.85,67.21,66.12,68.85,63.64,65.83,66.67,64.46,66.13,66.95,67.74,67.21,68.07,68.55,76.67,71.31,67.5,66.94,66.94,
after-iter:66.94,75.41,74.59,53.72,49.19,47.93,48.33,48.74,
before-iter:48,55.08,46.34,55,49.59,47.11,49.6,
iter=47: 39.83,47.97,66.1,78.05,65.29,66.39,62.6,61.86,58.2,59.84,65.32,57.38,57.98,71.07,62.5,67.48,68.29,69.17,68.85,67.23,66.94,67.21,65.29,67.21,66.94,68.03,68.85,70,68.91,77.05,70.59,68.85,70,
after-iter:66.12,76.42,41.32,44.17,42.5,42.98,38.21,
before-iter:29.75,44.26,30.58,41.32,47.11,48.76,28.8,
iter=48: 38.33,39.5,58.54,76.23,61.34,75.21,65.55,71.2,76.03,65.83,75.41,70.49,65.83,62.3,64.23,61.67,61.16,60.48,59.84,63.64,63.87,59.84,62.5,62.9,56.2,53.78,52.42,52.99,52.46,51.64,52.03,51.24,
after-iter:51.2,68.33,32.79,27.05,28.46,27.5,27.87,
before-iter:27.5,48.76,61.16,45.9,27.05,28.1,27.64,
iter=49: 31.67,46.72,57.5,73.17,74.58,59.02,57.85,66.12,55.74,54.92,55.28,55.37,55,56.45,54.92,56.2,53.28,52.54,54.84,62.5,53.23,53.33,53.28,52.5,55.37,55.56,59.02,56.2,56.91,59.17,56.56,57.85,
after-iter:57.02,69.11,43.33,36.07,36.07,37.1,35.59,
before-iter:36.29,55.28,39.5,36.8,35.83,36.07,43.9,
iter=50: 37.82,43.44,65.57,63.33,77.05,80.17,80.17,69.67,66.39,59.02,59.84,62.5,57.98,53.66,59.17,62.18,54.55,57.72,54.1,52.42,61.67,66.12,69.17,64.52,65.29,54.17,59.35,57.63,62.9,59.17,57.85,54.17,
after-iter:53.66,80.8,45.83,30.08,38.02,29.75,47.93,42.86,
before-iter:36.29,61.98,34.45,28.1,34.68,37.19,27.27,
iter=51: 35.25,46.67,69.67,74.59,63.87,66.94,57.5,59.5,70.16,52.94,60.33,52.03,53.33,60.83,61.79,61.29,68.07,64.75,76.86,79.83,82.26,74.38,68.03,71.07,69.11,79.83,59.2,61.67,64.23,80.67,86.89,66.39,56,
after-iter:60.5,80.33,55.83,46.34,35.77,32.79,35.54,44.63,
before-iter:38.84,47.5,32.23,27.27,33.61,27.73,28.1,
iter=52: 31.97,49.18,70.25,76.03,61.98,65.29,65,58.54,53.72,60.66,69.42,64.75,67.21,60.33,60.16,65.29,68.91,61.79,54.55,57.02,66.94,70.16,67.8,69.11,67.77,68.03,79.67,66.12,64.75,61.67,62.9,61.34,
after-iter:56.91,64.46,36.29,27.12,33.61,48.76,37.5,
before-iter:46.22,58.4,39.34,47.46,29.51,26.67,33.61,
iter=53: 27.64,35.29,63.64,76.61,72.95,54.62,63.41,63.11,63.33,54.47,52.5,54.1,56.56,74.8,60.33,53.66,53.33,57.26,61.98,53.72,52.89,52.85,55.83,62.6,76.67,77.5,52.85,52.85,61.16,61.67,52.03,52.46,
after-iter:57.38,71.77,30.25,27.5,33.33,30.58,27.42,
before-iter:26.45,37.19,52.46,28.1,27.27,38.02,39.02,33.87,
iter=54: 39.17,57.38,56.56,81.67,80.33,58.33,56.56,74.59,60.16,54.55,58.68,55.2,55.37,52.5,53.72,63.11,59.35,53.78,58.2,58.68,51.64,52.5,53.33,58.82,53.66,52.07,59.35,51.26,56,56.41,58.87,
after-iter:63.93,81.67,47.58,29.17,29.17,42.02,30.33,28.33,
before-iter:42.28,58.54,28.33,38.84,30,29.17,27.2,
iter=55: 40.68,53.66,64.71,77.24,58.06,61.67,52.42,60.5,52.85,54.92,52.46,59.17,61.67,53.28,66.39,52.94,59.35,55.74,55.83,69.11,55.28,52.5,59.84,60.33,55.28,60.66,63.33,62.3,56.91,59.02,
after-iter:65.29,78.05,55.83,38.33,36.07,37.7,27.5,26.45,
before-iter:33.61,44.8,27.05,26.5,28.8,38.33,57.98,
iter=56: 43.8,45.9,62.81,76.42,58.2,60.98,61.67,63.11,52.89,57.98,55.37,60.48,67.77,68.33,66.39,63.93,66.67,62.6,64.75,61.16,64.75,59.5,65.29,75,70.59,72.13,67.77,66.94,64.23,53.66,61.16,
after-iter:60.16,70.83,40.83,33.88,28.69,33.88,40.16,28.46,
before-iter:38.33,50,27.87,27.42,40.83,42.02,27.87,
iter=57: 27.5,56.2,68.6,80,63.41,77.12,65.85,59.02,61.98,64.71,83.61,73.17,55.74,65.57,60,61.98,60.66,65.04,65.57,67.21,65.83,55.28,59.84,55.37,60,60.83,67.77,67.48,68.07,68.03,60.83,62.5,
after-iter:57.02,71.31,36.67,28.23,27.27,26.89,34.68,26.45,
before-iter:29.75,42.5,35,36.07,27.5,27.05,27.27,
iter=58: 36.59,55.37,56.56,70.83,78.86,61.98,56.67,68.07,60.16,62.5,54.47,65.83,70.59,72.13,59.84,51.67,51.64,52.46,53.28,58.68,54.62,53.66,55.65,56.67,52.46,58.33,51.22,59.35,60.5,56.56,60.16,
after-iter:56.1,57.85,61.98,28.1,28.33,37.7,31.45,28.33,
before-iter:28.69,53.66,41.67,28.46,29.27,28.46,42.74,
iter=59: 38.71,37.7,56.56,68.07,74.17,58.06,56.67,52.46,54.17,59.35,52.54,53.33,52.85,55,57.02,59.84,55.46,59.68,52.85,51.67,52.14,53.23,62.3,54.17,54.03,53.28,59.5,62.81,55.74,
after-iter:62.5,63.11,61.48,47.9,29.27,39.84,30,28.69,