before-iter:100,100,100,97.54,100,100,100,99.17,100,99.19,95.93,92.62,92.5,89.43,93.28,95.04,94.31,91.67,
iter=0: 83.47,93.55,96.72,99.16,96.75,97.5,97.5,95.16,98.28,97.58,97.48,98.33,99.18,100,98.35,100,
after-iter:95.83,98.33,97.6,92.56,89.92,92.62,94.31,86.67,79.34,72.8,86.67,81.15,83.74,86.67,90.98,89.15,89.26,58.68,
before-iter:82.11,99.19,100,100,89.43,39.17,54.17,91.87,100,99.19,79.17,60.83,100,99.17,100,42.5,80.17,99.17,99.19,99.16,
iter=1: 56.56,70.25,71.07,86.29,100,100,76.86,90.08,95.87,100,100,
after-iter:95.9,66.67,87.8,99.15,77.87,68.6,54.92,92.44,44.26,42.28,45.76,46.72,37.5,34.71,63.64,17.65,19.17,
before-iter:25.41,40.8,41.18,43.09,31.15,34.15,80.83,79.83,43.09,87.5,83.47,68.85,57.02,61.67,72.13,56.56,42.5,
iter=2: 26.83,32.5,46.28,38.02,
after-iter:39.17,52.03,22.95,19.33,20.97,14.88,25,13.22,9.92,31.97,12.2,17.5,31.45,34.45,25.4,20,21.49,
before-iter:14.52,29.41,13.82,12.61,80.83,13.01,13.11,20.49,20.17,20.97,61.67,62.6,53.72,31.97,38.66,55.37,74.38,
iter=3: 63.11,42.62,71.31,42.5,47.06,
after-iter:47.58,47.15,33.33,78.13,88.1,40,31.15,68.6,68.33,39.5,49.18,69.42,40,52.03,74.38,36.97,50.41,
before-iter:88.14,81.45,41.18,85,95.9,85.25,39.67,71.19,69.92,48.76,56.3,60.83,65,61.48,67.23,66.39,86.07,
iter=4: 68.03,84.75,88.52,83.61,80.17,80.83,95.04,92.68,
after-iter:87.6,83.33,71.67,67.48,66.12,47.5,61.48,68.85,68.07,63.87,75.2,74.79,50.83,36.29,34.71,34.43,28.33,
before-iter:31.15,35.54,46.72,28.93,31.67,40.98,40.98,30.83,30,31.93,31.15,31.97,26.89,34.15,38.84,42.98,45.83,31.15,
iter=5: 30.58,53.78,56.67,54.1,58.68,
after-iter:61.98,49.17,32.5,30.89,31.67,33.06,42.15,34.96,31.15,56.3,62.6,53.39,38.4,46.67,33.06,32.77,35.77,
before-iter:34.17,55.37,36.59,31.09,44.72,33.33,32.79,34.43,35.29,35.54,33.88,30.83,35.2,38.98,46.72,36.13,52.42,
iter=6: 35,54.92,59.17,57.85,56.56,
after-iter:60.5,70.4,38.02,33.88,51.24,39.84,38.66,41.8,39.67,36.36,38.52,46.67,41.32,45.08,36.97,43.09,37.7,
before-iter:40.5,52.5,49.18,37.5,44.72,39.67,39.34,36.13,46.4,54.17,40.16,34.43,39.34,35.77,54.92,51.67,40.16,44.26,
iter=7: 56.67,72.95,65,71.43,68.91,
after-iter:70.25,68.85,36.07,35.77,41.67,38.33,38.02,41.46,37.5,38.52,41.32,42.28,40.98,40.83,50.85,41.13,36.89,
before-iter:36.89,67.21,49.58,40.16,35.25,36.36,37.19,38.66,40.16,35.83,38.84,39.02,36.36,39.84,46.72,42.5,43.09,35.83,
iter=8: 43.09,64.46,64.23,59.17,
after-iter:58.68,63.64,60.5,38.71,35.25,42.15,39.17,37.19,36.59,34.96,36.44,41.46,50,42.5,40.5,38.52,45.45,35,
before-iter:41.46,61.48,36.36,38.52,37.82,35.25,37.19,50,42.98,39.34,35.83,41.46,40.5,35.83,46.72,42.28,38.52,
iter=9: 38.02,59.5,64.23,59.5,59.84,
after-iter:60,57.02,42.02,36.89,39.34,40.16,40,38.52,39.02,39.17,36.07,39.5,47.58,44.63,38.66,38.21,37.5,
before-iter:63.71,86.89,84.17,44.63,39.34,40.65,36.07,46.72,45.08,39.17,46.34,36.97,35.48,38.84,44.17,46.28,45.9,41.32,
iter=10: 40.98,75,71.67,65.57,66.67,
after-iter:73.39,61.67,41.46,37.19,38.52,35.83,38.52,41.8,37.7,38.33,39.67,34.71,46.72,46.15,40.32,36.97,41.8,
before-iter:39.02,50,47.54,40.83,65.83,94.31,85.25,43.33,38.84,42.5,38.21,36.89,40.5,42.28,39.17,49.59,52.5,
iter=11: 40.16,44.63,77.69,70.83,57.85,60.16,
after-iter:60.66,60.66,38.14,42.4,35.54,44.26,50,38.84,36.89,43.33,38.21,40.16,50,44.54,34.96,44.92,70.97,
before-iter:70.25,65,52.89,59.02,51.67,40.16,50,50.83,60.48,77.87,67.21,65.57,45.9,45.45,50,54.62,56.67,
iter=12: 45.6,57.5,64.75,66.12,83.33,83.47,
after-iter:77.87,74.59,52.85,32.77,6.56,5.88,14.75,10.57,8.2,8.94,6.67,5.79,13.33,7.32,7.38,5.74,13.22,
before-iter:6.45,18.33,48.76,4.96,8.2,2.48,2.5,4.13,5.74,2.5,6.56,4.17,6.4,2.48,3.33,8.87,14.63,
iter=13: 9.84,23.97,26.67,
after-iter:29.51,29.75,17.74,9.92,4.13,3.25,5.69,3.28,9.09,10,5,4.8,2.48,9.84,5,13.93,8.06,
before-iter:6.67,10.66,14.05,5.79,6.5,4.13,0.85,6.5,5.65,5.83,2.5,3.23,14.05,2.48,4.1,3.25,2.48,
iter=14: 4.88,13.11,34.96,28.46,
after-iter:27.5,29.51,4.92,3.31,6.45,1.65,2.54,4.84,4.03,11.76,8.26,21.49,26.67,37.19,43.09,21.01,10.57,
before-iter:16.81,15.7,12.4,6.56,3.31,4.07,2.5,4.1,12.2,15.13,10.48,26.67,30.58,5,18.7,12.2,5.79,
iter=15: 5.04,37.7,59.02,39.67,51.24,
after-iter:36.13,25.2,14.63,5.83,8.94,8.26,10,5.74,6.5,3.33,8.87,3.33,7.44,6.45,3.28,3.33,9.76,
before-iter:33.06,41.67,21.95,16.67,12.9,11.57,10.08,12,15.83,7.32,12.4,6.45,10.17,9.92,9.76,10.57,5.74,
iter=16: 3.31,36.07,30.25,30.83,
after-iter:38.52,32.5,10.83,11.38,30.58,33.06,22.69,27.42,16.95,19.67,54.1,39.17,59.5,37.1,52.54,26.23,4.07,
before-iter:14.75,18.18,4.88,19.35,10.74,10.48,4.13,2.48,4.1,4.17,7.32,4.13,3.28,4.96,12.9,6.61,6.5,
iter=17: 3.28,32.5,28.69,
after-iter:29.27,29.75,15.57,11.76,15.57,4.92,12.4,5.79,5.69,7.38,4.13,8.06,4.2,6.5,5.69,5.79,5.04,
before-iter:5,12.9,8.26,9.76,7.44,12.3,14.75,5,4.07,4.13,13.45,9.6,11.67,9.84,7.56,8.13,8.87,
iter=18: 11.48,21.31,28.93,28.69,
after-iter:26.67,24.59,10.66,4.07,14.88,14.17,11.38,10.83,4.92,4.96,16.13,8.4,13.93,12.2,15.7,5.83,2.48,
before-iter:7.2,17.5,7.5,7.32,7.56,16.26,12.61,15.7,12.1,9.92,8.26,8.33,6.45,3.28,13.11,13.93,6.61,
iter=19: 9.92,30.08,30.25,28.93,
after-iter:34.43,23.77,8.13,13.11,12.61,17.21,28.93,10.17,20.97,10.83,7.5,9.17,12.4,7.5,9.84,5,10.66,
before-iter:14.4,64.71,20.33,25,21.14,21.19,44.72,33.87,37.5,42.28,20.17,10.66,13.82,12.3,4.2,22.95,29.6,
iter=20: 28.81,47.54,49.17,31.15,
after-iter:26.83,25.62,4.03,2.48,4.88,4.07,4.17,4.07,12.4,9.68,7.38,2.52,14.75,3.25,4.1,4.13,3.28,
before-iter:4.1,18.03,4.1,4.88,4.13,4.07,2.46,23.77,17.21,11.67,8.2,12.61,14.17,8.87,7.5,22.5,45.16,
iter=21: 23.97,34.45,34.43,30,
after-iter:33.33,41.46,13.22,19.17,4.96,13.71,6.61,5.74,4.13,15.32,9.02,1.69,6.45,3.25,3.33,5.74,4.03,
before-iter:4.13,18.33,1.64,5.74,3.25,4.13,5,13.82,4.1,2.52,3.28,4.1,17.5,35.48,28.81,19.51,4.96,
iter=22: 13.22,26.67,32.23,30,
after-iter:30.4,20.83,13.33,7.32,5.69,5,1.64,4.1,5.69,3.28,4.17,17.5,6.56,6.61,4.07,3.31,3.28,
before-iter:4.96,24.39,3.31,7.38,4.88,7.5,5.74,4.92,5.83,6.61,28.69,35.25,32.77,28.33,12.3,18.7,7.44,
iter=23: 26.23,57.38,59.5,28.1,
after-iter:27.87,30,31.67,35.48,33.06,13.22,4.96,6.61,4.96,15.45,4.1,4.13,2.5,12.9,4.2,9.76,1.67,
before-iter:4.1,28.1,2.44,5.74,2.48,3.28,4.1,4.07,4.1,7.38,4.07,3.36,4.03,6.67,6.5,2.44,12.5,
iter=24: 6.45,23.73,28.69,27.05,
after-iter:28.93,18.85,14.17,4.07,4.96,5.65,3.31,4.1,5.79,7.38,12.3,5.69,2.48,5,3.28,16.53,13.82,
before-iter:4.13,18.7,4.1,4.13,4.92,3.28,5.74,2.48,5.69,4.1,3.31,5.79,4.13,22.13,5.69,3.28,4.2,
iter=25: 9.02,36.59,37.19,57.98,
after-iter:58.2,55.74,32.23,29.17,33.33,34.71,24.17,3.31,4.96,5.69,9.17,9.02,34.71,29.75,10.74,19.51,19.83,
before-iter:15,25,10.83,10,19.05,9.92,7.38,4.17,4.07,4.13,4.07,4.17,9.09,14.88,3.33,4.1,6.45,
iter=26: 8.2,19.49,40.98,41.67,
after-iter:36.59,31.67,15.2,6.72,11.29,12.1,6.67,7.32,10.74,12.3,8.2,13.01,10,9.68,16.95,8.33,20.83,
before-iter:3.28,26.67,24.39,15.7,7.5,9.02,20.66,45.9,39.84,27.5,40.98,15.7,53.28,34.45,31.97,20.66,24.37,
iter=27: 19.51,37.19,43.9,44.17,
after-iter:56.56,49.17,26.23,19.33,21.67,22.31,31.97,51.67,40.5,20,28.33,23.14,17.5,23.97,21.14,24.59,25.21,
before-iter:20.33,27.5,31.09,23.97,22.13,19.35,20.17,22.69,22.31,17.36,15.83,21.85,20.49,19.17,25,17.8,29.27,24.59,
iter=28: 23.53,40.5,54.17,53.33,
after-iter:50,31.4,34.43,43.8,46.67,36.13,37.7,23.77,25.62,20.17,22.95,26.45,34.17,34.45,36.89,43.2,63.03,
before-iter:84.87,97.52,69.42,70,56.67,75.83,63.11,50.42,54.47,51.22,50.85,51.67,50.41,60.5,66.12,54.17,43.09,46.22,
iter=29: 46.67,74.59,65.32,74.79,69.42,
after-iter:84.55,79.66,74.79,66.67,63.64,77.5,34.71,34.71,37.4,35.54,42.98,32.5,31.97,32.5,31.09,42.5,50.83,
before-iter:52.85,62.81,72.5,37.19,52.5,49.59,44.17,58.2,63.87,75.21,69.67,62.5,49.59,51.24,34.45,29.51,45.16,33.61,
iter=30: 35.48,57.85,55,52.07,
after-iter:32.52,23.77,10,24.59,18.18,7.38,4.96,5.74,7.44,18.33,15.45,21.85,15.7,9.84,33.88,31.97,39.17,
before-iter:36.36,46.72,9.17,12.1,13.01,6.78,17.21,15.45,5.88,4.92,19.2,3.39,12.2,10.83,19.17,36.36,15.45,
iter=31: 20,34.17,35.54,35.77,
after-iter:30,27.2,5.04,3.33,12.4,11.48,9.09,28.93,36.36,28.1,41.46,37.7,39.67,55.37,38.84,33.61,16.67,
before-iter:7.44,20.97,7.5,11.38,12.2,11.67,10.57,17.21,14.41,11.48,9.02,25.41,16.67,17.5,9.84,33.61,63.11,
iter=32: 49.17,76.67,62.3,64.46,
after-iter:58.68,53.66,23.33,18.03,22.69,40.65,50.41,33.61,41.8,25.41,11.57,36.44,34.15,10.66,12.1,9.4,9.09,26.02,
before-iter:6.61,19.17,4.92,4.92,9.02,6.67,5.79,9.02,11.48,15.13,25.62,14.05,13.93,3.31,29.75,29.27,28.93,
iter=33: 31.4,41.8,28.1,
after-iter:27.05,32.23,20.16,6.72,4.13,3.31,4.07,4.13,9.24,11.48,12.5,4.88,12.9,15.97,9.84,12.4,14.63,
before-iter:13.22,20.83,12.9,11.67,10.83,9.76,6.61,7.44,4.13,3.28,13.82,14.88,20.33,18.49,9.92,13.22,1.64,
iter=34: 4.1,18.18,33.33,30.58,
after-iter:28.93,31.97,11.76,9.84,9.24,33.6,24.17,23.97,2.5,16.39,19.35,12.71,11.48,4.1,11.48,10.17,6.67,
before-iter:29.75,31.15,30.83,18.85,10.74,10.83,61.86,65.83,60.16,37.19,32.77,22.58,9.09,19.17,14.88,10.57,8.26,
iter=35: 13.22,7.56,45.45,31.4,
after-iter:29.84,31.93,18.11,3.36,13.11,8.4,9.02,10.92,39.84,28.93,21.85,14.4,18.49,14.05,16.39,6.72,10.66,
before-iter:5.74,10.83,17.07,11.86,23.58,27.27,26.23,50,66.13,56.67,28.1,37.19,24.39,28.69,5.79,14.88,33.33,
iter=36: 14.88,26.45,30.25,38.02,
after-iter:32.23,31.71,8.33,4.03,5.83,5.69,5.88,7.38,4.88,5,6.56,6.5,5.79,5.74,12.2,18.55,5.08,
before-iter:23.77,47.5,28.46,11.76,9.84,9.02,8.33,9.02,4.17,4.13,10,19.51,6.84,4.8,8.26,10.66,7.5,14.52,
iter=37: 19.83,32.23,27.64,
after-iter:29.17,32.23,35.77,11.02,16.53,10.74,10.74,8.94,11.76,10.66,8.2,19.67,6.72,10.74,8.87,11.67,12.4,
before-iter:8.2,17.36,18.85,20.66,7.38,9.24,10.48,10,6.45,3.25,8.33,12.3,10.74,10.66,13.11,13.22,4.17,
iter=38: 8.13,19.51,41.67,32.79,
after-iter:41.8,39.17,26.02,26.23,52.1,47.15,35.54,46.67,30.58,12.9,26.89,32.5,21.43,14.41,12.4,8.26,9.02,18.33,
before-iter:31.4,22.95,5,6.5,18.18,20.49,35.83,35.9,23.58,14.17,20.83,6.45,3.39,6.4,3.36,8.94,3.28,
iter=39: 5.74,29.66,27.64,
after-iter:38.02,32,10.74,7.5,27.27,10.66,29.75,29.75,15.7,19.33,19.51,51.61,34.45,34.43,54.17,36.89,3.33,
before-iter:4.13,16,12.61,11.38,12.5,4.88,13.93,3.28,2.48,4.07,4.1,3.28,3.28,3.33,1.67,4,3.33,
iter=40: 13.01,10.57,28.1,26.67,
after-iter:28.33,24.39,14.05,9.68,3.33,4.84,4.17,4.1,3.33,2.52,4.1,4.07,2.52,3.25,3.28,4.13,5.74,
before-iter:3.25,17.21,4.13,2.52,4.88,14.88,8.2,4.17,5.69,2.46,4.13,4.03,2.48,3.25,1.65,4.1,3.28,
iter=41: 4.07,20.34,28.23,27.64,
after-iter:26.05,13.56,7.2,7.44,7.5,4.84,3.33,9.6,5,2.5,3.25,6.67,8.94,5.74,10,6.67,10.92,
before-iter:14.75,22.03,6.3,14.17,7.44,14.52,17.07,20.49,2.5,4.88,10.66,8.33,9.02,25.2,20.49,22.31,10,
iter=42: 9.02,38.52,43.7,37.5,
after-iter:38.84,43.44,12.4,49.58,27.64,36.89,32.5,20.66,6.45,4.07,3.33,14.75,9.32,10.48,25.21,18.33,7.26,
before-iter:5.79,28.93,20.83,26.67,16.53,15.7,16.13,38.52,34.17,41.8,30.58,16.53,4.92,8.2,11.76,8.94,11.67,
iter=43: 9.24,30.89,33.61,31.97,
after-iter:27.5,25,8.2,5.74,4.2,9.02,4.88,19.66,11.2,25,18.18,10.92,19.35,62.18,35,38.21,33.06,
before-iter:27.64,20,8.26,13.33,7.5,9.52,7.5,14.52,2.52,11.57,17.07,12.4,19.01,13.45,17.89,11.67,7.5,
iter=44: 14.05,33.33,35.83,39.02,
after-iter:33.06,27.27,9.09,12.2,9.09,4.96,6.56,19.05,9.24,17.07,21.31,9.09,14.05,8.13,7.5,5.08,13.01,
before-iter:10,25.21,11.29,8.33,13.22,8.13,8.2,18.85,9.92,16.39,6.4,10.74,38.66,32.77,41.13,53.28,22.5,
iter=45: 15.7,30.58,34.17,33.88,
after-iter:36.07,24.59,12.3,11.02,10,14.52,5.79,3.25,15.97,9.02,4.07,14.17,4.92,10.57,6.67,3.28,7.38,
before-iter:5.88,25.41,4.96,10.57,3.28,4.13,6.56,11.57,10.57,7.44,7.44,9.02,16.67,10,26.23,13.11,5.08,
iter=46: 10.4,25,28.1,
after-iter:28.93,30,20.33,6.67,9.02,4.88,5.79,8.26,2.46,3.28,6.4,5.88,13.11,6.4,24.79,17.89,9.09,
before-iter:22.31,16.67,23.58,15.83,22.13,33.88,22.31,20,38.14,40,57.72,80.17,77.97,55.74,45.45,39.34,41.32,41.53,
iter=47: 38.21,55.46,43.44,50,
after-iter:47.54,36.07,8.33,14.17,5.88,17.21,9.84,36.89,56.56,64.1,70.97,80.17,89.26,100,56.67,52.07,61.67,
before-iter:64.71,66.13,89.26,72.5,90.91,66.39,50,72.73,82.79,76.23,79.34,65,80.49,80.83,76.03,82.79,79.83,
iter=48: 43.44,63.87,89.26,90.16,82.11,93.39,82.64,
after-iter:84.87,75.21,85,55.74,48.33,34.96,36.89,33.33,31.15,31.71,27.5,20.97,16.1,17.07,26.23,17.21,20.49,27.05,
before-iter:15.45,34.45,16.8,16.53,19.01,21.31,17.74,14.17,15.7,16.39,15.7,15.57,26.02,15.7,21.77,30.58,20.66,
iter=49: 20.33,40.5,59.84,39.67,
after-iter:45.6,40.34,29.17,19.67,27.05,21.49,21.14,19.51,16.53,21.49,16.26,28.1,34.45,20.16,22.5,31.4,22.76,
before-iter:23.53,31.97,30.58,22.95,19.01,27.27,22.13,30.33,21.95,18.18,31.15,35.83,24.19,23.14,27.05,35.48,19.33,
iter=50: 31.97,33.33,47.54,42.98,
after-iter:38.52,37.82,35.77,23.14,23.53,24.59,27.05,15.7,27.42,22.5,26.67,25.6,21.01,28.69,15,21.49,32.23,26.61,
before-iter:39.17,51.64,20.33,21.01,26.23,18.33,22.76,23.97,24.59,30,26.45,26.23,20.17,25,31.09,21.95,17.5,
iter=51: 24.17,47.11,46.28,44.35,
after-iter:47.9,45.45,24.79,22.31,22.95,19.51,25.62,26.67,22.5,24.79,32.52,23.53,20.66,31.45,17.36,26.45,19.83,
before-iter:28.93,38.21,30.51,24.59,29.51,23.77,19.17,21.31,24.59,26.45,24.79,19.01,26.67,25,18.49,18.18,36.07,
iter=52: 26.45,27.27,50.41,58.33,64.23,
after-iter:47.54,40.34,19.83,27.05,25.83,37.4,23.33,56.1,35.83,27.27,31.4,38.02,29.03,78.99,61.16,56.2,41.46,
before-iter:22.13,48.33,77.87,28.1,13.01,12.2,8.33,13.93,13.82,14.88,16.39,14.05,9.02,15.45,14.75,23.93,15.45,
iter=53: 15,30.89,41.46,30.83,
after-iter:42.15,47.58,17.07,22.5,9.92,12,28.21,26.45,30.33,46.34,52.5,75.57,75.21,77.69,70.49,73.95,71.77,
before-iter:57.85,43.8,50.41,25,21.31,7.5,14.52,5.08,9.68,14.88,14.05,11.67,13.11,11.67,9.17,13.93,8.2,
iter=54: 5.83,19.01,33.88,30.33,
after-iter:33.06,32.79,29.17,12.9,23.97,23.73,24.39,18.33,28.93,40.5,37.19,38.21,40.5,29.84,7.5,4.24,38.71,
before-iter:36.89,40,47.11,40.16,33.88,49.18,40.5,32.23,20.97,8.33,12.9,26.89,28.46,15.57,6.67,9.68,10.74,
iter=55: 7.56,9.02,30.58,29.51,
after-iter:27.05,31.4,9.84,7.44,15.7,9.24,6.5,6.56,5.93,5.74,7.32,7.5,6.61,5.83,8.2,7.26,5.88,
before-iter:17.74,14.17,13.22,6.61,5.93,9.84,8,16.67,16.13,8.33,5.79,9.02,8.2,8.26,6.61,7.38,8.26,
iter=56: 5.79,14.63,32.23,27.87,
after-iter:29.17,30.58,6.5,5.08,6.5,6.56,15.45,12.5,5.74,5.74,8.06,5.74,4.17,5.83,7.26,9.17,6.5,
before-iter:6.78,30.58,18.7,31.15,15,16.53,12.3,17.36,13.11,46.72,19.01,26.23,27.64,14.17,12.9,13.22,12.3,
iter=57: 20,30.58,31.45,31.93,
after-iter:31.71,30.58,29.17,20.66,12.3,10.08,12.2,22.13,17.36,23.77,11.57,13.22,8.33,10.66,17.36,11.38,5.04,
before-iter:9.02,28.93,14.63,9.92,13.11,12.2,10.17,11.29,6.61,5.79,15.83,14.63,4.24,13.01,7.44,10.08,28.46,
iter=58: 15.57,29.66,36.59,40,86.78,
after-iter:67.5,90.4,71.9,60.17,47.97,34.96,33.33,34.43,36.89,38.98,26.61,8.33,10.66,5.79,9.76,28.33,11.67,
before-iter:28.93,27.05,14.41,14.63,6.67,7.32,5,4.96,5.83,6.5,7.44,9.24,10.66,11.57,30.33,32.77,28.1,
iter=59: 53.28,45.9,45.45,34.43,
after-iter:28.33,30,15.7,8.94,6.72,5,12.3,5,8.2,36.67,18.85,24.59,12.61,11.29,18.03,12.2,7.56,
before-iter:10.66,12.4,22.95,8.26,11.57,11.29,11.48,14.88,12.1,9.92,8.33,10.48,12.3,14.05,17.07,9.92,7.38,
iter=60: 10,14.63,39.34,32.5,
after-iter:31.15,33.61,15.97,10.4,12.5,6.61,14.4,7.56,9.84,10,11.48,8.94,13.33,19.51,19.33,7.32,9.76,
before-iter:7.44,14.05,16.26,8.33,6.72,10.4,5,12.61,8.87,14.29,8.2,7.38,6.67,8.2,6.56,14.88,9.4,
iter=61: 11.2,10.66,35.83,29.03,
after-iter:29.66,30.89,15,4.96,8.4,7.38,11.48,5,9.02,9.17,9.68,5,10.57,11.57,18.49,20.97,21.95,
before-iter:34.75,95.87,69.67,28.93,65.81,21.77,45.08,18.85,27.05,18.03,28.57,15.57,17.89,18.18,14.41,17.74,18.18,27.05,
iter=62: 22.95,45.83,45.83,41.8,
after-iter:39.17,38.84,17.36,16.26,19.35,20,21.67,27.87,23.14,22.95,45.08,25.41,18.18,26.67,26.61,34.17,23.39,
before-iter:16.67,33.87,18.33,20.33,23.14,19.83,25.2,24.17,22.88,18.03,20.49,20.66,19.67,24.19,31.93,22.76,29.27,
iter=63: 19.83,43.09,45.9,47.46,
after-iter:45.6,39.17,27.27,17.65,38.21,25.83,20.49,21.95,23.14,17.5,24.79,18.18,18.85,30.25,14.05,10.57,13.82,
before-iter:15.83,21.14,21.31,9.84,10.66,10,10.48,13.11,9.92,17.89,14.88,13.22,13.01,11.57,16.39,18.7,18.18,
iter=64: 16.13,21.85,42.28,48.76,
after-iter:33.61,37.19,25.83,18.55,14.88,16.26,17.07,14.05,14.17,19.17,19.01,14.63,18.18,18.49,20.97,12.07,23.02,
before-iter:20,17.21,36.67,17.07,30.33,37.19,11.29,8.55,13.11,9.76,10.83,7.56,11.38,19.51,10,9.84,10.66,5.83,
iter=65: 9.09,35.54,30.89,32.5,
after-iter:39.02,36.13,40.83,47.11,30.58,16.39,13.33,42.62,35.25,19.33,9.84,9.76,9.76,16.81,10.08,13.82,15.57,
before-iter:12.3,25.62,9.92,20.33,21.01,17.36,14.88,22.31,19.67,11.86,13.6,13.33,10.08,19.51,13.22,13.93,23.33,
iter=66: 13.82,35.83,38.71,30,
after-iter:33.88,31.97,19.33,22.31,17.5,18.55,13.33,12.3,13.93,12.2,13.33,14.05,17.07,14.17,28.93,13.45,13.93,
before-iter:11.57,30.83,15.45,15.57,16.53,15.83,14.05,13.22,13.93,16.1,13.6,7.5,9.09,9.92,8.2,9.84,7.5,
iter=67: 8.47,27.87,32.8,30.25,
after-iter:33.05,32.26,14.29,14.75,20,21.95,8.33,25.62,15.57,14.63,15.7,16.13,13.45,14.05,23.33,16,16.53,
before-iter:16.53,23.58,14.63,9.02,15.97,14.63,16.95,16.39,13.22,13.22,15.7,20.66,16.26,13.22,26.89,10.57,10.83,
iter=68: 13.01,26.45,34.17,42.74,
after-iter:30.83,30.25,9.84,8.33,16.39,25.83,54.92,19.83,25.42,24.39,14.17,20.97,21.01,16.81,12.3,15.7,15.7,
before-iter:14.63,39.5,20.33,16.67,21.14,18.18,18.18,18.03,22.95,15.45,18.03,14.05,43.9,18.03,22.13,17.21,15.57,
iter=69: 18.18,31.71,67.77,34.43,
after-iter:40.98,46.28,32.77,21.14,13.82,11.57,12.2,15.13,16.53,13.22,23.14,28.33,14.05,19.51,13.01,8.47,11.57,
before-iter:9.09,20.33,19.67,11.48,12.9,16.24,20.16,18.18,15.7,9.92,17.36,14.75,12.4,15.83,12.2,5.83,10.48,
iter=70: 9.09,14.05,35.25,42.15,
after-iter:31.15,32.23,13.71,8.33,8.94,12.5,26.45,10.74,11.57,16.26,12.61,15.57,9.17,13.01,10.66,10.83,8.26,
before-iter:10,17.89,19.83,10.83,10.48,9.17,9.92,13.71,24.79,22.5,16.26,8.47,17.89,13.11,9.17,8.06,9.92,
iter=71: 25.41,28.93,41.53,63.11,66.94,
after-iter:41.8,31.97,9.76,18.85,11.67,14.63,15.97,8.26,17.07,14.88,22.31,12.3,10,18.03,13.01,14.75,17.65,
before-iter:21.14,33.33,12.71,13.93,12.61,9.02,18.18,14.17,14.05,14.17,8.2,15.57,14.75,24.17,14.17,16.13,15,
iter=72: 13.22,31.4,36.07,29.75,
after-iter:31.15,28.93,8.26,9.92,8.06,8.33,8.26,11.38,13.93,14.05,20.49,11.57,31.15,17.07,15.7,21.85,9.02,
before-iter:6.72,26.45,10.66,13.11,12.61,8.26,8.87,7.5,18.85,14.75,11.76,10.57,9.24,16.53,14.75,25.62,20.66,
iter=73: 15,33.06,34.71,32.79,
after-iter:33.61,35.54,17.36,16.39,15.45,10.66,9.92,13.33,14.88,11.38,17.21,15.7,18.03,17.74,22.69,8.47,18.03,
before-iter:13.93,28.33,15,16.26,19.83,11.57,13.11,9.76,7.32,8.26,17.21,9.84,9.09,13.33,14.75,9.92,13.93,
iter=74: 18.03,33.33,34.17,30.89,
after-iter:31.67,29.03,22.5,27.87,14.88,16.81,16.94,14.17,16.94,9.17,11.67,14.88,10.66,13.93,18.18,11.48,18.33,
before-iter:11.76,27.64,11.67,18.33,28,32.5,19.83,20.83,12.71,16.67,11.02,13.82,12.5,9.17,20.33,12.2,13.33,
iter=75: 12.61,28,48.76,42.02,
after-iter:38.98,44.35,14.88,18.7,15.7,18.85,37.19,11.38,18.03,10.26,8.94,13.33,17.74,13.33,21.77,16.67,17.36,
before-iter:11.48,32.23,24.59,18.33,20.16,24.79,20.17,22.13,10.74,9.84,11.48,7.63,10.74,10.57,7.44,9.02,9.76,
iter=76: 8.26,15.57,33.88,31.71,
after-iter:39.17,38.02,17.07,8.4,11.67,10.66,7.5,10.66,8.4,12.3,9.09,9.84,17.89,9.92,10.83,12.9,10,
before-iter:14.63,23.14,57.38,25,19.17,31.15,11.48,14.29,19.2,15,15.7,15.45,11.57,10.66,13.22,12.5,13.01,
iter=77: 11.57,15.57,37.19,30,
after-iter:34.15,36.67,25.41,13.22,10.4,9.17,10.57,11.48,10.66,10.74,14.88,22.95,11.57,23.33,12.2,18.85,24.79,
before-iter:18.33,40.5,48.78,40.16,27.73,21.14,50.41,45.38,7.44,19.67,11.57,20.33,19.51,11.57,19.17,15.45,17.21,19.49,
iter=78: 17.36,37.82,34.17,38.21,
after-iter:30.83,23.97,16.53,16.39,14.63,14.17,12.71,17.89,11.29,17.21,11.67,9.02,14.05,14.88,14.88,18.33,7.44,
before-iter:16.39,29.75,7.56,17.74,15.52,21.31,10.66,14.88,13.93,14.63,19.17,16.39,8.33,18.03,14.75,12.71,13.01,
iter=79: 16.53,46.28,36.29,37.82,
after-iter:38.02,31.97,18.18,17.36,21.14,21.67,14.75,13.45,17.21,13.33,10,15.57,16.39,14.05,8.26,16.95,16.53,
before-iter:13.11,32.79,15.97,16.39,8.2,9.09,25.41,42.98,25,10.57,13.71,14.17,17.07,9.84,14.05,17.21,8.47,
iter=80: 9.09,31.97,50.82,41.67,
after-iter:42.15,38.02,18.55,10.83,22.5,56.2,28.33,12.8,21.67,7.44,17.21,9.92,9.92,14.88,7.44,10.66,39.67,
before-iter:21.14,27.5,21.67,14.05,11.2,11.57,8.26,12.3,12.9,17.8,13.45,16.94,19.01,13.71,11.67,10.08,10.66,
iter=81: 11.38,20.17,36.59,32.79,
after-iter:32.23,35,15.57,9.92,10,11.48,9.92,13.71,14.29,17.74,9.84,13.93,12.1,9.24,9.84,10.57,11.57,
before-iter:11.29,19.01,12.4,18.03,10.74,10.74,9.02,9.09,17.65,14.52,9.02,15.7,13.82,10.08,15.32,6.61,9.76,
iter=82: 8.33,20.16,34.17,29.51,
after-iter:35.25,33.33,6.78,10.57,7.5,11.48,7.56,9.76,13.93,10.17,17.89,27.5,18.85,9.02,7.63,9.17,10.66,
before-iter:20,20.66,13.11,26.67,12.3,27.73,30,13.82,10.74,8.94,10.08,9.17,12.9,15.25,21.67,16.67,12.8,
iter=83: 6.67,15.83,37.7,30.58,
after-iter:30.83,32.26,10.83,9.84,8.87,7.44,9.84,8.2,7.5,10,8.94,7.44,16.67,15.7,9.76,10.66,7.38,
before-iter:8.26,21.77,10.08,9.6,6.78,32.79,17.21,8.4,15.32,10.66,11.48,11.67,21.49,9.17,10.66,16.26,22.69,
iter=84: 20.49,27.64,44.63,36.59,
after-iter:40.5,39.5,31.67,16.39,17.36,16.39,14.88,17.89,15.97,14.63,13.33,16.53,15.13,14.05,26.67,22.76,20.66,13.93,
before-iter:17.36,28.69,14.88,14.75,13.22,13.11,14.05,12.5,34.96,15.97,21.31,20.49,15.13,21.14,19.01,14.41,21.31,
iter=85: 18.55,42.86,41.67,43.44,
after-iter:34.43,33.88,17.21,12.71,21.95,9.84,19.67,22.76,16.67,19.83,31.4,51.64,32.5,9.02,11.67,18.85,24.79,
before-iter:18.85,23.97,12.9,16.95,8.4,12.2,8.2,10.83,11.67,8.94,9.84,6.67,10.48,9.17,7.56,11.38,9.09,
iter=86: 12.3,31.97,32.79,30.58,
after-iter:31.15,32.23,10.48,5.79,12.2,9.92,8.13,9.24,9.02,8.2,9.84,6.56,11.38,7.56,9.84,8.26,9.84,
before-iter:13.45,26.23,10.83,10.66,5.04,12.1,7.44,10,10.4,5.88,11.48,17.21,8.94,14.41,16.13,10.08,11.48,
iter=87: 8.94,27.05,31.67,38.71,
after-iter:35,25.21,11.2,6.78,7.5,11.38,6.61,10.57,9.09,9.92,10,7.5,12.1,6.61,9.17,10,6.61,
before-iter:10.57,23.14,17.07,13.22,7.32,9.92,9.92,12.2,10.74,5.83,8.13,10.74,8.2,9.76,8.13,8.4,7.5,
iter=88: 10.4,28.93,30.65,31.09,
after-iter:30.83,42.15,14.05,10.92,12.2,12.4,7.32,10,5.93,9.76,9.92,7.5,9.84,7.44,9.24,9.76,9.02,
before-iter:9.02,22.69,10.57,16.67,38.02,12.2,14.88,8.26,10.66,6.61,9.84,7.44,8.2,12.4,8.94,8.33,7.44,
iter=89: 9.84,30.08,36.97,39.17,
after-iter:42.15,33.88,20.33,27.97,13.93,18.33,14.63,13.22,15.57,14.88,12.2,13.45,17.21,28.93,10.74,10.57,7.38,
before-iter:9.84,27.87,8.33,11.57,7.44,9.6,18.33,17.8,24.39,10.83,10.48,6.72,9.02,9.02,10.57,8.2,9.92,
iter=90: 8.13,24.79,32.23,30.83,
after-iter:30.83,39.5,10.74,13.82,18.33,23.97,17.36,16.53,15.7,11.57,16.13,14.88,15.45,18.33,22.03,18.7,13.45,
before-iter:13.11,29.75,17.07,12.5,13.01,11.86,13.82,12.2,45.45,18.33,29.51,19.17,13.22,11.67,11.29,11.67,18.18,
iter=91: 9.84,22.5,45.53,35,
after-iter:35.48,35.77,15.25,18.55,14.88,33.61,13.11,25,25.62,20.66,14.75,15,16.94,15.7,16.67,14.75,17.21,
before-iter:18.03,28.33,46.77,12.3,9.24,11.48,10.74,14.41,14.52,16.67,25,19.01,16.13,10.17,14.88,19.35,14.75,
iter=92: 19.17,25.21,40.98,45.08,
after-iter:37.19,36.07,22.31,17.21,17.5,27.87,31.4,13.33,32.52,33.61,12.3,19.35,14.17,13.45,14.05,10,17.21,
before-iter:12.3,14.17,23.14,13.82,11.57,13.33,10.66,17.07,15,11.67,14.88,19.83,20.97,13.33,24.17,17.5,30.83,15.32,
iter=93: 19.49,43.8,34.43,
after-iter:36.13,32.79,21.95,19.67,22.22,15.7,13.11,9.84,28.93,11.38,20.83,24.19,21.19,20,14.63,18.33,15.83,11.67,
before-iter:21.95,31.09,15.83,12.1,7.5,8.06,10,12.3,13.22,10.83,18.4,18.49,26.45,21.31,13.33,13.22,15.57,
iter=94: 9.92,44.17,36,35.83,
after-iter:39.67,30.89,12.71,16.13,15.7,12.5,15.83,18.7,10.57,14.17,14.88,18.7,14.29,18.33,13.33,12.2,14.17,
before-iter:21.77,22.03,13.6,15.13,12.5,17.36,9.02,28.69,8.13,9.92,21.67,9.92,11.38,7.69,22.95,15.7,17.89,
iter=95: 17.65,37.7,38.21,39.17,
after-iter:36.13,35.77,18.49,14.75,14.05,15.83,16.81,18.85,16.94,13.45,13.22,13.33,16.26,20,18.03,17.5,12.1,
before-iter:14.63,27.12,23.14,19.01,22.31,13.93,16.53,15.7,17.36,19.17,14.63,14.17,15.7,16.39,14.63,16.95,23.14,
iter=96: 26.45,65.57,42.98,30,
after-iter:34.96,32.5,14.88,10.92,9.02,7.56,9.84,22.76,16.67,16.67,19.01,14.17,16.67,18.55,11.57,21.67,18.18,
before-iter:18.85,25.62,17.5,21.31,13.79,12,10.17,16.94,15.32,8.4,16.39,13.22,19.83,19.67,14.05,9.76,16.67,
iter=97: 10.83,26.83,40.98,39.83,
after-iter:37.7,45,25.41,22.58,15.25,18.4,16.81,12.4,15.83,22.95,30.58,28.69,15.13,40.16,13.11,18.49,12.3,
before-iter:23.39,23.77,24.17,10.74,9.17,11.67,9.09,11.57,20.49,25.42,22.95,19.35,6.78,13.22,27.42,10.08,26.23,
iter=98: 18.18,20,52.8,50.42,36.36,
after-iter:33.88,30.08,14.88,14.75,11.67,15.83,16.53,28.93,17.21,17.5,20,15.7,10.74,10.92,11.2,18.03,17.36,
before-iter:13.33,47.93,27.05,16.53,16.26,11.67,11.29,9.24,20.66,14.63,40,14.29,25.41,22.13,18.03,15.97,20.33,
iter=99: 15.7,41.8,33.9,34.43,
after-iter:39.34,33.06,19.2,15.38,25,33.61,12.5,19.17,14.05,26.45,13.82,23.77,17.5,12.3,17.21,17.21,22.76,
before-iter:98.36,97.6,100,100,82.79,68.33,82.5,80.33,71.07,66.39,69.6,50.83,55.28,62.18,83.47,68.55,
iter=0: 65.29,83.05,70.97,46.67,
after-iter:36.59,42.5,22.13,18.85,13.33,17.5,37.7,13.71,20.17,30.65,17.21,9.24,17.36,15.57,15.7,20.49,9.84,
before-iter:14.88,50,11.02,19.67,19.67,31.97,16.39,22.5,19.83,17.89,19.83,20.49,41.67,24.17,21.67,23.77,9.76,
iter=1: 12.4,22.95,36.89,35.59,
after-iter:34.43,39.84,36.59,25.42,18.03,15.13,24.39,11.57,15.45,14.29,15.2,7.5,11.38,10.08,18.03,20.66,14.05,
before-iter:15.97,20.33,27.64,18.18,13.45,13.33,17.21,30.33,29.51,25.62,22.76,22.03,16.13,18.18,15.83,10.48,21.95,
iter=2: 8.33,21.14,39.67,36.89,
after-iter:31.15,35,24.79,13.33,14.88,26.61,15.97,15.97,13.82,13.01,8.26,17.07,15,10.83,27.5,18.18,13.01,
before-iter:16.53,24.59,26.05,17.89,14.75,19.01,20,15.57,25.64,16.94,12.4,16.53,17.07,15.7,21.67,18.4,21.01,
iter=3: 17.07,19.83,42.28,41.67,36.36,
after-iter:35.54,30.58,15.57,14.29,15.57,15.7,31.4,18.85,18.03,8.4,17.36,12.2,16.81,14.05,17.21,30.58,25,
before-iter:38.71,58.68,23.97,39.67,55.28,25,25,14.17,17.21,22.31,14.88,16.53,11.86,12.9,17.21,19.01,18.03,
iter=4: 21.49,40.16,40.16,37.82,
after-iter:44.26,61.16,15.83,9.68,9.17,15.13,15.7,21.31,21.67,29.6,17.36,15.25,33.33,10.74,20.66,14.75,13.33,
before-iter:13.45,17.21,15,8.33,7.38,9.92,9.02,31.67,12.4,10.57,13.22,11.67,9.17,14.75,14.75,18.18,7.5,
iter=5: 16.39,24.17,39.17,41.8,
after-iter:35.77,34.43,22.13,18.18,17.5,16.13,15.83,8.33,14.63,21.95,31.09,16.67,10.83,14.75,18.33,16.26,33.88,
before-iter:11.48,27.27,38.84,36.67,24.17,34.15,33.06,39.34,38.02,26.61,8.33,10.57,36.89,34.17,24.79,27.73,11.38,21.31,
iter=6: 32.5,69.17,65.29,92.62,
after-iter:69.42,53.33,35.83,11.48,6.72,12.4,9.76,10.57,11.67,7.5,23.14,11.67,10.66,9.76,8.26,9.09,9.02,7.56,
before-iter:9.02,23.2,7.56,12.2,8.33,11.38,7.5,9.84,8.33,8.2,9.92,10.48,17.36,14.17,7.38,9.92,9.76,
iter=7: 13.93,33.33,30.65,
after-iter:30,33.33,19.83,9.17,8.94,9.92,8.26,8.94,8.4,7.32,11.57,7.56,15.45,12.4,12.1,8.94,9.17,9.02,
before-iter:12.3,19.83,8.33,10.48,16.26,9.84,8.2,8.33,9.76,8.94,8.33,10.57,7.5,9.32,39.02,19.67,20.66,
iter=8: 13.82,34.45,30,
after-iter:30.89,31.09,18.03,11.48,7.44,10.48,8.4,8.94,8.47,8.2,9.02,9.68,9.24,10.66,13.33,14.63,9.02,
before-iter:7.38,17.07,18.18,7.38,11.67,7.38,12.5,9.76,10,7.44,9.84,8.26,11.48,10.92,10.48,5.83,10.57,
iter=9: 23.97,19.01,36.67,30.89,
after-iter:31.09,32.54,14.05,7.56,10.32,9.09,10,17.5,18.33,14.75,15.7,14.88,12.5,14.63,13.93,13.22,20.97,
before-iter:19.01,23.33,30.58,10.74,14.75,14.88,13.22,13.11,18.03,15.7,13.22,12.5,18.85,16.26,12.2,9.24,17.21,12.4,
iter=10: 16.39,44.92,39.34,39.5,
after-iter:39.84,30.58,13.01,18.03,12.3,14.75,21.01,15.57,14.05,15.57,15.57,14.52,15.97,16.26,7.5,10.57,12.5,
before-iter:25.62,36.89,14.29,13.93,13.11,9.68,9.17,10,9.84,9.76,8.2,10.74,7.56,14.75,8.2,8.13,32.23,
iter=11: 25.42,39.02,35.54,44.92,
after-iter:40.98,30.65,9.09,9.09,8.26,9.17,9.84,8.33,9.76,6.67,9.68,7.44,9.76,11.67,34.43,21.49,27.5,
before-iter:40.5,59.84,34.17,36.13,15.7,9.02,22.13,45.9,29.75,27.73,13.82,17.21,15.45,21.49,7.69,11.2,9.92,
iter=12: 9.17,34.68,32.77,30.33,
after-iter:33.06,39.5,13.01,11.48,8.33,22.31,20.49,26.45,20.66,37.19,26.23,10.74,11.67,17.5,36.07,14.17,13.93,
before-iter:12.9,39.17,29.03,32.5,33.61,20.66,14.05,9.76,10,11.29,6.67,10.57,6.67,25.2,17.8,14.05,12.2,
iter=13: 9.17,19.17,37.5,41.67,
after-iter:34.15,32.79,15.45,19.17,13.22,13.22,9.17,12.3,10.83,7.44,16.81,13.93,12.3,10.74,8.13,9.09,9.02,
before-iter:8.33,18.18,50.82,38.66,32.5,19.67,18.03,38.02,24.59,9.17,13.82,23.53,16.53,15,15.7,12.2,15.45,
iter=14: 15.97,14.05,35.25,35.54,
after-iter:32.79,38.33,27.27,16.81,21.31,21.67,12.9,21.85,16.26,9.02,19.83,7.44,18.18,10.57,7.56,11.38,25,9.09,
before-iter:9.92,21.31,10.57,12.71,44.26,14.05,11.38,34.43,30,20.49,18.49,13.82,10.92,20.49,14.88,11.48,8.94,
iter=15: 14.75,37.5,32.77,34.68,
after-iter:37.5,42.62,13.01,17.5,53.28,27.87,15.13,12.3,13.11,13.22,10.57,10.83,13.93,10.48,13.33,19.67,10.66,
before-iter:11.57,26.23,10.66,13.01,9.92,12.3,9.76,10,13.82,26.83,15.7,7.44,12.1,7.63,11.2,11.02,23.14,
iter=16: 22.76,58.82,46.4,32.5,
after-iter:31.09,28.93,38.52,15.57,12.61,27.64,13.33,18.18,20.49,12.1,11.57,10.74,11.38,21.01,18.55,11.48,15,
before-iter:21.6,33.33,18.7,18.33,21.14,13.93,27.5,11.29,18.85,15.83,35.54,19.01,10.74,10.74,11.57,9.92,14.52,
iter=17: 9.24,29.27,35.54,35.83,
after-iter:40.98,51.64,10,10.74,8.94,8.4,11.2,9.92,9.02,14.75,12.2,10.83,8.87,9.24,9.09,8.94,23.14,
before-iter:16.53,25,16.26,15,13.01,12.5,16.13,11.76,12.5,15.57,13.22,9.76,26.89,23.58,17.89,14.17,23.77,
iter=18: 15.97,31.45,35.29,36.07,
after-iter:40.34,36.36,19.01,15.45,13.22,15.7,13.93,8.33,18.18,15.83,17.07,18.03,19.51,14.29,15.83,8.4,10.48,
before-iter:8.2,21.01,20.33,16.39,10.34,14.63,16.94,10.74,14.63,10.74,10,14.52,10.92,13.82,16.39,18.03,13.33,
iter=19: 18.03,22.5,39.34,36.97,
after-iter:36.36,37.4,15.57,6.03,14.4,14.88,25.83,9.09,12.4,11.57,18.18,11.57,25.62,33.33,16.13,9.92,10,
before-iter:10.57,28.69,15.57,12.4,14.75,15.83,11.67,19.51,6.78,13.01,13.82,14.75,15.83,18.03,14.75,13.33,21.49,
iter=20: 17.36,26.45,35,33.61,
after-iter:37.82,40.65,17.36,15.45,14.17,18.33,30.33,7.44,7.5,10.57,9.02,8.94,9.09,7.44,9.84,14.17,11.67,
before-iter:13.82,26.23,18.18,11.02,17.21,9.84,10.83,30.58,18.18,9.09,9.84,9.32,22.13,17.74,15.57,12.71,19.51,
iter=21: 17.21,27.27,47.9,32.23,
after-iter:33.88,34.15,36.13,16.67,13.93,10.17,12.9,15.32,11.97,14.75,13.22,13.11,12.61,17.07,14.88,9.84,17.89,
before-iter:14.17,25.2,33.88,15,14.17,8.94,15.57,14.75,11.11,19.51,9.17,14.17,36.89,45.3,31.45,21.01,14.05,10.57,
iter=22: 20.83,42.15,65.29,56.3,
after-iter:45.45,30.89,13.22,12.5,18.18,16.53,17.5,14.75,7.38,14.05,9.17,8.13,10.17,11.38,8.33,17.36,21.95,
before-iter:16.95,40.98,16.26,14.4,5.88,9.84,9.92,12.4,15,8.94,8.94,8.4,18.03,13.82,9.09,11.38,12.61,
iter=23: 8.87,26.45,32.23,31.45,
after-iter:40.83,27.5,12.2,8.26,11.48,10,9.02,7.44,13.93,25.81,9.84,8.33,9.09,8.33,8.06,11.48,7.56,
before-iter:10.66,22.5,9.68,16.1,17.89,13.11,12.4,9.92,18.33,20.66,12.9,16.81,14.52,12.9,11.86,15.57,11.38,
iter=24: 20.17,34.15,40,35.54,
after-iter:31.4,30.83,23.77,15.97,44.63,18.18,27.27,17.5,21.77,16.39,10,17.07,15,20.33,14.05,8.33,12.4,
before-iter:15,29.51,13.33,16.67,21.31,18.85,14.75,14.88,10.74,15.7,14.88,9.76,13.33,15.57,15,33.06,44.72,
iter=25: 18.49,38.33,48.39,37.5,
after-iter:38.33,44.26,19.01,20.49,26.23,22.95,22.76,17.5,14.63,15.7,16.53,17.65,33.06,13.11,14.75,13.33,14.52,
before-iter:10.66,19.17,31.71,12.61,20.16,16.53,22.5,24.79,16.53,13.11,17.36,17.21,18.85,14.75,19.83,14.52,24.59,
iter=26: 18.18,19.83,52.5,39.67,
after-iter:40.5,37.19,40.98,19.01,22.31,18.7,16.81,16.26,13.01,12.61,14.75,13.33,16.26,13.45,14.88,12.9,14.05,
before-iter:12.61,18.03,30.58,22.31,19.51,17.07,20,29.41,7.38,23.39,14.75,10.92,13.11,8.33,8.26,9.09,8.26,10.4,
iter=27: 6.78,42.15,32.5,
after-iter:29.75,33.88,18.03,9.17,9.76,7.44,8.26,16.53,20,15.13,12,11.02,8.94,10,9.76,8.26,9.84,
before-iter:9.92,13.22,19.67,6.67,11.48,8.94,7.5,10.57,9.09,11.38,10.66,10.92,8.94,7.44,10.66,7.5,8.94,
iter=28: 9.02,12.5,33.33,31.15,
after-iter:30.83,31.97,16.39,9.09,16.39,19.83,16.94,8.33,17.36,16.39,15.7,19.2,18.85,34.45,8.26,17.36,13.82,
before-iter:38.33,28.93,35,21.67,14.88,11.38,13.22,13.01,11.48,11.38,10.08,10.66,15,19.17,14.4,10.08,15.57,
iter=29: 10.48,12.4,37.7,32.5,
after-iter:39.34,36.67,26.45,14.63,13.33,14.75,16.67,15,13.01,14.63,10.26,17.07,15.57,11.67,10.74,10.74,12.2,12.3,
before-iter:18.33,30.89,19.67,27.42,13.45,15.32,8.33,9.09,10.66,11.48,16.94,11.86,17.21,16.39,15.83,15.83,17.21,
iter=30: 7.56,36.89,38.98,36.59,
after-iter:33.33,23.53,16.39,33.88,37.82,36.07,20,15.57,39.34,51.67,70.34,54.1,69.17,50,38.21,12.5,15.7,
before-iter:16.26,29.51,9.17,12.5,15.57,17.8,15.57,16.13,19.67,11.76,12.3,16.53,19.01,18.85,13.93,18.33,21.31,
iter=31: 13.11,41.46,50.83,42.02,
after-iter:36.07,34.71,12.5,23.33,15.57,13.33,15.2,8.55,17.89,13.11,9.84,14.05,11.67,14.88,22.31,23.77,14.88,
before-iter:16.26,28.46,8.33,27.87,21.67,14.88,12.2,16.81,16.39,15.83,17.21,14.17,15.45,22.31,13.11,10,16.26,
iter=32: 17.8,34.43,39.02,38.33,
after-iter:30.83,43.44,16.39,14.05,17.21,19.17,15.57,13.45,16.53,15.57,18.18,15.45,17.36,16.39,27.05,59.66,66.67,
before-iter:33.88,33.61,23.39,17.65,20.97,11.67,16.81,16.53,13.93,10.74,9.84,10.92,11.48,15.45,9.92,14.75,12,
iter=33: 16.53,16.81,44.17,36.89,
after-iter:36.13,38.52,21.31,20.49,13.45,11.67,9.76,30.51,27.27,17.21,24.79,32.79,20,25.2,18.03,18.49,28.93,
before-iter:31.4,23.97,25.41,23.97,20.33,21.31,22.5,11.02,34.96,23.97,25.6,13.79,12,9.17,7.44,11.76,9.76,
iter=34: 8.13,15,43.55,38.52,
after-iter:42.86,42.74,22.69,17.07,9.32,12.2,5.83,10.57,8.13,9.02,10,9.92,7.44,9.02,9.68,10.74,7.56,9.84,
before-iter:8.33,21.49,17.21,11.57,11.67,9.02,8.33,11.48,8.13,13.11,17.5,16.53,6.72,9.92,35.48,23.53,11.38,
iter=35: 10.08,34.71,31.67,29.75,
after-iter:37.7,31.15,13.93,9.17,33.33,11.76,11.67,10.57,9.92,8.33,14.52,14.05,8.33,10.66,17.5,15.45,10.57,
before-iter:7.44,29.17,16.67,15.13,41.67,15.57,20.66,20.16,11.97,13.11,20,15.13,16.39,15,18.03,12.3,14.29,
iter=36: 14.29,37.1,39.34,35,
after-iter:34.15,28.93,17.65,13.71,22.31,14.05,21.31,12.3,17.07,7.56,11.86,15.32,23.58,16.26,15.7,15.97,15,
before-iter:21.49,34.4,15.57,7.56,21.49,35.83,27.87,33.33,19.01,21.49,14.05,14.88,21.95,22.31,48.33,20.49,23.14,
iter=37: 8.13,29.17,35.25,34.17,
after-iter:33.88,30,12.2,15.83,16.81,24.39,17.21,9.09,14.05,15.57,13.22,10.66,26.05,14.88,12.4,15.83,17.07,
before-iter:14.29,29.75,16,9.02,14.17,13.93,14.88,31.4,30.83,16,15.97,12.5,9.17,11.29,8.4,8.2,9.02,
iter=38: 15.45,33.88,35.83,36.13,
after-iter:40.98,68.03,44.63,21.67,16.53,17.36,26.45,20.33,12.61,19.83,18.85,36.13,27.87,34.43,12.4,19.51,14.88,
before-iter:16.39,23.33,14.63,12.4,11.2,10,11.38,9.92,13.82,17.36,15.7,13.82,9.09,12.1,10,11.48,10.74,
iter=39: 10.66,26.89,36.89,31.67,
after-iter:35.29,35.48,18.33,11.57,10.83,10.74,14.75,20.34,20.16,21.49,20.66,19.83,16.94,16.67,22.31,14.75,17.21,
before-iter:16.67,18.18,30,15.7,9.84,12.4,11.38,9.84,15.83,13.93,22.95,20.66,19.83,14.05,20.63,12.61,13.11,
iter=40: 14.75,24.79,38.84,34.43,
after-iter:36.59,36.21,24.19,13.01,16.67,17.5,13.82,19.01,21.67,23.97,22.5,20.33,10.83,16.13,28.69,18.18,10.83,
before-iter:8.2,14.17,19.51,11.57,7.56,13.33,11.48,8.2,19.01,10.83,19.01,18.18,10.57,30.83,22.76,11.57,17.21,16.26,
iter=41: 14.17,34.15,30.83,
after-iter:31.97,37.4,24.79,9.09,9.76,9.24,13.01,13.45,17.74,11.57,17.89,15.57,26.23,15.7,14.88,18.7,13.56,
before-iter:14.4,18.49,35.54,15.32,25,12.4,10,14.88,19.67,9.17,16.94,15.13,14.75,16.67,20.8,23.14,17.65,16.53,
iter=42: 22.13,41.32,43.33,36.89,
after-iter:36.67,23.97,12.5,14.63,12.61,16.13,16.1,12.1,12.5,13.22,9.76,13.93,21.67,24.37,22.95,16.53,21.49,
before-iter:15.7,40.32,23.97,10.83,12.5,37.19,18.7,17.21,11.48,9.24,8.87,8.2,9.84,9.32,10.48,25,20.66,
iter=43: 25.42,41.8,34.43,32.79,
after-iter:34.43,24.17,15.57,15,17.65,24.19,21.31,18.33,15.7,10.83,10.57,10.92,20,13.01,9.09,23.33,15.32,
before-iter:16.67,25.41,15.97,13.93,17.21,9.09,9.09,9.92,10.83,10.57,10.48,15,14.52,13.93,16.53,10.74,15.7,
iter=44: 26.45,62.5,35.77,44.26,
after-iter:33.88,42.28,13.56,18.18,15.57,20.34,29.27,13.71,12.61,15.13,13.82,15.7,20.66,13.22,18.85,21.01,21.95,
before-iter:20.49,27.27,15.13,9.76,8.47,10.57,12.4,9.84,17.36,18.33,18.85,10.74,14.75,19.17,13.33,18.03,9.92,
iter=45: 18.03,27.5,36.29,61.86,
after-iter:34.96,57.02,40.16,18.18,14.41,9.09,25.81,19.01,15.25,31.71,13.33,14.05,15.7,18.03,35.83,9.24,18.7,11.48,
before-iter:17.89,28.81,13.01,11.57,5.93,9.68,11.57,6.56,9.76,9.17,7.5,9.09,9.09,10.83,7.44,8.8,8.4,
iter=46: 9.09,35,31.71,30.33,
after-iter:36.67,23.97,11.57,17.36,15,9.84,22.31,9.68,18.33,33.33,17.07,13.22,11.67,18.18,36.67,16.67,19.51,
before-iter:26.45,55.74,39.17,37.9,26.45,12.4,15.83,13.71,22.5,11.76,10.66,16.94,12.3,12.4,12.3,8.26,13.01,
iter=47: 11.38,31.67,35,33.6,
after-iter:33.33,26.67,18.85,18.85,11.57,12.3,13.22,9.24,12.3,14.05,11.57,12.9,14.29,10.08,9.92,9.09,12.1,
before-iter:9.17,23.77,8.87,11.48,36.13,34.17,15.7,17.89,19.67,13.33,33.61,24.79,17.36,14.05,21.49,14.75,9.92,
iter=48: 7.5,30.65,32.5,29.17,
after-iter:33.33,23.77,18.33,11.48,13.93,14.88,8.4,8.87,10.74,7.38,8.2,12.3,7.44,10.08,7.44,11.38,6.84,
before-iter:32.52,46.67,16.39,29.91,60.16,43.33,36.59,40.83,24.39,35.25,69.75,66.12,60.83,69.92,60,68.33,38.84,
iter=49: 17.07,43.44,50.83,51.64,
after-iter:40.34,40.98,13.11,19.01,17.36,12.4,26.67,18.85,14.05,17.36,13.22,17.74,17.36,20,24,16.53,17.21,
before-iter:22.95,32.79,14.17,20.66,16.26,16.1,18.55,10,28.93,37.19,21.67,17.07,18.33,17.89,17.5,18.7,22.69,
iter=50: 21.95,33.88,40.98,35.25,
after-iter:34.45,48.76,34.71,25.62,28.1,20.49,18.18,13.11,11.76,21.14,15.7,22.13,21.95,23.77,8.4,18.49,15.2,
before-iter:17.36,31.4,30,24.59,14.88,16.94,17.36,21.14,16.67,28.46,16.95,13.71,14.41,16.13,21.19,14.75,13.33,13.01,
iter=51: 13.22,45.38,32.23,36.67,
after-iter:46.34,23.97,17.36,18.7,16.53,15.57,31.4,20.17,20.66,20.66,14.75,18.7,19.49,16.39,22.13,23.97,14.17,
before-iter:17.07,25.21,9.68,7.5,10,15.57,12.2,9.17,7.38,11.57,7.38,10.08,11.38,10.48,8.26,10.66,8.47,
iter=52: 11.11,31.93,31.97,37.5,
after-iter:30,24.79,8.13,9.76,9.92,8.26,8.26,8.87,8.4,11.57,13.6,15.83,6.67,10.57,9.09,8.06,11.67,
before-iter:9.92,25,12.9,9.09,11.29,5.04,10.57,10.74,8.26,11.67,9.02,9.02,8.47,25.2,21.31,16.13,30,
iter=53: 10.66,38.14,41.94,29.41,
after-iter:31.67,21.49,10.57,7.69,9.09,8.13,14.88,6.56,11.38,9.17,11.38,15.83,15.7,11.57,9.84,39.02,29.51,
before-iter:28.93,32.23,9.17,9.76,9.84,10.83,8.26,9.09,7.5,9.84,11.57,8.87,11.48,6.72,13.93,19.51,12.71,
iter=54: 13.93,35.54,35.54,
after-iter:32.23,31.97,24.17,6.61,12.3,12.3,7.56,19.35,21.95,22.31,17.5,11.29,13.33,15.7,34.15,43.44,32.5,17.36,
before-iter:31.71,57.98,36.59,31.09,24.39,26.23,18.18,16.39,7.5,9.02,10.74,7.44,10.83,8.2,23.53,13.71,72.36,
iter=55: 37.19,41.67,62.81,85.12,42.15,
after-iter:36.59,26.45,14.17,8.2,14.75,9.09,14.75,9.68,14.75,9.09,13.33,10.74,11.57,13.45,28.23,27.27,39.02,
before-iter:22.5,37.4,15.7,14.17,21.14,41.67,21.49,36.67,14.63,33.33,12.2,15,13.56,12.2,10,14.05,9.84,
iter=56: 20.49,35.77,34.71,28.93,
after-iter:32.79,26.23,14.75,11.57,10.57,6.56,10.66,9.84,11.67,7.26,16.39,13.93,32.77,32.23,16.53,9.17,10.74,
before-iter:15.32,52.1,7.38,12.2,8.33,12.3,8.4,13.01,6.67,11.38,8.26,10.57,7.32,12.5,6.72,9.84,8.87,
iter=57: 9.84,24.59,36.13,46.28,
after-iter:70.25,38.21,9.02,10.08,9.76,9.84,8.33,15.83,10.83,10.57,8.26,9.17,10.57,10.08,8.2,11.02,8.06,
before-iter:9.92,20.66,22.69,13.82,10,5.74,13.11,6.61,13.11,11.29,7.69,7.94,15.7,12.71,21.14,6.56,45.45,
iter=58: 14.88,21.67,33.33,34.71,
after-iter:29.41,48.39,14.17,16.13,5.04,12.2,8.94,10.26,6.56,11.38,9.76,11.57,10.66,11.76,9.76,12.71,9.02,
before-iter:11.67,17.07,24.17,11.2,20.83,13.22,11.57,12.2,13.33,8.13,10,7.44,36.59,43.33,14.88,7.56,10.66,
iter=59: 9.02,19.67,40.5,34.17,
after-iter:29.51,33.9,15.45,23.58,10.74,15,7.5,13.01,8.2,10,9.84,9.92,7.44,13.11,6.78,11.38,8.94,
before-iter:15.45,14.75,18.49,10.57,9.92,9.76,18.33,12.61,12.1,12.3,6.67,12.2,6.78,14.17,15.83,11.38,8.33,
iter=60: 12.3,10.66,35.54,31.97,
after-iter:33.06,31.71,21.49,6.78,13.11,18.33,16.53,13.11,14.63,5.79,11.67,9.84,13.93,5.88,12.3,7.5,13.6,5.08,
before-iter:17.21,19.01,11.38,9.24,13.01,7.5,15.7,17.5,18.85,9.09,10.17,9.76,10,8.94,11.57,7.5,11.38,
iter=61: 12.3,67.5,54.55,33.61,
after-iter:30.33,25.83,8.94,15.7,15.7,14.17,15.57,9.84,9.92,12.9,5.79,12.61,8.26,10.83,8.33,11.38,8.33,
before-iter:10,23.14,13.01,8.26,12.2,7.56,12.4,7.32,16.53,10.83,16.53,11.48,11.48,5.83,12.9,6.72,13.71,
iter=62: 5.83,36.67,30.33,33.88,
after-iter:30.33,27.5,8.26,10.74,7.56,11.48,8.33,14.52,15.13,11.48,15.57,6.72,11.48,8.33,10.83,9.02,20.16,
before-iter:7.56,27.27,12.3,10.17,10.57,10.92,10.4,10.83,7.38,9.92,13.22,42.98,45.97,43.22,36.59,37.7,45.53,
iter=63: 42.98,53.72,63.71,58.68,
after-iter:61.34,60.8,12.61,9.02,36.36,14.05,20.49,8.26,16.53,10.74,13.11,10.57,11.48,8.87,8.26,9.02,10.74,
before-iter:5.74,26.23,7.44,11.76,6.72,12.3,8.33,22.88,9.52,10.83,31.15,17.21,19.17,13.33,9.68,8.26,6.61,
iter=64: 5.83,20.83,31.15,29.75,
after-iter:27.87,29.75,5.88,7.44,7.38,8.87,6.56,5.93,8.94,5.98,8.13,12.4,7.38,12.4,5.79,5.93,7.2,
before-iter:6.72,21.67,6.61,9.68,5.88,6.56,8.94,7.44,7.38,5.08,8.8,6.67,25,23.58,21.31,7.32,11.57,
iter=65: 8.2,22.5,30.58,29.75,
after-iter:32.23,25.62,15.57,7.44,7.32,6.67,8.13,6.67,8.2,5.04,6.56,8,5.79,14.17,11.67,9.68,5.04,
before-iter:8.94,20.66,7.5,9.84,5,7.38,6.67,7.44,7.32,9.09,9.92,19.17,8.2,8.13,12.4,6.67,14.75,
iter=66: 9.92,25.41,30,29.03,
after-iter:30.83,22.76,6.67,6.45,8.33,14.17,7.32,7.38,6.67,8.87,6.72,5.83,8.87,5.88,16.13,13.93,9.84,
before-iter:29.17,27.42,17.65,17.36,7.32,6.61,5.79,6.61,9.76,5.79,8.26,6.56,5.88,6.56,8.87,7.38,6.67,
iter=67: 5.79,36.67,32.23,31.45,
after-iter:30.08,20.51,5.83,8.87,6.61,6.72,7.26,7.56,6.5,9.84,4.96,5.93,6.61,7.38,6.5,7.44,9.68,
before-iter:11.86,24.79,7.26,8.2,7.44,7.44,5.69,7.32,6.67,16.39,5.93,7.26,7.5,5.79,6.56,7.44,8.26,
iter=68: 4.17,29.75,30.65,35,
after-iter:32.8,21.85,6.72,9.68,6.61,7.26,6.67,8.13,5.04,9.84,6.56,7.38,5.74,6.56,7.5,7.38,12.71,
before-iter:8.06,20.49,12.5,12.5,24.59,28.69,39.5,36.13,33.06,34.15,7.5,8.4,48.39,51.67,30.08,34.43,27.64,
iter=69: 25.83,73.55,56.1,55.46,
after-iter:73.95,62.6,26.02,14.17,12.4,22.03,39.84,19.17,13.11,11.48,31.97,29.41,24.37,42.74,26.27,31.97,22.5,
before-iter:24.17,33.06,21.31,14.75,16.67,13.22,5,8.94,7.44,5.83,8.94,7.44,7.44,8.94,5.04,8.87,7.5,
iter=70: 6.72,10.66,33.06,28.93,
after-iter:29.51,28.1,14.75,11.48,13.22,13.11,6.72,9.6,5,7.5,9.6,14.29,8.13,5,8.06,6.72,5.74,
before-iter:8.26,12.9,15.45,6.56,7.56,6.61,14.63,12.4,4.96,8.94,8.13,5.83,8.87,5.83,6.61,7.44,6.67,
iter=71: 6.72,12.2,32.79,28.93,
after-iter:29.41,35.77,19.01,14.05,6.5,13.11,14.63,4.96,8.26,6.67,5.83,6.61,8.06,4.17,9.68,5.08,6.56,
before-iter:6.67,17.89,11.57,5.88,7.32,7.56,14.88,12.9,12.4,11.67,8.94,7.44,6.67,5.79,8.94,6.61,7.44,
iter=72: 5.83,16.53,31.36,30.08,
after-iter:30.65,29.75,6.72,6.61,8.87,5.83,8.8,12.61,9.84,8.33,6.56,5.83,5.74,8.26,7.56,7.38,7.32,
before-iter:5.04,22.76,6.56,12.61,8.94,9.17,9.68,7.5,7.26,5.79,13.33,11.57,7.38,8.2,14.05,10,8.33,
iter=73: 8.73,28.33,31.4,29.41,
after-iter:28.69,26.89,8.13,5.83,6.5,7.32,6.67,5.74,13.11,21.95,9.92,13.45,8.13,9.02,8.26,7.32,7.38,
before-iter:5.08,22.76,7.63,7.32,7.5,7.44,5.79,11.02,9.76,5.04,7.32,6.72,13.93,10.48,7.56,7.44,8.06,
iter=74: 6.67,26.23,45.08,31.4,
after-iter:39.17,30.83,6.56,8.26,5.88,7.38,6.61,7.38,5.83,15.32,6.72,16.39,10.17,10.66,6.61,7.44,9.02,
before-iter:5.83,20.17,8,7.5,14.88,15.57,6.72,6.5,5.74,8.13,6.72,8,5.93,12.1,13.45,7.5,5.74,
iter=75: 6.56,24.19,30.33,30.33,
after-iter:28.33,23.97,8.13,6.72,5.69,14.75,7.38,6.61,7.44,7.32,5.04,8.8,11.02,8.06,14.05,8.2,5.74,
before-iter:6.61,21.14,7.44,6.67,14.75,6.61,10.57,5.88,8.2,6.61,5.93,8,6.61,6.67,8.94,13.11,10.57,
iter=76: 9.02,27.5,30.89,33.06,
after-iter:36.97,32.79,8.87,5.83,8.13,6.67,7.38,8.26,5.88,12,7.38,7.5,6.56,5.13,13.11,9.76,9.92,
before-iter:8.06,20.83,9.6,5.83,5.08,8.06,8.13,7.44,8.2,6.72,6.56,7.38,7.32,7.5,5.88,12.3,10.08,
iter=77: 13.71,36.44,30.4,28.1,
after-iter:29.17,19.67,9.09,6.56,7.44,7.44,8.33,6.56,8.2,6.5,6.72,8.13,7.44,7.44,6.67,16.39,22.31,
before-iter:11.02,19.35,9.09,5.79,8.26,7.38,7.44,8.13,7.44,5.88,8.13,8.2,5.08,8.13,15.83,14.05,16.26,
iter=78: 10,35.25,39.34,43.7,
after-iter:32.54,25,19.67,13.93,6.72,8.26,16.13,7.5,8.13,5.88,8.13,5,8.87,7.44,6.72,9.84,16.81,
before-iter:8.2,35.54,16.13,13.11,6.56,5.88,9.84,6.56,6.72,7.32,6.72,10.48,6.67,8.26,6.61,10.66,7.44,
iter=79: 9.09,33.87,30.58,29.41,
after-iter:35.77,25.83,6.56,6.56,7.44,7.44,5.93,10.66,6.5,7.63,9.02,6.56,8.26,8.13,8.33,8.2,6.56,
before-iter:6.72,31.45,6.61,15.83,10.66,6.56,6.61,7.44,7.32,6.67,7.38,8.13,6.72,8.13,8.2,5.79,5,
iter=80: 7.44,32.52,28.1,
after-iter:32.52,30,15.7,16.39,10.74,6.78,9.02,5.04,8.87,5.79,8.13,9.84,5.69,6.78,7.44,5.79,7.38,8.94,
before-iter:9.84,17.65,7.32,6.61,7.32,14.75,9.02,6.72,8.26,7.32,5.88,5.79,8.06,15.38,5.74,8.2,6.67,
iter=81: 8.13,32.5,31.15,
after-iter:28.1,30.89,14.75,5.08,8.06,17.65,9.24,8.33,9.76,5.88,8.26,6.56,5.79,9.02,6.56,7.38,7.44,
before-iter:9.76,15.45,16.39,5,8.06,6.84,8.87,5.74,17.36,13.33,11.38,8.47,8.87,4.13,8.87,6.45,7.44,
iter=82: 6.4,15.57,31.93,28.8,
after-iter:30.33,31.4,8.2,10.74,8.73,15.13,9.68,13.11,10.66,6.56,8.06,4.1,7.32,9.6,4.24,6.5,6.61,
before-iter:9.52,21.19,8.13,11.57,24.59,6.5,8.26,10.74,6.56,7.2,16.53,10.57,10.48,6.45,8.13,6.56,6.5,
iter=83: 7.14,22.5,31.71,30.58,
after-iter:27.64,25,5.74,7.32,5.74,8.06,7.26,5.74,8.06,11.48,20.16,7.44,21.14,6.56,6.61,6.5,8.8,
before-iter:12.4,22.4,4.17,9.45,4.92,8.33,4.96,5.74,8.73,5.88,8.06,15.32,8.2,9.09,7.5,7.94,6.72,
iter=84: 10.32,31.09,29.03,
after-iter:28.93,31.97,12.9,9.76,7.26,6.67,6.4,6.56,5,7.44,8,13.11,9.09,14.52,4.92,8,9.68,
before-iter:5.69,20.66,9.68,5.74,6.61,6.5,7.26,7.32,4.2,7.32,8.94,5.69,15.32,7.32,13.01,10,7.32,
iter=85: 7.2,22.95,31.93,30.65,
after-iter:27.87,25.21,6.45,8.06,6.5,6.5,6.5,5.79,6.45,9.09,22.13,36.07,14.52,13.01,12.2,7.26,9.84,
before-iter:6.56,22.95,8,4.1,6.56,8.2,5.65,6.61,7.26,5.69,7.94,6.56,6.56,7.87,6.45,8.94,
iter=86: 12.3,12.3,35.77,30.08,
after-iter:29.27,28.23,14.63,6.4,16.39,5.79,5,9.02,7.26,6.56,6.67,8.13,6.5,9.09,8.26,7.26,13.71,
before-iter:11.38,17.46,10.74,7.44,5.79,7.26,7.44,6.56,11.48,6.56,7.5,7.94,4.96,6.61,8,4.2,8.94,
iter=87: 8.13,17.36,40,33.06,
after-iter:31.71,31.45,10.57,5.79,6.5,8.06,8.13,4.96,6.5,9.09,4.92,7.38,7.26,6.5,8.26,9.52,16.53,
before-iter:11.29,24.59,9.6,7.44,6.5,6.56,5.74,7.26,5.74,7.38,6.67,5.74,8.8,5.93,7.2,7.32,5.65,
iter=88: 8.33,28.23,28.57,35.48,
after-iter:34.15,21.31,10.57,4.1,8.13,5.79,8.06,5.79,11.2,7.38,8.94,5.04,7.94,5.74,7.2,6.56,
before-iter:6.67,9.84,18.9,13.82,14.63,8.87,5.13,8,5.65,8.2,5.6,15.7,6.45,6.61,7.44,4.2,8.87,
iter=89: 8.26,15.57,31.4,28.1,
after-iter:28.69,30.89,15.45,11.57,6.35,5.08,7.94,6.56,7.32,6.67,11.48,6.5,8.13,8.06,5.04,8.06,6.67,
before-iter:4.2,22.4,5.74,5.74,8.87,13.93,11.2,5.79,8.8,8.94,7.38,8,6.67,8.94,5.74,5.74,8.13,
iter=90: 8.13,25,30.83,28.46,
after-iter:29.27,30.65,26.02,7.2,13.01,10.08,8.87,7.44,6.61,5.88,7.32,5.74,7.26,8.2,6.61,6.5,9.68,
before-iter:11.67,19.51,16.39,7.14,5.83,5.79,8.2,11.57,12.8,7.26,6.61,8.8,5.79,5.69,6.5,8.06,6.67,
iter=91: 8.13,14.05,32.52,29.84,
after-iter:27.87,29.84,8.33,6.56,5.69,6.67,12.8,8.87,9.17,7.32,5.69,5.69,9.6,5.69,14.05,13.71,10.66,
before-iter:6.56,22.58,10,15.32,8.33,8.13,7.26,21.14,6.5,12.2,12,9.09,6.5,6.56,6.56,13.01,6.61,
iter=92: 8.06,30.65,29.51,27.12,
after-iter:30.4,18.7,5,9.02,6.45,5.69,6.61,8.94,11.48,9.92,9.76,6.56,7.26,7.44,6.56,8.13,
before-iter:5.69,13.22,28.69,8.66,6.67,8,8,7.32,8.06,8.94,14.63,8.06,14.05,7.32,9.68,5.93,6.56,
iter=93: 7.32,14.63,30.33,30,
after-iter:29.6,29.75,7.2,7.94,10.74,7.38,8,5,8.73,14.75,13.82,22.76,19.2,8.87,5.83,4.92,11.9,
before-iter:5.74,22.95,7.44,5.74,7.44,8,5.74,9.76,8.94,5.74,6.5,6.61,8.06,4.96,12.9,11.38,7.2,
iter=94: 8.13,28.1,32.52,28.69,
after-iter:35.25,21.95,7.32,7.56,9.76,8.66,4.17,6.56,6.56,8,9.76,14.88,8.13,11.67,20.16,17.5,24.59,
before-iter:18.75,19.17,6.45,7.26,5.79,7.2,8.94,5.08,6.5,7.94,6.56,5,7.38,8.94,8.06,7.5,
iter=95: 15,12.3,33.88,29.27,
after-iter:30.4,30,12.5,6.67,7.26,7.44,12.3,8.26,8.2,6.5,7.26,5.74,8.26,15.57,7.38,6.4,13.33,
before-iter:12,17.89,12.2,7.38,7.32,5.08,7.87,5.74,6.5,7.5,7.14,5.65,8.13,5.74,6.5,8.13,7.32,
iter=96: 6.61,21.49,37.19,32.8,
after-iter:29.17,27.87,7.94,7.32,5.04,8.4,7.14,5.83,7.38,5.83,8.73,6.5,5.04,7.14,5.79,6.67,7.2,
before-iter:6.4,28.1,10.74,8.94,7.5,5,5.69,8.8,13.82,8,6.56,6.67,8.2,4.92,6.5,8.33,4.84,
iter=97: 8.73,28.23,28.57,29.84,
after-iter:37.4,23.58,24.19,8.06,7.38,8.87,5.88,7.32,5.65,6.61,7.32,6.61,4.96,7.87,5.04,7.09,
before-iter:5.88,12.4,15.45,6.45,15.57,9.92,8.06,8.87,5.69,8.94,5.83,6.56,6.61,5.65,8.94,6.56,5.74,
iter=98: 6.5,15.08,32.5,51.64,
after-iter:68.29,37.7,13.93,14.52,10.48,8.2,8.06,5.65,7.32,8.59,4.2,5.74,7.87,6.61,5,8.73,5,
before-iter:9.38,19.01,7.5,5.74,8.06,5.69,15.45,10.83,6.45,17.36,13.93,8.8,20.49,6.5,6.61,7.26,7.32,
iter=99: 6.4,24.79,28.69,29.75,
after-iter:29.17,25,6.45,8,5.79,16.39,13.6,5.74,6.56,9.6,5.79,17.36,10.4,7.14,5.79,7.14,5.79,