before-iter:82.93,42.28,45.76,42.15,17.36,58.68,33.33,17.36,61.86,55.28,79.17,91.06,55.74,55.46,62.3,33.9,
iter=0: 20,33.9,51.24,53.78,48.36,48.78,84.43,49.17,49.59,82.64,65,44.72,41.18,36.97,
after-iter:43.09,47.46,13.11,10.66,9.92,9.92,13.93,9.92,10,12.5,10.08,12.4,11.57,10.57,10.83,10.66,9.76,
before-iter:9.84,37.61,15.7,11.67,10.83,9.92,10.83,8.4,10.66,11.67,13.93,11.11,14.75,10.74,14.17,12.4,10.66,
iter=1: 10.92,21.19,39.84,35.29,37.5,37.19,42.15,38.52,37.29,39.67,39.17,41.8,
after-iter:42.86,49.17,22.76,10.17,18.85,10.92,12.4,9.24,11.48,8.33,9.09,8.33,11.57,8.26,10.74,8.55,11.29,
before-iter:14.52,18.33,31.97,8.4,9.09,10,8.4,12.4,9.17,9.09,11.57,9.17,9.17,8.26,10.08,8.33,9.09,8.26,
iter=2: 9.09,33.06,38.14,34.45,37.9,37.29,37.82,38.52,38.52,37.82,37.7,34.71,
after-iter:34.45,48.36,10.74,7.56,11.57,13.56,10.57,15.83,12.3,11.29,10,11.57,10,17.5,9.32,15.2,11.67,
before-iter:8.4,25.2,20.17,12.2,10.08,10.08,10.08,10.66,11.67,11.57,9.17,10,10.74,8.33,9.09,9.92,11.48,11.38,
iter=3: 9.24,37.19,34.75,36.89,37.7,38.66,38.84,38.52,37.5,39.5,38.52,35.59,
after-iter:38.52,42.15,13.22,8.33,8.26,7.56,11.57,10.83,13.11,12.61,20.66,10.17,11.57,9.09,11.57,12.2,13.56,
before-iter:15,30.83,15,12.3,11.86,11.48,9.17,18.18,13.56,17.36,13.6,7.63,9.84,9.17,10,9.17,7.44,
iter=4: 8.33,20.83,38.02,35.54,38.02,35.59,40.65,38.33,40,38.84,40.83,37.4,
after-iter:38.02,44.63,28.69,7.56,11.48,10.74,9.17,13.45,11.29,7.56,8.26,8.94,12.61,39.02,25,14.05,28.81,28.46,
before-iter:11.76,39.84,9.17,9.76,12.61,9.24,10.4,8.55,9.09,9.17,9.24,11.38,9.09,11.38,8.4,10.57,8.33,
iter=5: 10.74,28.57,36.07,36.13,36.89,40.83,40.5,38.66,40.65,43.33,40.83,38.33,
after-iter:37.29,52.46,15.45,11.86,11.67,11.48,13.33,9.92,11.76,10.66,12.4,10,10.74,8.4,9.92,8.4,10.57,
before-iter:13.45,28.69,21.67,9.09,8.94,9.17,9.17,9.92,9.92,9.24,13.33,9.09,9.09,10,10.08,25.41,49.59,45.08,
iter=6: 23.97,40.16,42.15,63.49,91.53,82.79,87.7,76.23,64.46,56.56,70.25,73.11,56.56,46.67,
after-iter:63.33,57.02,22.13,18.85,66.67,27.64,16.53,19.17,20.66,70,17.21,30,18.03,12.2,11.48,10.92,31.15,
before-iter:21.19,44.63,22.13,13.33,16.1,38.52,15.83,15,33.06,10.57,17.21,14.05,58.68,80.17,59.17,48.33,63.11,
iter=7: 80.47,78.33,68.85,55,57.14,60.83,54.55,56.91,41.46,48.72,59.35,63.87,60.16,42.02,
after-iter:43.09,52.5,63.33,36.29,75,79.66,64.46,59.02,75.21,53.28,82.93,61.16,27.73,24.17,17.21,26.05,30.08,31.93,
before-iter:50.42,94.26,55.83,24.39,21.85,26.89,18.85,26.02,57.14,43.09,27.12,28.69,22.69,27.5,25.83,65.04,29.17,
iter=8: 17.5,23.58,58.82,70.25,44.54,50,82.64,63.87,44.26,52.94,50.82,47.93,76.23,53.39,
after-iter:44.63,55,25.2,15.7,75.21,25.41,47.11,50,18.7,27.97,17.5,23.58,16.53,20.83,17.65,25.81,33.61,
before-iter:49.17,50.41,46.22,31.71,32.2,39.02,40.34,30.58,47.06,77.24,53.66,22.69,21.95,10.74,30.58,19.01,10.08,18.85,
iter=9: 21.31,59.32,51.67,55,51.24,49.18,41.46,42.5,69.67,77.24,68.97,75.41,51.24,49.17,
after-iter:40.98,54.62,34.43,11.67,16.53,15,14.88,22.95,26.23,21.49,25.83,20,43.7,39.5,13.71,13.68,36.59,29.75,
before-iter:8.4,39.67,8.4,18.85,23.58,16.67,8.4,25.41,8.4,9.17,18.18,32.77,28.46,16.81,14.63,15.13,15,
iter=10: 24.79,57.02,61.48,95.97,70.83,38.33,40.5,42.02,52.07,50.42,39.67,52.85,42.86,35.77,
after-iter:41.18,54.4,20.17,11.67,15.83,14.17,10.92,18.33,15.32,13.33,13.93,12.61,12.2,12.4,15.97,15.45,12.61,
before-iter:13.33,33.87,18.64,13.33,16.67,9.17,17.5,12.5,14.63,17.36,13.45,16.13,10.92,8.47,8.26,10.57,9.17,
iter=11: 9.32,17.46,38.46,39.5,38.21,36.44,39.34,39.67,38.98,40.5,38.33,36.67,40.5,
after-iter:50,75.21,21.31,11.57,16.53,9.02,9.09,22.88,13.93,8.4,19.01,9.92,9.17,9.02,10.08,18.18,14.29,
before-iter:16.39,24.79,30.25,13.22,11.76,14.63,14.75,20.17,14.63,14.29,22.13,10,9.24,10.57,9.92,13.71,16.67,21.37,
iter=12: 18.7,49.59,51.26,51.64,40.68,46.72,40.34,56.91,77.05,50.42,43.8,43.55,50,
after-iter:50,45.45,32.23,13.45,20.49,25,32.52,14.29,13.22,16.67,35.77,25.62,16.1,21.01,23.2,26.45,11.02,
before-iter:10.48,32.2,25.2,10.83,10,9.17,8.55,16.94,15,17.21,12.71,14.75,21.49,22.31,12.4,15,17.07,
iter=13: 32.23,35.83,41.18,51.67,47.06,47.58,50.83,50.82,49.59,54.17,55,42.5,44.26,
after-iter:39.84,54.62,21.67,19.51,19.66,19.01,29.41,29.03,12.71,21.31,18.49,17.36,20.66,11.67,14.88,14.53,9.92,
before-iter:16.67,35.25,46.67,33.33,58.33,24.39,54.03,32.5,19.67,20.83,31.93,10.74,13.93,16.81,16.53,20,12.5,20,
iter=14: 15.83,68.55,100,85.59,54.55,38.33,42.15,41.32,39.5,40.16,42.86,42.15,36.67,
after-iter:35.29,47.11,27.64,17.5,23.14,37.82,42.28,14.88,22.69,21.49,22.88,24.59,14.88,22.5,28.93,21.01,22.5,43.33,
before-iter:48.76,40,17.36,32.5,28.33,13.22,15,16.53,18.33,14.05,42.98,96.67,70.16,36.13,22.88,23.58,28.69,
iter=15: 26.89,34.45,42.15,41.67,37.5,41.67,44.26,50,44.44,42.15,40.98,39.67,47.11,
after-iter:44.26,41.32,21.85,32.26,62.81,22.13,22.5,51.67,57.5,96.75,92.5,76.23,47.93,26.45,18.49,28.1,18.18,
before-iter:20.34,40.65,65,39.67,29.17,45,35.77,35.54,21.31,56.56,63.87,50,47.5,66.67,58.2,80.67,36.07,
iter=16: 22.31,35.77,67.48,49.15,47.93,40,52.5,47.54,55.46,47.93,78.23,99.21,94.96,96.72,75.83,84.43,100,
after-iter:90.91,73.77,68.07,59.5,36.97,24.79,14.63,17.5,19.67,61.86,34.43,26.27,18.85,39.67,95.12,61.16,36.13,29.51,
before-iter:24.17,43.33,20,20.83,20.83,16.26,21.85,23.14,26.23,11.76,42.98,56.67,25.83,41.8,58.33,58.68,59.02,
iter=17: 60.16,61.34,66.12,67.21,63.33,63.93,71.67,41.67,63.93,74.59,47.93,43.44,48.33,
after-iter:53.33,55.37,32.2,19.33,18.55,14.17,19.35,11.86,14.17,83.87,73.33,35,29.84,91.67,64.17,30.58,16.81,76.42,
before-iter:82.64,69.75,21.49,19.01,22.95,22.03,16.53,28.46,29.17,31.71,16.67,27.5,20.17,23.77,18.64,19.01,17.21,
iter=18: 13.82,30.25,42.62,35.54,57.85,41.8,53.78,43.2,42.5,39.67,61.48,64.17,
after-iter:54.17,41.13,45,10.66,12.4,14.88,13.45,13.22,15.32,15.13,13.33,10.92,10.74,12.5,13.82,14.17,16.95,15,
before-iter:13.71,36.36,12.61,14.63,12.5,12.07,9.92,9.09,8.33,8.4,9.84,22.5,16.67,8.4,13.93,12.61,8.94,
iter=19: 12.5,24.59,36.36,38.33,40,46.28,41.32,40.32,37.29,38.84,38.33,36.13,
after-iter:36.36,45.83,26.23,18.18,32.23,14.05,14.29,16.53,26.67,35,40.65,19.17,12.2,16.67,10.74,25.62,27.87,
before-iter:9.84,23.14,48.33,23.14,22.95,38.52,41.88,51.22,22.95,16.1,18.03,24.79,30.33,23.53,14.88,30.33,34.43,27.05,
iter=20: 30,23.39,40.65,47.9,45.83,60,58.33,56.91,73.77,66.12,70.34,65.57,61.34,
after-iter:59.17,56.3,32.79,28.1,40.34,75,71.77,58.68,74.17,78.99,76.23,68.03,69.17,61.48,34.45,38.21,41.18,
before-iter:31.97,51.26,65.85,62.81,61.86,74.8,73.55,70.25,75.63,68.8,92.5,87.7,85.95,81.15,74.17,65.57,47.93,90.91,
iter=21: 90.24,82.2,78.23,76.03,82.2,95.08,87.7,97.52,94.17,91.8,85.12,78.05,77.69,70,54.62,51.64,
after-iter:52.07,54.55,51.26,55.93,56.56,51.22,30,31.97,27.12,32.79,28.57,28.69,50,44.35,40,37.7,35.83,34.17,
before-iter:61.16,100,87.7,67.5,69.17,51.67,74.38,53.33,43.33,51.67,44.26,41.18,46.72,56.67,56.78,34.71,35,57.26,
iter=22: 44.54,44.63,85.6,84.87,86.18,87.1,71.79,43.44,47.5,57.02,47.9,39.67,44.35,53.78,
after-iter:50.41,47.5,19.17,38.52,33.06,20,23.53,22.13,9.24,12.2,13.11,14.41,13.82,22.69,14.75,47.93,27.87,
before-iter:20,36.97,47.93,80.99,65,61.98,96.72,56.2,45.53,34.45,28.93,26.02,24.37,14.17,27.73,16.26,26.5,
iter=23: 52,38.14,77.24,67.5,73.17,40.83,98.39,86.67,71.07,90.98,100,93.33,94.17,95.04,100,98.36,73.77,69.75,58.68,
after-iter:47.11,48.74,29.27,12.82,13.11,19.67,10.26,16.39,9.76,9.92,9.24,10.66,12.61,14.88,13.82,16.95,23.77,
before-iter:14.29,22.13,42.5,10.92,11.48,8.26,14.05,19.67,10.92,9.24,21.01,12.4,25.21,32.26,29.66,28.57,13.93,16.81,
iter=24: 17.36,31.67,35.54,37.5,35.29,49.59,51.22,66.12,55.74,40.83,66.67,65.85,46.22,42.15,
after-iter:41.67,40.5,17.21,22.88,14.05,24.59,35.25,16.67,37.61,38.71,30.58,15.13,13.93,35.25,25.21,13.22,82.5,
before-iter:80.33,85.25,65.83,38.66,22.31,14.29,19.67,17.36,13.22,35.83,36.59,37.82,48.33,62.5,25.62,20.49,21.85,
iter=25: 18.33,47.9,50.82,47.93,43.8,39.67,44.72,55,65,44.63,41.32,69.17,74.79,
after-iter:51.67,55.2,40,48.36,17.95,50,50.83,25,13.93,20.17,36.07,23.97,22.69,53.72,56.78,25.41,19.51,11.67,
before-iter:33.06,45,24.37,17.21,11.48,15.13,9.17,14.88,11.57,9.17,9.09,8.33,9.24,9.02,32.23,36.67,32.23,
iter=26: 19.83,51.69,58.68,42.15,45,44.54,40.5,45.45,57.85,41.53,48.78,46.72,54.24,
after-iter:45.45,54.47,46.67,33.33,19.33,13.45,15.7,11.76,9.17,9.09,9.09,9.09,9.84,9.32,9.09,9.92,8.33,8.47,
before-iter:9.76,36.97,10,10.66,9.92,7.63,16.53,10.74,10.66,9.17,16.67,13.22,10.92,16.39,15.7,10.74,11.67,
iter=27: 11.48,25,36.36,36.97,36.36,38.33,40.98,39.83,39.67,47.15,55.74,70.59,63.64,62.81,
after-iter:47.46,45.45,17.36,38.52,37.5,29.27,92.8,72.5,72.95,54.17,54.47,29.06,12.3,8.4,11.38,10.74,22.13,
before-iter:32.77,46.67,26.67,42.15,30.89,56.8,86.78,46.67,47.15,43.7,25.83,19.2,22.22,46.72,18.49,17.5,9.84,
iter=28: 8.33,20.83,38.84,35.83,42.15,39.17,42.98,45.38,52.46,52.1,60.66,71.07,38.84,
after-iter:38.71,56.67,26.89,8.47,12.9,16.53,12.82,18.03,25.41,17.09,25.41,25.41,33.33,45.53,47.9,23.33,32.23,
before-iter:23.97,30,32.77,13.22,20.66,14.17,15.83,24.79,24.79,20.66,10.83,12.1,15,19.17,21.31,20,10.74,22.13,
iter=29: 8.55,41.8,47.11,40.16,37.5,48.36,90.24,85.59,80.99,81.3,94.96,90.08,80.49,87.7,79.83,63.33,91.87,94.21,
after-iter:86.89,88.98,66.39,48.36,13.79,26.83,25.41,16.1,32.23,39.52,15,36.07,63.87,42.86,9.09,9.17,9.84,10.66,
before-iter:20,52.5,71.31,21.67,19.51,14.29,15,13.33,13.22,9.84,11.29,11.57,10.08,10,10.92,11.57,12.2,
iter=30: 9.4,32.5,36.67,35.83,37.7,40,42.02,41.6,40.17,44.26,40.5,37.5,
after-iter:48.33,51.24,21.67,25.2,15.57,13.33,13.33,14.17,15.7,12.5,13.22,15.7,9.92,10.74,8.4,9.17,9.92,
before-iter:9.17,24.17,25,13.33,24.17,18.33,40.16,25,13.45,20.16,17.65,16.39,23.14,20.49,17.65,18.85,13.11,17.65,
iter=31: 21.19,48.36,39.67,49.15,58.54,55,44.63,56.78,46.28,51.64,48.76,36.44,
after-iter:44,47.93,25.21,9.24,10.66,18.85,8.2,9.84,8.33,8.4,9.84,10.57,8.4,9.76,8.33,8.4,9.17,9.17,
before-iter:9.17,36.89,7.5,10.74,9.09,13.93,9.09,10.17,10.66,14.17,15.97,11.57,9.17,13.22,14.88,14.75,13.33,
iter=32: 10.74,30.58,37.19,35.54,37.19,40.16,39.67,40.16,38.66,48.78,47.06,36.36,
after-iter:38.52,48.33,14.75,10,11.48,11.02,10,15.57,15.97,13.11,10.74,8.4,10.66,9.76,12.5,16.1,16.26,
before-iter:14.05,25.81,23.53,7.56,7.5,7.56,9.02,8.33,7.44,10.83,8.33,8.4,8.33,9.09,9.92,9.17,9.24,10.92,
iter=33: 16.39,52.89,53.39,67.77,60.66,47.46,56.56,49.59,51.67,52.07,57.02,44.63,39.5,
after-iter:52.89,80,41.32,34.45,18.18,25,35.54,29.84,17.65,8.33,54.92,32.52,12.3,10.74,15.25,95.9,58.2,
before-iter:22.69,30.33,87.39,86.78,46.72,19.01,16.67,40.98,34.17,20,21.01,15.45,31.67,16.81,9.84,21.67,26.83,24.17,30.83,
iter=34: 23.14,58.33,65.85,44.54,48.36,42.02,42.5,55.37,81.67,66.67,65.25,64.46,65,
after-iter:64.46,56.56,13.33,14.29,14.05,49.59,94.21,55,28.69,20.17,15,29.84,9.48,20.66,20,18.85,28.1,
before-iter:15.7,75,37.4,23.97,39.34,26.27,12.4,13.22,14.17,51.64,94.26,48.33,22.95,15.57,16.81,11.76,14.75,
iter=35: 15.83,28.1,44.17,41.8,44.63,46.67,45.45,48.76,67.21,41.18,79.34,68.64,45.08,49.59,
after-iter:42.62,45.38,13.82,18.7,8.4,16.67,22.88,27.42,18.64,31.97,15.13,14.88,12.3,20.17,12.4,42.62,55,
before-iter:53.28,78.15,86.67,72.13,39.52,28.57,31.4,29.75,21.01,50.82,22.13,77.5,69.17,63.11,61.98,59.17,36.13,32.23,
iter=36: 15.97,43.65,78.33,65.83,45.08,47.11,86.07,69.42,90.98,68.03,41.8,41.18,37.5,
after-iter:38.02,47.11,21.67,12.4,13.01,26.89,26.23,27.12,12.3,9.24,10.74,13.11,17.5,21.67,15.45,20,36.97,33.33,
before-iter:35.83,65.57,35.54,9.17,15.7,58.68,20.66,23.58,20.33,20.34,19.17,13.82,10.83,14.75,13.45,15,38.52,
iter=37: 36.67,70.49,100,95,90.16,83.47,46.34,45.83,56.67,40.5,77.05,65.29,44.72,42.62,54.17,
after-iter:78.81,66.67,31.09,14.05,8.47,10.66,8.47,9.92,15,14.75,13.33,13.33,13.22,15.32,13.93,20,14.75,13.22,
before-iter:13.33,36.36,14.88,13.33,13.82,15.7,14.88,13.45,13.93,13.56,14.63,13.33,14.17,16.53,15.7,13.33,10,
iter=38: 8.4,28.1,35.54,35.29,36.59,37.19,40,74.59,62.3,55.65,91.8,98.35,90.16,95.83,86.89,78.86,63.03,
after-iter:46.28,44.63,29.75,21.67,25,13.56,18.18,24.17,24.79,20.97,24.17,25.21,18.03,23.33,29.51,51.26,18.03,
before-iter:18.33,64.17,65.57,35,14.63,10.83,11.86,10.83,15.57,38.84,27.73,46.88,93.44,80.17,56.56,74.17,59.68,61.16,
iter=39: 50.42,45.9,37.19,50.83,59.17,72.58,66.95,66.17,76.86,67.74,68.85,48.74,80.49,76.86,73.55,96.72,
after-iter:100,98.37,95.83,32.77,42.28,28.57,24.39,20.33,14.53,16.26,21.01,32.23,29.51,20.83,18.49,21.85,23.97,23.14,
before-iter:17.89,49.17,45.45,53.72,45.53,54.55,69.11,63.87,54.03,31.09,20.83,29.17,32.23,16.26,22.69,18.18,17.65,15.7,
iter=40: 15,51.24,47.11,46.22,44.35,44.44,91.74,73.95,66.94,73.11,70.49,83.61,85.83,77.69,100,81.97,76.03,
after-iter:76.67,85.59,66.13,22.95,15.13,10,20,23.97,19.67,42.5,34.43,25.21,23.97,28.33,14.17,22.31,23.77,
before-iter:14.17,28.33,22.03,20.97,22.69,22.95,23.77,10.92,30.83,38.33,34.15,15.83,36.07,36.89,47.06,48.76,37.4,42.98,
iter=41: 40.34,86.89,71.67,38.02,46.28,50,60.48,50.85,76.86,74.38,77.87,65.25,54.55,61.16,
after-iter:57.02,71.43,43.55,15,16.39,16.39,13.33,12.5,13.93,18.85,14.75,13.93,11.02,13.22,8.33,9.84,10,15,
before-iter:9.02,36.67,14.05,12.61,14.05,12.5,14.17,11.76,16.39,13.56,14.63,13.22,13.33,12.4,13.33,14.05,12.82,
iter=42: 13.82,35.83,35.54,37.29,35.83,36.07,38.66,39.34,38.66,39.34,38.02,35.59,
after-iter:36.59,45.53,20.51,15.57,17.21,12.71,13.33,13.11,12.61,11.76,14.75,14.75,14.29,19.33,13.93,12.61,13.93,12.5,
before-iter:13.33,35.54,13.22,14.05,12.4,13.11,12.5,13.93,12.5,10,12.4,15,12.5,14.75,13.22,12.5,12.4,
iter=43: 13.22,32.5,36.36,38.21,38.33,39.5,42.86,38.52,39.67,37.82,39.67,35.83,
after-iter:35.83,49.18,13.22,21.67,40,40.5,13.45,18.03,12.5,15.57,8.33,8.2,8.26,9.84,8.4,8.33,20.34,
before-iter:13.93,26.67,20.33,10,8.33,9.09,9.92,8.4,15.57,12.71,12.5,13.11,13.71,14.05,12.4,14.41,13.93,13.33,
iter=44: 16.1,38.84,36.89,36.13,37.82,51.64,49.59,38.02,38.33,38.66,37.6,35.59,
after-iter:36.89,44.54,13.22,13.93,12.5,23.58,11.76,13.93,14.17,9.17,12.3,13.22,15.83,14.17,13.33,13.22,14.05,
before-iter:13.82,31.03,25.62,12.61,9.76,13.93,13.33,13.22,12.5,13.45,11.76,14.52,13.45,14.4,12.71,12.61,12.5,
iter=45: 13.93,20.33,38.33,34.17,36.89,36.13,40.16,38.33,38.33,37.82,37.5,36.67,
after-iter:37.7,40.83,36.07,13.22,12.61,15,13.33,13.33,11.48,8.33,8.33,9.09,8.33,12.3,10,11.76,12.5,20.49,
before-iter:39.67,63.11,13.33,14.63,12.5,20.17,14.05,14.41,13.71,13.22,13.33,12.71,13.33,12.2,13.33,14.63,12.5,
iter=46: 18.03,27.64,35.83,38.33,36.07,38.14,40.5,38.66,40.98,41.8,39.34,36.67,
after-iter:35.83,45.45,23.14,12.5,15.57,14.75,13.82,12.71,13.11,12.4,13.22,14.05,13.45,12.5,14.17,14.75,12.5,13.22,
before-iter:15.57,33.61,14.05,13.22,19.01,13.22,14.29,12.4,15.97,12.9,9.32,13.22,10.74,11.67,11.38,10.92,10.08,
iter=47: 10,34.17,45.45,43.8,48.31,56.56,56.67,51.24,53.39,53.23,52.1,50,
after-iter:47.97,76.72,36.36,29.75,27.27,25.42,27.27,20.66,19.49,22.31,22.31,24.37,23.97,22.5,22.13,19.01,27.73,
before-iter:24.37,34.43,36.36,30.83,29.75,12.5,15.7,21.77,21.67,20,19.17,18.49,29.51,18.49,21.67,22.76,24.17,19.17,
iter=48: 19.17,37.7,41.18,44.26,42.37,54.92,47.5,43.8,49.17,45.38,44.17,
after-iter:42.15,47.11,42.62,16.81,17.65,25.41,25.21,22.5,25.62,28.1,27.5,28.93,30.51,29.27,27.73,28.93,28.1,30,
before-iter:28.81,45.9,28.69,26.27,29.75,31.97,27.97,28.93,29.41,29.17,29.51,29.17,28.46,30,31.67,35.29,28.1,
iter=49: 28.33,38.84,48.74,50,49.18,49.58,54.47,55.83,55.83,55,51.67,
after-iter:50.82,59.02,32.2,27.5,28.33,30.33,29.41,28.93,28.57,29.51,28.33,27.27,28.33,27.35,29.51,29.75,29.41,
before-iter:30.58,35.54,45.38,30.25,29.51,29.17,30,28.1,29.17,29.17,30.58,29.17,29.75,35.83,31.97,29.75,29.41,27.64,
iter=50: 30.33,49.14,56.56,52.07,51.67,52.94,54.1,53.33,54.92,55,56.67,
after-iter:50.41,58.82,28.93,33.33,30.33,30.83,33.88,28.57,32.5,29.51,32.23,31.09,32.5,31.67,31.09,36.89,40,
before-iter:34.43,50,31.15,30.25,33.61,30,32.77,32.5,29.51,32.2,33.33,30.25,30,30.83,31.71,31.93,30.58,
iter=51: 28.33,34.71,51.67,49.58,51.22,57.98,59.84,65.32,64.17,57.5,54.17,50.83,
after-iter:55.46,56.45,31.67,31.36,31.4,35.54,28.69,33.9,30.83,31.67,29.75,30.83,31.4,29.75,29.17,28.33,27.87,
before-iter:29.91,46.67,28.93,32.23,34.43,29.66,33.06,33.88,33.61,35.54,29.27,32.23,34.17,36,35.29,32.5,30.83,
iter=52: 32.79,39.67,52.1,51.24,50.42,51.24,53.33,55.74,54.62,54.1,52.07,
after-iter:47.06,69.42,57.5,29.75,28.81,31.97,30.33,32.2,29.75,29.66,30.33,31.67,31.09,29.6,30,33.88,31.15,31.09,
before-iter:31.67,50.41,34.15,28.33,28.93,28.93,27.5,30,29.17,31.67,30.58,29.66,27.5,28.69,28.57,27.87,27.73,
iter=53: 28.93,40,52.07,50.83,52.1,56.67,56.1,54.24,55.28,57.02,57.14,
after-iter:56.56,62.81,39.5,31.67,27.5,39.02,29.41,31.09,33.61,27.97,30.16,33.06,31.15,28.93,26.89,28.69,29.17,
before-iter:30.51,35.48,49.17,29.17,27.12,27.87,29.17,28.57,28.1,28.33,27.5,27.27,28.1,26.89,26.67,21.49,21.67,23.97,
iter=54: 22.13,46.67,45.9,46.72,52.03,62.5,52.07,52.94,58.2,51.61,
after-iter:48.36,54.17,41.67,23.14,21.67,49.59,75,55,21.67,28.8,31.09,23.33,20.17,23.14,22.13,25,24.17,27.05,
before-iter:22.5,85.25,33.33,22.76,24.17,60.98,24.37,25.2,22.5,21.67,25,21.49,23.58,27.05,21.19,21.31,21.01,
iter=55: 20.66,38.52,44.92,46.67,47.11,52.46,47.11,48.33,49.17,48.36,45.08,
after-iter:46.34,57.38,21.19,21.31,20.83,24.79,25.2,20.17,35.25,32.23,25,26.23,21.85,20.83,29.03,20.83,21.67,
before-iter:22.13,46.34,24.79,24.17,23.39,24.17,20.34,22.95,21.67,21.85,24.19,23.14,22.69,23.33,23.39,21.01,23.58,
iter=56: 22.13,39.02,53.72,50.82,47.01,46.72,50.41,51.24,49.58,51.64,47.9,
after-iter:50.83,56.2,21.14,23.53,21.01,23.97,27.87,21.49,25.21,21.85,20.66,24.59,22.5,25.81,28.93,28.33,38.84,
before-iter:27.87,45.38,30,24.59,21.67,23.97,23.14,22.5,22.95,23.97,22.5,22.31,22.31,21.01,26.61,25.62,23.97,
iter=57: 26.67,54.92,69.42,95.83,95.9,96.67,92.74,100,100,90.24,84.03,85.12,73.98,91.67,84.55,85.83,75.61,68.6,
after-iter:66.67,75.83,50,53.23,38.02,50.83,50.43,45.9,46.34,36.36,64.23,54.17,68.38,74.19,84.03,64.23,70,
before-iter:37.5,40.98,28.1,21.31,27.05,20.83,25,22.95,21.01,20,25.62,24.59,23.33,23.14,22.13,34.17,71.9,
iter=58: 57.63,43.55,61.98,63.64,94.26,78.99,89.43,65,71.67,77.42,90.91,61.16,77.69,65.29,
after-iter:60,64.52,63.64,35,33.61,31.97,28.1,32.23,33.33,26.67,27.5,44.72,35.9,30.33,76.86,39.5,36.36,29.51,
before-iter:41.18,90,65.04,39.67,40.98,40.83,39.17,40.65,33.06,33.88,32.23,35.25,47.5,50.42,43.8,29.75,44.17,
iter=59: 49.15,52.03,63.87,48.8,50.83,60,61.48,51.26,50.82,52.94,52,46.61,
after-iter:50,46.22,22.76,26.02,24.37,24.39,30,75.21,71.07,72.5,91.74,77.69,54.92,39.5,45.38,46.34,63.56,
before-iter:59.5,68.85,22.88,35.54,34.45,54.4,22.5,30.33,34.45,33.33,35.04,27.87,32.23,27.87,30.83,25.62,36.13,
iter=60: 29.51,64,59.66,90,88.52,85.12,90.08,94.07,89.43,95.83,74.79,52.03,62.3,47.5,
after-iter:87.7,76.86,83.05,37.19,36.36,54.62,47.54,37.82,48.36,37.29,36.07,32.5,22.69,21.77,31.09,42.15,49.58,46.22,
before-iter:47.54,69.17,27.64,24.79,28.93,21.01,29.75,26.83,38.66,25.21,21.31,30.33,23.53,44.72,35,35.25,25,
iter=61: 40.34,31.97,46.67,45.83,49.17,52.5,81.82,57.02,57.14,77.69,71.9,65.29,56.2,
after-iter:51.67,76.86,47.11,35.83,37.19,39.5,48.33,45.08,55.65,50,47.11,43.44,29.75,23.14,23.33,31.97,35.83,
before-iter:24.59,55.08,30.58,29.41,38.1,23.73,22.31,25.83,23.53,29.51,25.2,22.22,23.97,33.33,44.54,42.15,52.5,
iter=62: 49.18,29.66,48.76,56.56,96.06,97.48,95.08,100,95.12,95,83.33,82.11,71.43,71.07,73.55,57.14,45.08,
after-iter:51.24,57.02,23.58,23.33,26.45,22.03,38.33,26.23,23.77,23.97,32.23,23.77,36.89,45.9,49.17,41.46,40.83,
before-iter:28.57,65.83,39.34,22.31,22.5,22.31,22.88,22.95,28.33,20.66,20.17,21.31,19.83,22.5,19.33,20.83,20.66,
iter=63: 23.33,28.33,48.33,45.08,46.67,52.85,47.5,49.59,52.89,49.59,46.67,
after-iter:47.54,53.72,21.67,20.49,21.31,20,22.13,20.34,22.76,19.49,20.49,19.33,21.31,19.33,20,20,21.31,
before-iter:20,33.33,28.46,19.33,20.66,20.49,20,22.13,19.67,19.33,20.66,19.67,19.83,26.89,24.17,20,22.5,
iter=64: 33.61,46.61,50.82,62.5,47.9,60.66,48.74,52.85,83.87,97.56,96.67,91.74,90.98,98.33,100,86.78,93.33,82.93,95.83,
after-iter:90.83,84.43,61.16,75.83,66.67,66.94,41.67,39.67,29.75,42.98,68.91,54.92,62.18,29.03,29.75,33.33,57.38,93.44,
before-iter:78.69,81.82,59.02,63.33,61.79,24.37,29.17,39.17,61.16,81.97,67.77,36.36,38.84,50.4,44.07,41.8,27.73,
iter=65: 27.27,49.58,45.08,48.33,52.94,51.24,49.18,64.71,50.4,53.85,56.45,
after-iter:41.53,53.28,29.66,30.58,42.62,44.17,31.97,20.83,21.49,25.42,20.49,20,20.49,19.17,19.83,20,21.01,19.83,
before-iter:20.17,40.5,19.33,21.85,21.14,20.66,20,20.83,20.49,21.67,18.49,21.14,19.33,26.45,20.69,23.77,20.49,
iter=66: 19.33,41.8,42.5,43.22,42.98,47.11,70.25,77.05,56.67,65.55,64.75,59.17,
after-iter:46.28,56.3,41.32,42.15,26.45,21.67,25,28.1,22.5,21.67,22.31,25.83,45.83,38.84,45.38,36.07,26.67,
before-iter:24.17,37.5,36.13,24.17,46.34,40.34,25.2,20.17,25.62,31.4,23.14,22.5,30.58,39.5,37.5,23.77,35.29,30.58,
iter=67: 20.66,49.15,45.45,43.44,42.86,50,45.9,48.74,50,49.59,
after-iter:43.33,49.59,37.5,19.17,20.66,20.66,20,21.95,18.64,23.14,20.17,20,21.49,19.17,20.17,20.49,21.95,19.33,
before-iter:20,41.18,20,20,23.14,20.66,20.17,20.49,19.33,21.01,19.51,22.31,21.31,20.83,20.17,21.31,23.97,
iter=68: 20.17,39.5,43.8,44.54,48.76,49.18,45.38,47.97,50,50.82,43.33,
after-iter:43.9,50.83,20,19.17,20.17,20.49,19.33,19.83,20.66,20,19.33,20.66,20,19.83,19.83,20,19.33,
before-iter:19.33,41.32,23.2,20,18.64,21.95,20,18.64,19.83,20.66,22.95,20,21.01,19.33,28.93,45.9,41.32,
iter=69: 43.33,32.5,45.9,49.17,44.63,46.72,46.22,48.33,47.97,55.46,45.83,
after-iter:42.98,55.74,24.37,19.33,20.66,20.49,20.66,20.49,20.66,20.66,20.83,21.85,20.17,22.95,21.01,22.76,43.8,
before-iter:47.01,37.7,30.83,20,24.17,20,19.33,21.85,22.76,38.98,28.69,20.66,30.58,25.21,21.31,19.17,20,20.49,
iter=70: 20.83,45.83,42.98,43.33,45.83,46.67,50.41,47.11,49.17,59.5,
after-iter:45,48.74,37.7,26.23,21.77,19.49,21.31,20,23.53,20,22.95,20,19.33,20.66,20.17,20.33,19.83,18.33,
before-iter:20.83,40.83,19.17,19.17,21.85,20.66,20,20.97,19.17,20.66,20.33,20.83,21.49,21.14,19.33,20.83,20,
iter=71: 19.17,43.8,42.5,45,43.33,47.15,47.5,48.76,48.33,50,44.07,
after-iter:44.63,47.93,21.95,21.31,19.49,43.09,49.59,52.46,33.06,22.31,21.31,29.17,41.46,52.94,52.5,39.67,45.38,
before-iter:50.81,57.14,23.33,30,23.14,23.33,20.83,21.49,21.49,21.01,21.85,21.95,19.67,21.49,21.49,21.95,24.79,
iter=72: 21.31,33.88,44.26,44.63,44.54,47.9,47.15,48.76,50,48.31,46.77,
after-iter:44.07,55.83,23.97,40.16,25.21,20,27.27,21.01,22.95,19.83,19.17,22.76,29.75,30.58,22.03,24.6,21.85,
before-iter:31.09,38.52,45.08,48.33,26.02,26.27,27.73,24.79,22.5,27.5,22.31,22.5,21.49,24.37,23.14,19.83,21.31,22.69,
iter=73: 22.58,47.11,47.5,46.34,46.67,47.5,49.59,47.5,52.85,49.59,47.9,
after-iter:48.36,53.72,28.57,26.83,21.19,20.83,26.23,31.09,39.34,37.19,26.05,23.33,27.64,22.31,21.67,24.59,48.74,
before-iter:47.93,59.02,42.5,39.17,26.45,19.83,27.05,21.49,23.97,21.01,23.2,22.31,20.66,23.14,20.49,19.83,21.31,
iter=74: 20.34,34.15,45.83,42.86,44.63,47.93,46.67,49.17,48.78,49.17,48.76,
after-iter:44.63,54.92,23.77,19.49,20.66,20.17,21.95,20.83,21.67,20.17,21.49,21.49,19.33,21.31,22.76,21.19,21.77,
before-iter:21.31,33.06,31.4,21.19,23.58,23.53,23.77,21.85,35.48,44.54,22.88,26.61,28.1,22.5,22.03,34.96,37.82,39.02,
iter=75: 41.32,55.83,47.9,54.47,43.7,55.37,50,50,48.76,49.58,43.8,
after-iter:45.38,48.76,36.67,36.36,22.5,21.85,26.83,23.53,21.14,20.66,21.49,20.83,29.75,39.17,36.36,31.93,23.77,
before-iter:45.45,44.44,19.83,28.46,30.83,48.76,35,20.49,40.98,46.22,20.83,23.97,34.17,39.67,47.5,53.28,35.48,
iter=76: 32.77,53.72,62.18,47.97,69.49,63.93,51.26,77.24,69.17,73.33,67.21,67.5,73.77,59.17,
after-iter:45.83,54.62,28.46,37.82,46.28,38.66,40.5,23.97,46.28,43.8,44.54,37.4,28.1,27.27,20.83,20.49,20.66,
before-iter:21.49,38.66,24.39,20.66,21.67,20.66,20.83,20.34,20.49,21.49,22.76,26.27,21.31,20.83,22.31,28.57,32.23,30.58,
iter=77: 52.5,95.8,57.02,44.17,55.46,55.65,50.42,52.1,59.02,53.28,75,90.83,68.85,
after-iter:50.41,57.85,25.41,23.14,27.73,24.79,65.04,45.45,23.93,60.16,71.9,30.65,66.95,48.78,25.62,71.67,40,
before-iter:23.97,38.84,34.17,24.39,19.83,19.49,21.14,18.49,20.83,20,19.01,20.49,19.83,28.33,21.67,22.69,25.41,
iter=78: 22.95,26.27,46.72,44.92,45.08,53.33,48.76,49.18,48.33,49.58,45.53,
after-iter:44.54,54.47,26.67,21.49,23.97,20.17,22.31,20.83,20.49,19.35,20.17,19.83,18.8,20.49,19.83,18.49,21.77,
before-iter:19.17,27.5,33.9,23.77,22.13,19.49,19.83,20.49,20,20.66,18.49,20.66,18.49,19.83,20,19.17,19.17,19.83,
iter=79: 26.45,45,42.98,46.22,45.83,49.18,45,48.39,48.33,47.11,
after-iter:43.33,47.97,43.33,20,19.17,20.49,19.83,21.31,20.17,20.49,18.64,20.66,19.33,21.49,22.31,19.33,20.49,19.49,
before-iter:19.17,42.28,23.14,22.13,18.64,20.49,18.49,20.66,19.67,19.01,24.59,19.17,20,19.33,19.17,20.49,19.33,
iter=80: 20.97,36.97,42.5,43.8,42.62,53.78,48.76,47.5,47.93,47.11,44.07,
after-iter:45.97,49.58,20.66,20.83,20.66,19.17,19.17,19.83,19.83,20,19.17,20.49,19.83,19.67,19.83,20.49,22.5,
before-iter:19.83,42.28,21.31,19.83,20.17,18.49,20,19.83,19.83,18.49,20.66,19.33,20.49,20.49,19.17,21.01,19.83,
iter=81: 18.33,28.57,45.08,44.17,43.7,46.34,46.67,47.93,47.5,46.22,53.33,
after-iter:43.44,52.89,26.23,20,19.17,24.17,19.83,18.64,19.83,19.83,19.83,19.17,19.83,19.83,19.17,19.83,19.67,
before-iter:21.49,27.73,31.67,19.83,19.17,20.83,19.01,20.97,19.83,19.49,19.83,23.14,18.64,21.49,24.79,25.62,27.2,25.62,
iter=82: 25.62,62.18,77.24,74.8,42.86,46.34,42.86,42.62,45.83,43.44,36.75,
after-iter:38.71,47.9,14.88,21.19,15.7,14.41,16,14.88,14.17,16.81,14.29,16.53,14.41,16.39,15.13,15.7,15.57,
before-iter:15.13,29.51,22.95,15.7,16.67,14.41,14.75,15.83,15,15.57,24.79,17.36,15,18.85,20.66,25.42,26.61,
iter=83: 25.42,19.67,39.5,47.97,51.24,50.81,50,53.23,54.62,52.03,50.83,
after-iter:39.17,54.55,44.63,27.42,27.97,27.73,26.05,27.64,35.54,29.66,27.87,27.5,27.97,28.46,27.97,28.1,27.73,30.33,
before-iter:27.27,52.89,28.93,27.5,28.1,29.51,26.05,28.57,28.33,26.67,27.27,27.73,31.97,27.12,30.4,30.58,27.73,
iter=84: 33.33,43.8,59.5,56.3,52.07,52.07,57.72,57.14,59.66,59.02,56.56,52.07,
after-iter:50.83,58.33,27.27,28.93,27.5,27.5,29.17,27.5,27.73,30.08,28.57,33.61,28.69,28.33,27.87,30.58,30.58,
before-iter:28.33,48.33,30.83,27.27,27.5,46.72,39.67,44.44,29.84,28.21,28.69,71.67,62.18,55.37,57.02,57.85,54.55,
iter=85: 30.25,37.19,55,51.67,51.24,55.46,55.28,58.33,59.66,56.8,58.12,51.24,
after-iter:54.47,58.47,26.67,26.89,31.15,26.67,31.4,29.17,26.45,27.27,28.46,29.75,26.27,27.5,26.23,36.13,28.57,
before-iter:28.46,46.22,30.33,27.73,27.27,28.69,28.33,29.75,26.67,28.69,27.97,28.69,27.97,28.93,26.67,27.27,30.08,
iter=86: 30.83,34.45,54.55,56.2,50.42,52.94,57.85,58.87,57.5,63.11,58.47,56.1,
after-iter:51.67,62.81,32.5,29.75,29.75,27.5,28.57,37.82,28.33,28.33,28.46,27.5,26.89,28.69,29.51,28.33,26.89,
before-iter:29.17,36.67,50.41,28.1,26.67,26.45,28.1,27.73,29.03,29.41,27.42,29.41,28.69,27.27,25.21,28.1,31.15,28.33,
iter=87: 27.73,54.17,52.46,50.42,52.46,54.62,58.33,61.48,58.33,58.2,51.24,
after-iter:53.28,63.11,32.77,28.1,31.67,28.1,27.73,27.73,28,26.89,28.1,28.93,27.35,27.64,27.05,26.05,29.51,
before-iter:27.5,37.82,41.53,28.69,30.58,30.58,34.17,28.69,27.73,29.41,29.75,30.25,33.06,31.67,31.67,28.93,29.66,28.93,
iter=88: 30.33,53.78,51.24,55,54.92,57.63,57.38,60.16,58.82,62.5,53.33,
after-iter:52.89,62.3,32.48,28.93,29.51,31.97,27.5,27.5,28.33,29.51,30.25,28.93,26.67,27.5,27.05,28.33,27.73,
before-iter:27.5,35.48,44.92,27.5,27.05,27.12,28.93,28.46,39.5,25.83,31.4,32.5,28.1,29.51,31.67,31.09,26.67,30.08,
iter=89: 30,52.94,51.24,52.07,50.83,57.5,56.56,60,60.66,60.83,55,
after-iter:51.67,60,42.74,30,27.73,27.97,41.46,28.1,33.05,28.93,28.33,26.45,27.73,27.87,28.57,27.5,28.33,28.1,
before-iter:27.27,52.89,28.93,27.97,27.64,26.67,28.33,27.27,28.1,28.1,26.05,27.12,30.89,25.83,39.17,26.67,26.23,
iter=90: 25.42,43.7,51.24,55.28,50.83,55,56.67,57.02,58.33,58.68,54.17,
after-iter:51.22,55.37,49.17,29.75,28.33,26.45,28.1,27.87,28.33,30,27.27,28.1,31.09,27.27,28.1,29.75,27.73,28.93,
before-iter:27.5,52.89,30.25,29.17,29.75,25.83,32.23,27.87,28.93,28.1,25.83,28.93,27.27,27.5,30.08,29.75,27.73,
iter=91: 28.1,50.41,51.67,50.85,53.23,53.78,55.83,59.84,58.82,58.87,55.08,51.64,
after-iter:53.39,54.1,27.27,27.12,29.51,28.93,26.89,32.79,28.93,27.12,25.62,28.33,29.75,27.5,28.93,27.27,26.45,
before-iter:28.93,64.41,54.17,52.85,29.17,28.57,26.23,26.67,29.51,27.97,29.51,26.67,27.12,27.27,29.84,26.67,31.93,
iter=92: 27.73,38.02,52.5,53.72,52.07,58.68,59.17,58.33,62.5,57.5,57.38,51.67,
after-iter:51.67,63.64,29.75,24.79,29.75,28.33,29.27,27.73,26.67,28.69,27.87,31.36,29.51,31.97,27.5,28.33,27.5,
before-iter:30,42.15,40.5,28.57,30.58,28.33,27.87,28.21,29.03,28.93,26.45,28.1,27.12,33.33,25.42,28.1,33.33,27.87,
iter=93: 31.09,54.55,49.58,52.89,54.47,58.33,60.5,58.33,65.57,59.5,55.46,
after-iter:53.33,61.16,30.25,28.23,26.27,38.52,39.67,29.17,27.12,29.27,64.71,60.33,56.2,55.46,55.46,53.33,31.97,
before-iter:29.75,48.31,42.98,28.23,26.89,29.17,25.83,27.73,30.58,28.69,27.12,28.93,28.93,26.89,27.64,27.87,30,28.1,
iter=94: 26.67,52.5,51.26,52.89,52.94,54.55,56.2,57.5,57.5,58.82,53.33,
after-iter:50.82,68.03,43.33,27.87,27.73,29.27,29.66,28.93,29.75,27.5,28.1,26.67,28.46,26.5,26.89,28.33,26.23,28.69,
before-iter:27.12,53.33,28.57,29.03,26.89,28.93,28.33,26.45,28.57,28.1,27.5,35.54,24.37,28.33,27.5,25.83,26.67,
iter=95: 28.93,46.72,53.78,52.07,52.5,56.67,59.66,59.35,57.85,57.14,55.83,52.89,
after-iter:51.64,57.85,26.05,28.1,35,27.05,27.12,27.05,29.75,29.75,27.5,29.17,27.05,27.73,28.1,27.12,27.87,
before-iter:27.87,52.54,29.17,28.69,27.12,29.84,27.73,35.54,26.89,27.5,29.75,32.2,28.33,29.03,26.27,28.69,26.89,
iter=96: 26.67,37.19,52.5,52.5,51.67,52.5,55.83,55.74,58.68,57.85,57.85,51.67,
after-iter:53.78,63.33,30.83,27.27,27.73,27.87,26.89,29.03,35,28.1,27.5,28.1,28.57,28.57,25.64,28.69,30,
before-iter:28.33,39.5,41.32,27.05,27.5,27.5,28.57,28.93,26.45,27.97,30.89,27.73,28.1,27.73,26.83,27.5,30,29.75,
iter=97: 27.73,53.66,50.85,52.03,50.85,55.37,57.85,58.2,57.85,58.33,53.72,
after-iter:51.64,61.16,36.67,26.45,29.41,31.71,25.42,28.93,27.73,28.1,27.27,28.33,29.41,33.88,27.73,29.17,27.87,30,
before-iter:28.93,50.41,28.57,26.67,25.83,28.1,28.93,28.1,27.12,28.33,27.27,27.73,28.33,29.84,27.27,27.5,26.05,
iter=98: 29.03,47.54,52.94,53.72,52.94,55.74,56.45,57.98,57.14,58.68,55.46,
after-iter:52.07,53.28,52.5,27.27,29.17,28.33,27.5,28.1,27.27,28.33,28.33,26.89,27.87,28.33,27.05,26.89,31.67,41.8,
before-iter:28.33,52.94,28.8,28.69,26.27,26.45,28.33,27.87,27.73,32.23,26.67,29.75,26.67,29.27,27.5,27.87,26.89,
iter=99: 29.51,45.83,52.1,51.26,52.46,54.17,58.68,57.5,58.68,58.68,54.62,
after-iter:51.67,54.17,51.22,30,28.33,30.33,27.5,28.1,27.27,31.97,27.73,27.42,26.67,26.45,26.67,31.4,39.34,47.97,