before-iter:99.2,93.44,98.41,100,100,98.35,100,95.04,86.55,68.03,62.3,46.34,20.66,20,27.5,19.01,
iter=0: 24.79,34.43,41.18,39.5,38.89,29.31,32.8,60.98,41.53,37.7,38.02,36.59,31.4,
after-iter:32.79,27.27,10.92,16.39,19.83,25,25.2,28.33,36.29,82.11,85.12,36,57.5,13.82,6.67,21.67,34.68,
before-iter:10.57,45.08,23.58,48.76,14.05,8.26,30.33,56.91,12.5,7.44,8.8,19.01,22.13,28.93,7.32,8.33,9.68,
iter=1: 40.34,32.8,30.89,33.33,29.75,29.51,58.87,51.24,33.06,47.93,82.93,66.39,50.41,
after-iter:37.7,42.98,75,64.46,47.9,37.4,15.7,32.52,20.49,72.5,42.28,25,52.85,25.62,36.89,55.74,58.68,
before-iter:58.68,38.4,18.49,15.45,16.26,12.5,26.45,13.56,15.32,11.48,15.57,45.9,17.8,19.51,62.81,51.26,48.78,
iter=2: 47.5,49.59,47.11,38.02,33.88,49.59,36.59,41.8,37.5,54.47,42.02,42.62,34.43,55.74,
after-iter:35.54,24.59,15.57,22.31,14.88,18.85,34.68,35.25,36.13,25,25.42,69.67,46.4,66.39,71.9,50.41,36.89,
before-iter:34.96,61.98,37.5,18.85,18.7,14.29,17.21,14.17,14.75,13.22,16.53,19.83,13.22,13.82,12.3,7.5,21.95,
iter=3: 9.76,30,32.26,35.83,36.07,37.82,36.59,45.45,31.67,33.33,36.89,34.68,36.36,
after-iter:34.15,40,17.07,17.21,16.13,12.5,9.17,16.26,9.84,13.11,11.57,15.32,12.61,16.13,14.52,15,33.06,
before-iter:26.02,87.6,69.92,63.87,64.46,38.52,12.61,41.8,36.59,23.14,12.3,18.85,13.22,12.2,55,52.42,55.37,
iter=4: 43.9,79.51,75.83,51.22,59.84,46.34,34.17,74.59,51.64,33.61,37.7,60.66,34.15,33.61,
after-iter:60.83,62.6,25.62,75.83,67.5,55.37,39.84,23.14,20.49,13.93,13.11,18.18,11.38,17.21,14.05,10.08,11.57,
before-iter:43.7,40.8,45.83,14.17,12.8,7.5,11.57,11.2,9.92,25.62,15.57,14.05,24.17,17.21,11.57,15.13,35.54,29.84,
iter=5: 22.31,34.96,42.15,46.72,43.9,45,49.18,43.8,43.9,56,49.57,46.34,47.5,
after-iter:45.53,47.97,21.31,20.83,15.57,21.49,13.33,12.9,10.74,9.02,13.01,9.09,10.74,10.57,11.38,9.92,20.66,
before-iter:15.45,26.23,11.48,18.18,27.5,38.84,49.59,36.13,19.67,19.01,13.82,9.09,21.67,13.71,30.25,22.58,14.41,
iter=6: 12.3,26.23,37.7,32.23,31.71,32.5,36.07,30.33,30.58,32.79,35.83,33.61,33.88,
after-iter:30.58,23.33,11.38,9.84,34.17,16.53,10.48,15.7,10.66,12.4,12.5,9.24,12.8,10,9.84,11.48,10.74,
before-iter:15,27.87,15.57,12.5,9.84,10.74,27.42,13.93,22.31,21.49,26.27,32.52,22.13,11.48,26.61,25.62,15.7,
iter=7: 29.75,44.35,30.25,50,38.84,33.33,37.1,41.32,39.34,33.88,38.02,32.52,
after-iter:35.54,33.88,28.46,12.5,30.33,21.31,11.48,16.39,23.33,18.85,41.94,90.16,55.74,13.11,12.4,11.48,12.5,11.38,
before-iter:23.33,45.9,24.59,14.88,20.17,13.01,9.17,17.89,11.67,10.66,9.09,30.83,34.4,38.33,28.46,27.42,26.89,
iter=8: 26.61,47.06,49.59,84.17,87.2,84.17,64.75,68.29,31.4,30.83,33.33,39.67,30.58,30.89,
after-iter:46.67,41.46,27.87,29.75,16.81,50.41,24.59,27.64,30.25,29.51,28.57,12.1,15.7,28.46,25,29.27,17.36,
before-iter:13.68,31.71,16.53,28.33,21.14,24.79,19.83,20.66,17.07,13.22,12.3,11.57,16.53,50.82,19.35,19.67,15.83,
iter=9: 13.33,25.2,33.61,29.51,30.33,30,37.19,68.55,58.2,38.84,58.33,42.98,42.28,
after-iter:42.28,33.05,24.39,9.4,11.2,17.5,12.2,9.02,10.74,9.92,9.76,10,10.57,12.3,20,30,36.89,
before-iter:26.61,16.81,21.49,17.89,8.2,12.4,15.7,9.84,10.83,12.1,12.4,9.02,11.48,11.38,7.63,12.3,11.57,
iter=10: 9.84,33.06,39.02,32.5,31.4,33.33,29.17,30.89,33.61,29.75,30.58,31.09,31.97,
after-iter:30.83,46.34,14.05,17.21,17.89,12.4,10.74,13.11,14.63,14.05,24.59,30.58,30,25.21,17.07,19.67,31.97,
before-iter:23.14,26.02,12.61,16.8,10.08,10.74,11.38,7.63,14.52,9.17,11.67,25.62,14.75,12.4,5.88,20.8,10.66,
iter=11: 9.76,22.69,32.52,30.25,33.6,29.41,38.52,79.67,62.18,54.1,34.96,33.05,80,67.5,
after-iter:42.02,47.97,82.64,76.42,66.67,19.83,19.35,11.67,17.5,25.62,12.2,10.66,17.36,13.82,20,17.36,10.48,
before-iter:14.29,31.45,17.36,28.69,52.46,13.22,13.22,14.63,9.76,13.22,13.11,13.11,11.57,16.67,13.01,10.83,11.48,
iter=12: 8.2,67.5,71.67,57.72,61.98,84.3,78.51,40.32,42.5,35.77,28.57,30.33,31.4,30.33,
after-iter:30.58,27.64,9.02,9.02,7.44,13.01,18.85,8.26,11.48,7.44,8.94,18.18,10.66,17.89,18.85,19.01,16.53,
before-iter:15.57,46.34,14.75,19.51,14.17,24.17,34.71,29.51,35.29,23.58,34.43,32.52,25.21,32.54,45.83,23.97,19.17,
iter=13: 51.64,37.1,68.38,46.72,36.67,50,59.68,51.64,58.82,63.93,60.48,59.5,91.67,97.54,60.33,83.74,
after-iter:78.15,73.17,71.9,54.92,77.05,39.17,26.23,26.23,15.97,47.54,17.36,38.52,43.33,45.97,28.69,27.5,40.5,36.59,
before-iter:33.61,50,41.32,44.8,53.33,50,61.48,66.67,66.94,75.21,68.91,65.04,70,51.61,44.72,69.17,57.5,
iter=14: 62.81,74.38,95.12,96.67,76.23,69.35,80,83.33,82.5,68.03,77.69,93.33,93.5,100,93.33,67.21,42.98,44.17,72.36,49.58,49.18,
after-iter:52.46,55.83,28.33,47.9,60.33,91.13,81.2,80.49,60.83,28.93,23.77,38.33,35.83,58.2,61.16,76.92,87.6,
before-iter:77.17,58.2,37.5,37.7,63.64,30.58,41.32,34.71,39.34,41.67,41.67,33.06,60.5,43.9,64.75,50.83,90.16,
iter=15: 50.76,81.3,98.32,59.68,68.6,90.08,83.47,97.52,50,38.52,41.94,61.98,49.15,40.32,36.67,47.58,
after-iter:38.84,52.89,52.03,18.03,10.74,24.79,20.16,16.53,13.93,13.22,23.39,11.67,31.4,22.76,25,25.2,37.5,20.49,
before-iter:27.64,52.07,48.36,45.08,31.4,58.2,37.5,43.09,36.36,26.02,18.33,22.31,21.95,40.17,30.89,34.43,48.33,
iter=16: 28.1,40.98,46.34,45.08,66.67,76.61,78.33,71.9,97.56,63.64,66.94,69.17,56.45,62.5,50.83,53.23,
after-iter:81.82,46.77,26.05,26.23,29.51,24.39,18.85,15.7,18.03,19.51,12.5,17.89,22.95,23.14,19.51,25.62,21.49,
before-iter:24.39,48.76,43.33,23.33,21.77,23.77,31.09,27.5,39.52,12.2,11.76,24.19,13.22,24.39,17.36,27.5,27.2,35,
iter=17: 52.89,93.39,50.83,75.41,37.7,56.1,68.6,49.18,42.15,82.11,47.11,39.17,62.81,65.57,52.03,
after-iter:59.35,66.12,45.83,43.7,33.06,42.98,30.33,29.51,21.85,22.13,21.49,20.97,22.88,25.62,20.66,26.67,22.76,
before-iter:20.49,48.36,18.03,18.18,19.83,18.03,19.51,20.33,28.81,17.5,23.81,16.81,15.57,18.7,18.18,16.53,24.39,
iter=18: 35.83,72.27,78.23,78.81,83.06,87.5,63.71,56.67,48.76,43.9,42.28,38.84,43.22,39.84,39.34,
after-iter:50.42,39.52,15,13.33,36.36,35.25,63.41,74.38,59.02,50,51.26,15.45,10.83,8.4,13.01,10.92,10,
before-iter:18.18,39.02,46.67,34.17,37.19,31.71,81.82,78.33,98.37,99.17,100,100,100,94.07,89.34,94.96,95.87,
iter=19: 97.56,91.6,98.35,98.35,95.04,59.02,52.89,61.67,82.11,75.83,77.24,77.87,74.38,75.61,65.83,72.73,61.79,63.41,85.25,96.72,
after-iter:99.18,81.82,83.61,52.89,30.89,27.05,27.87,35.54,34.45,27.27,33.61,35.25,28.33,27.64,31.4,50.83,63.49,52.1,
before-iter:38.21,71.9,40.16,42.15,47.5,46.77,33.33,60.98,26.89,34.43,47.06,51.61,38.02,32.52,33.06,28.33,28.46,
iter=20: 30.25,40.16,49.59,54.55,53.33,58.2,46.34,46.67,47.15,51.26,52.5,48.36,44.35,43.7,
after-iter:44.26,51.64,40.5,27.87,27.05,26.83,27.73,26.02,26.45,27.5,26.02,26.67,26.45,27.05,24.79,34.43,46.72,
before-iter:28.1,38.02,40.16,27.05,39.17,30.33,22.95,25.62,27.87,27.05,26.45,27.05,47.54,34.17,32.8,41.38,65.32,42.02,
iter=21: 31.15,63.41,62.18,66.67,62.3,51.22,82.64,60.83,48.78,47.11,48.33,56.1,48.33,62.1,74.58,
after-iter:61.29,54.24,35.77,21.14,20,20.66,20.49,21.14,20,24.59,34.17,53.66,34.71,50.41,52.85,50.42,79.34,26.61,
before-iter:33.9,48.78,26.67,43.9,55.37,63.93,34.43,44.63,27.87,36.97,32.52,40.83,40.5,31.71,28.93,35.25,35.25,
iter=22: 44.63,68.6,86.07,66.39,79.34,85,62.81,59.5,65.32,45.83,64.23,56.67,74.17,81.97,52.03,75.81,89.92,78.51,
after-iter:59.02,67.77,45.38,46.67,60.98,54.55,44.17,44.72,40.32,29.41,68.8,100,80.99,46.77,30.33,32.5,41.32,
before-iter:30.58,37.7,50.41,36.36,30.83,94.35,86.55,62.9,70.59,54.55,33.87,8.33,28.23,25,10.74,9.17,22.31,
iter=23: 19.67,25.2,32.79,31.93,29.75,38.02,30.58,39.52,50,51.64,63.41,31.93,33.61,
after-iter:41.8,30.08,7.63,11.48,4.13,4.88,7.38,5,6.5,4.92,24.79,18.4,17.21,20.83,56.2,66.67,54.31,
before-iter:47.2,84.03,59.35,10.92,57.85,57.85,50.41,30.33,40.65,40.5,33.61,32.23,26.67,29.75,16.53,24.59,9.76,
iter=24: 9.84,20,41.67,29.37,34.71,31.97,30.33,29.17,28.33,29.27,41.18,46.34,32.5,
after-iter:35.54,35.25,16.39,17.21,22.03,21.77,12.4,19.83,7.44,8,14.29,13.71,16.13,66.67,61.67,78.99,78.86,
before-iter:61.98,72.95,40.5,47.5,60.48,61.86,76.86,44.26,11.29,4.24,10.57,6.56,4.17,6.61,46.34,52.89,65.55,
iter=25: 40.5,60,65.57,70,66.12,59.02,63.93,63.33,36.67,40.65,32.23,34.17,33.61,
after-iter:30.33,38.66,15.7,18.7,17.21,6.56,24.37,8.87,5.88,7.32,7.38,5.74,5,7.44,6.56,9.02,10.66,
before-iter:18.85,15.25,16.94,5.93,5.04,9.68,5.79,6.67,6.5,6.56,8.26,14.75,9.92,29.51,35,23.77,22.13,
iter=26: 6.72,13.01,50,30.33,28.33,30.58,27.05,28.93,28.69,30.08,59.32,55.65,27.5,
after-iter:29.27,19.33,4.92,8.8,14.53,17.07,16.26,27.73,30.58,85.25,62.6,45.45,32.5,6.72,24,21.85,8.26,
before-iter:26.45,43.33,10.66,5.83,16.94,22.5,20.16,19.17,3.31,4.92,4.2,9.02,6.67,7.26,4.92,4.1,3.36,
iter=27: 5.69,37.5,43.8,42.62,35,27.27,27.05,27.64,27.5,26.45,26.83,26.05,
after-iter:52.42,28.1,25.41,36.59,24.79,21.31,4.17,4.13,15.57,2.48,4.92,15,27.64,21.01,33.6,17.95,41.46,
before-iter:38.33,50,12.4,8.13,16.26,8.2,8.33,6.5,6.56,3.31,4.17,4.07,19.67,20.34,19.83,13.93,4.07,
iter=28: 3.31,18.85,26.89,28.8,26.45,26.05,27.27,27.87,41.67,47.5,45.08,39.02,
after-iter:27.87,27.73,9.76,4.88,2.5,4.88,3.33,4.13,4.92,4.96,25.21,26.02,28.33,16.67,7.44,4.07,9.92,
before-iter:13.33,13.93,12.5,8.26,9.68,15.13,38.02,38.71,29.75,37.1,33.05,29.75,27.27,18.33,6.45,21.31,4.17,
iter=29: 7.26,17.09,47.93,62.3,62.18,59.02,29.75,27.05,27.64,26.89,26.45,28.23,26.05,
after-iter:31.45,49.59,13.11,40,38.02,43.8,35.29,23.77,11.48,30.89,5.93,16.39,12.2,5.04,4.03,14.88,18.18,
before-iter:29.17,50,26.45,4.92,4,4.17,4.1,4.1,3.31,4.88,3.31,4.92,16.39,43.33,44.72,39.67,20,
iter=30: 7.44,32.5,53.33,45.53,46.28,41.32,44.8,43.8,44.92,57.26,67.48,65,75,
after-iter:61.98,58.2,28.69,26.45,30.58,38.02,47.93,40.5,24.59,29.51,47.5,38.52,45.38,15.83,22.31,22.13,22.5,
before-iter:20.49,38.33,24.17,21.49,20.49,30.25,44.26,40.16,36.67,28.69,21.67,21.67,23.58,22.13,29.27,22.5,7.44,
iter=31: 2.5,12.4,67.77,65.29,64.41,39.17,27.64,50.82,37.5,30.83,35.25,27.12,29.27,
after-iter:34.15,40,12.2,21.85,21.01,23.14,8.94,4.17,4.1,4.1,4.1,4.07,3.31,4.07,4.17,11.48,28.1,
before-iter:23.33,37.7,12.61,14.88,16.39,4.88,3.28,4.1,4.13,2.5,3.33,4.1,10.48,21.85,19.01,21.49,4.13,
iter=32: 20,65.85,52.5,43.09,27.5,40.98,44.54,27.87,27.87,47.06,40.98,42.74,
after-iter:30.77,28.8,13.33,4.17,3.25,4.13,16.67,6.5,2.5,13.93,25.41,18.33,20.83,16.53,4.1,5.65,1.68,4.13,
before-iter:8.2,18.03,3.33,4.92,4.13,5.04,19.67,27.64,19.01,6.67,4.96,14.29,7.38,4.8,5,4.07,2.5,
iter=33: 5.79,27.5,37.5,40.65,39.67,34.71,27.42,34.75,50.41,39.17,27.42,29.41,
after-iter:46.34,26.89,17.07,14.29,19.67,21.14,19.83,3.42,5.74,3.31,4.88,2.5,3.33,5.69,2.52,4.13,4.13,
before-iter:18.18,34.71,19.01,12.2,2.5,20.33,9.92,7.44,4.92,3.31,4.88,14.17,4.92,10.83,19.17,19.51,15,
iter=34: 4.76,25.83,26.45,27.05,27.27,32.52,48.76,42.5,72.95,64.46,58.68,50.41,
after-iter:41.67,42.98,15.57,21.85,31.97,31.67,14.05,21.67,13.01,61.98,20.66,21.67,34.17,21.67,44.17,32.79,11.38,
before-iter:21.14,11.86,22.76,14.29,8.2,4.1,14.05,5.74,7.44,5.74,3.33,6.45,4.92,5.83,4.13,14.29,6.4,4.13,
iter=35: 4.27,38.52,34.15,28.1,28.93,27.05,27.27,29.51,35,41.8,40.65,56.67,
after-iter:45.9,23.14,8.33,14.75,51.22,7.32,5.79,13.45,31.4,22.76,19.83,19.17,17.74,15.83,19.83,19.51,16.67,
before-iter:32.79,30,15.7,18.49,19.67,16,13.45,14.17,17.07,13.11,14.88,25.62,22.31,18.18,15.83,17.21,17.21,
iter=36: 16.67,42.62,36.89,37.29,36.89,40.65,56.67,73.98,74.59,82.79,80.33,79.83,55.65,54.62,
after-iter:55.28,48.33,23.97,13.45,13.11,13.82,16.53,16.26,8.4,13.82,12.2,8.13,8.26,9.84,10,9.92,5.79,
before-iter:9.92,12.61,22.58,10,16.53,8.13,14.05,25.83,25.41,71.67,72.73,56.56,45.83,58.2,33.61,26.45,30.33,20.49,
iter=37: 12.2,36.97,34.15,32.23,36.44,36.59,34.17,33.87,32.77,32.26,30.58,40.98,
after-iter:82.64,50.41,20,13.93,11.57,16.53,21.49,50.41,25.41,25.21,22.95,47.93,26.23,18.18,45.45,56.1,39.67,26.67,
before-iter:13.11,26.02,14.88,8.2,9.17,9.17,27.27,8.06,9.09,33.06,36.36,10,9.76,13.33,17.07,12.5,12.5,
iter=38: 9.92,31.67,37.19,29.75,36.36,31.09,29.51,29.51,28.57,33.33,29.51,29.27,
after-iter:30.25,28.1,8.26,6.61,14.88,10.74,20.66,43.09,28.33,9.09,12.2,15.57,12.5,6.61,8.26,7.56,8.13,
before-iter:7.38,21.67,8.94,5.08,9.02,7.32,5.83,7.32,8.13,13.22,13.93,9.24,11.29,38.14,11.38,17.89,30,
iter=39: 5.83,25.41,36.59,29.51,29.75,28.93,29.27,29.75,35.29,29.27,28.57,30.89,
after-iter:34.17,34.15,22.31,13.22,6.61,8.2,6.61,6.72,8.87,6.67,8.06,5.08,8.2,8.2,6.56,8.87,5,
before-iter:8.13,15.57,15.7,12.4,13.11,7.5,8.2,6.61,12.1,6.67,12.5,8.2,24.37,23.97,26.45,30,22.76,
iter=40: 9.02,36.36,57.38,40.34,44.26,33.88,57.02,50,43.33,38.21,52.07,47.9,45.45,29.17,
after-iter:41.8,52.07,24.17,38.21,26.23,27.87,14.52,35.54,44.07,43.9,50,28.1,38.84,27.5,11.38,15,8.13,
before-iter:7.44,22.95,6.67,8.13,7.38,6.61,8.94,6.67,8.94,10.08,30.33,9.92,14.29,8,7.5,13.22,11.57,
iter=41: 6.67,28.69,28.33,29.17,36.07,30.08,33.06,28.93,30.58,29.75,28.1,29.75,
after-iter:30.65,30.58,26.83,6.61,8.2,7.38,13.82,8.4,9.68,7.38,6.56,6.61,8.2,5.79,6.61,8.94,8.26,
before-iter:6.72,18.33,12.2,8.26,6.5,6.56,9.02,5.04,8.8,11.67,9.92,10.57,5.83,8.87,5.83,9.24,9.84,
iter=42: 6.61,18.7,30.33,28.93,29.75,29.51,29.41,28.93,28.93,34.43,28.1,28.33,
after-iter:35,32.79,17.21,8.94,5.04,7.32,16.67,8.13,5.74,7.38,5.79,5.74,7.32,5.83,7.26,5.74,6.61,
before-iter:6.56,11.48,14.41,13.22,16.39,6.72,8.8,5,7.38,5.74,6.61,5,6.5,8.4,7.26,5.83,5.83,
iter=43: 7.32,9.09,31.4,28.46,27.87,29.75,33.87,54.17,59.17,39.02,28.57,29.51,28.1,
after-iter:28.93,22.76,25.41,23.97,40.34,33.33,11.76,29.75,42.98,17.36,15.57,8.2,5.88,12.5,11.48,8.13,7.32,
before-iter:6.56,26.23,5.83,5.74,9.68,7.44,5.83,8.33,6.61,8.4,7.32,6.61,15.7,16.13,63.33,82.79,40.98,
iter=44: 50.82,85.83,61.67,42.28,42.74,31.93,57.5,45.45,44.72,66.95,68.85,63.93,38.33,44.17,
after-iter:52.07,70.25,31.97,41.18,32.23,28,42.15,35.29,36.13,33.88,20.33,16.81,33.61,43.55,36.67,12.9,11.76,
before-iter:14.75,54.55,47.97,46.67,47.93,22.13,34.71,12.2,18.03,18.03,35.25,91.6,75.61,56.91,55.37,36.59,30.08,10.92,
iter=45: 63.33,70.4,49.58,42.62,45.45,36.89,29.41,33.88,32.23,41.32,70,49.18,
after-iter:29.17,36.07,22.76,9.09,10.92,52.1,93.5,67.21,63.33,44.63,28.69,26.05,17.89,12.5,75.83,50,18.03,32.5,
before-iter:26.05,29.27,14.88,18.85,19.01,25.41,46.28,39.67,26.45,15.57,16.26,27.27,33.61,37.82,30.89,17.21,26.23,
iter=46: 28.1,44.26,65.57,53.72,61.34,54.1,36.97,65.57,54.03,75.41,44.63,37.4,41.32,38.52,
after-iter:36.59,49.17,23.77,22.76,24.79,16.26,20.33,24.17,20.17,25.2,20.66,28.1,46.28,45.97,59.66,44.35,23.77,
before-iter:38.02,29.17,36.59,27.42,46.72,36.67,29.75,37.19,21.01,28.93,23.14,16.67,24.39,21.14,25.42,20.33,16.53,
iter=47: 15.7,20.16,39.17,37.19,37.19,39.02,36.89,37.5,37.19,38.21,37.5,37.4,36.36,
after-iter:37.9,44.63,37.19,23.14,17.07,17.5,16.24,17.6,19.51,16.39,16.67,17.21,17.21,17.74,15.13,16.53,16.67,
before-iter:22.4,26.45,50,41.67,29.27,26.67,23.58,17.5,20.49,17.36,16.53,17.89,17.07,14.17,17.07,16.53,17.07,16.39,
iter=48: 17.5,42.28,37.7,36.89,38.84,36.59,38.84,44.72,36.07,38.84,36.13,38.02,
after-iter:39.02,48.36,27.5,15.57,17.36,18.7,15.83,18.03,18.85,20,16.39,17.21,17.5,17.21,14.88,23.97,18.85,
before-iter:18.85,21.85,33.61,25.83,25,19.01,20.49,18.49,16.94,17.36,16.39,18.03,17.36,16.53,15,18.55,16.53,17.07,
iter=49: 26.27,50.81,38.14,38.21,36.67,38.71,36.44,37.4,36.89,37.82,38.21,36.36,
after-iter:37.19,43.55,28.1,16.53,16.81,15.7,19.2,14.29,26.83,25,18.03,17.36,14.88,18.55,17.5,15.13,19.2,13.33,
before-iter:19.01,36.67,19.51,16.39,16.67,25.41,17.74,15.57,15.83,17.89,19.01,15.7,17.74,17.21,26.05,17.5,18.55,
iter=50: 13.45,40,38.21,35.83,36.67,36.67,36.89,39.02,36.36,36.67,36.59,38.02,
after-iter:42.74,45.45,30.33,16.53,16.94,15.7,15.7,17.07,15.57,14.88,18.03,16.26,15.57,22.95,19.67,22.31,15.57,
before-iter:15.7,19.33,32.26,21.01,18.7,18.33,15.7,15.57,17.74,26.45,15.13,18.03,15.57,16.67,17.21,16.26,15.25,16.13,
iter=51: 16.81,41.8,50,65.29,54.62,44.17,40.32,42.02,36.67,38.52,37.19,37.19,36.36,
after-iter:38.52,36.36,15.97,16.39,16.53,15.57,15.83,18.7,16.67,16.53,17.65,15.57,21.95,21.49,18.03,18.85,14.05,
before-iter:17.07,36.07,18.03,15.57,18.03,16.26,17.36,17.36,16.26,16.39,15,26.02,15.45,15.97,17.07,21.95,22.5,
iter=52: 18.85,44.26,44.35,45.9,44.63,50.41,47.15,45,37.19,37.5,43.09,47.54,44.63,
after-iter:42.86,45.16,16.67,16.39,21.14,22.13,20.83,18.7,15.45,15.7,21.49,16.67,18.7,14.75,18.33,23.77,19.83,
before-iter:24.39,35.25,16.39,18.7,14.05,16.67,17.07,15.13,23.58,21.14,15.83,17.07,17.21,18.03,28.57,16.13,18.55,
iter=53: 15.13,35.77,36.07,38.52,36.36,35.54,36.89,36.36,37.4,37.19,36.36,44.17,42.74,
after-iter:38.66,37.19,15.57,15.45,15.7,16.67,17.07,14.88,17.21,16,16.39,16.38,15.57,16.53,26.02,17.5,16.53,
before-iter:16.13,48.76,16.53,20.33,15.25,16.53,18.7,15.13,25.21,27.27,42.15,60.98,43.8,54.92,54.17,53.66,88.43,
iter=54: 87.39,90.32,87.5,64.23,73.33,73.55,70.16,65.55,65.85,65,64.71,44.63,37.5,35.83,
after-iter:39.2,44.17,14.75,17.36,19.01,15.7,17.89,15.13,18.7,18.33,26.61,23.97,18.7,15.7,18.03,14.88,18.03,
before-iter:15.83,35.59,17.89,16.26,22.31,15.83,17.21,17.07,15.57,18.7,16.67,17.07,16.39,24.79,23.14,18.18,17.21,
iter=55: 15.25,31.4,47.15,37.29,36.89,37.7,36.89,37.7,37.5,36.59,37.5,36.59,45.83,
after-iter:39.02,45.45,20,22.31,25.62,19.67,17.36,16.67,15.57,16.39,17.89,15,18.18,14.17,17.36,14.75,16.53,
before-iter:17.07,37.4,15,18.03,15.57,16.67,23.33,23.02,16.24,17.07,15.97,17.07,16.26,15.7,17.21,18.85,18.18,
iter=56: 15.83,31.67,38.21,37.4,37.5,42.5,37.4,37.19,36.07,47.15,42.28,37.19,39.17,
after-iter:36.36,41.13,15.7,18.03,16.67,15.83,18.03,15.7,17.36,16.53,15.83,17.21,16.53,19.01,17.74,15.13,27.87,
before-iter:27.05,35.25,17.5,15.57,18.03,13.56,18.03,14.88,19.51,25.62,15.57,15.83,17.89,16.26,15.57,17.21,14.88,
iter=57: 17.74,37.82,41.46,39.34,34.96,40.16,34.43,45.45,36.67,37.1,37.7,36.67,39.02,
after-iter:36.07,40.65,17.36,16.94,15.83,15,16.8,14.29,22.95,19.83,21.31,16.53,17.5,18.03,17.21,14.88,23.14,
before-iter:45.9,61.98,67.48,79.17,59.5,57.14,24.59,47.11,27.87,28.93,47.15,44.44,22.95,40.83,30.89,53.33,40.83,
iter=58: 17.6,32.79,37.82,72.95,64.17,38.84,52.89,44.63,44.26,55.46,53.72,35.25,37.19,59.84,
after-iter:61.16,49.58,23.97,23.77,6.61,10,17.07,18.55,9.32,13.11,19.51,25.83,22.13,5.79,20.97,3.36,6.61,
before-iter:9.76,30.08,32.79,27.27,28.33,27.87,37.4,47.06,59.02,46.28,22.76,52.94,20.66,26.83,36.36,31.97,18.49,
iter=59: 35.48,27.73,59.5,66.67,53.72,52.94,58.68,48.36,46.34,55.37,39.84,38.52,44.17,38.02,
after-iter:60.33,71.07,25.62,20.33,20.66,52.46,30.08,40.98,30.83,33.61,14.17,17.21,22.95,17.21,19.33,13.93,18.03,
before-iter:16.53,28.69,28.46,15,17.74,15.83,14.88,24.39,20.66,15.57,17.5,15.45,14.88,15.83,15.7,31.97,16.39,
iter=60: 27.5,24.39,39.32,59.84,55.28,52.85,42.02,49.6,56.67,37.4,38.98,36.59,36.36,54.1,
after-iter:65,50,29.75,24.39,29.17,20.49,25,22.5,17.74,14.88,14.17,17.21,14.17,16.53,17.07,18.85,15.7,
before-iter:15.83,37.19,21.67,16.26,16.39,15,17.21,23.14,19.17,14.88,14.75,16.26,15.83,16,14.29,19.67,18.55,
iter=61: 14.88,31.67,37.1,36.13,35.48,35.29,36.07,37.19,35.54,37.7,47.11,53.72,41.6,
after-iter:35,45.45,16.26,22.95,16.53,15.97,15.57,14.75,14.75,15.97,15.45,14.17,16.8,14.05,16.53,26.45,15.57,
before-iter:26.05,46.4,19.01,16.39,15.83,15.7,17.36,15,16.13,15,14.88,15.57,19.51,20,17.74,14.88,16.53,
iter=62: 14.41,30.33,37.7,39.17,37.7,37.5,36.89,36.36,36.07,35.83,35.77,35.29,37.01,
after-iter:35.04,40,12.61,15.83,17.21,14.17,25.41,17.21,15.45,17.95,17.07,16.81,16.39,14.75,17.07,14.29,16.13,
before-iter:15.7,34.43,17.65,17.21,27.73,50.41,34.15,23.39,25.62,27.27,38.84,32.26,41.18,42.02,36.89,23.97,6.61,
iter=63: 25,42.5,56.2,47.15,44.63,47.11,36.59,43.8,57.02,68.33,42.98,41.32,27.27,
after-iter:36.89,81.36,52.85,29.51,31.4,27.12,43.9,7.56,25,38.21,23.14,23.53,33.6,28.57,35.83,13.93,13.71,
before-iter:17.36,52.07,41.46,30,24.79,19.83,14.4,32.5,16.67,30.33,21.49,12.3,9.09,35.25,12.4,6.45,5.08,
iter=64: 4.07,10.74,29.17,27.64,27.5,28.33,28.46,32.23,46.28,59.5,40.16,34.45,41.67,
after-iter:45.53,60.83,25.83,28.69,17.36,4.17,8.94,22.03,30.65,30.83,13.93,28.57,34.71,11.48,7.38,22.5,18.33,
before-iter:46.72,49.59,22.76,38.84,67.21,41.32,31.4,23.33,33.06,26.02,35.54,32.52,30.51,27.64,26.02,25.83,14.05,
iter=65: 28.93,41.32,48.76,52.1,53.72,50.41,44.63,45.6,42.02,28.93,33.88,31.97,55.74,
after-iter:51.64,53.66,21.67,28.33,38.52,8.8,6.78,15.83,19.01,24.79,13.22,42.62,18.18,8.87,10.74,54.62,35.54,
before-iter:17.6,19.33,24.39,15.97,30.83,27.27,4.2,14.75,10.83,30.33,40,19.17,26.02,25.21,42.74,20.83,9.84,
iter=66: 42.62,37.19,42.62,52.89,49.59,34.17,26.27,38.1,72.5,39.34,36.36,35.59,43.44,
after-iter:42.5,55.74,31.36,39.02,31.4,24.59,5.04,6.35,6.78,3.25,2.48,4.17,3.25,5.65,3.31,3.39,4.1,
before-iter:4.96,38.21,28.1,39.67,30.89,31.67,8.26,16.53,33.06,34.75,19.17,6.4,5.83,35.25,14.29,33.61,14.17,
iter=67: 39.67,40.34,40.16,38.52,35.59,54.84,35.83,36.59,46.28,55,35.77,57.14,60.98,
after-iter:57.02,58.68,39.17,32.23,4.1,4.92,4.1,10.92,10.4,3.31,2.54,3.23,4.1,18.7,42.86,39.67,39.34,
before-iter:32.23,55.46,55.37,35.54,37.19,31.09,34.13,36.44,27.27,32.79,12.5,31.15,17.65,11.38,8.26,5.65,8.47,26.45,
iter=68: 43.9,42.98,27.27,26.45,30.58,28.23,28.46,26.89,26.83,27.27,27.05,27.27,
after-iter:28.33,26.61,3.33,4.1,4.84,4.1,2.52,10.57,10.66,3.31,4.07,3.31,3.31,2.52,4.1,5.65,3.25,
before-iter:4.96,20.49,4.13,8.94,2.54,3.31,12.3,5,4.13,2.48,10.66,19.51,34.17,36.07,24.79,25.41,16.13,
iter=69: 23.33,78.33,87.7,47.93,45,57.85,52.85,37.7,39.02,63.64,65.57,61.16,43.8,
after-iter:32.79,35.29,53.72,40.98,15.57,23.77,36.36,35,30.08,24.17,18.03,18.18,28.33,40.16,25.41,33.61,37.1,10.83,
before-iter:18.03,36.97,33.06,50.82,45,33.61,36.59,42.37,53.28,37.7,13.22,7.38,3.33,12.1,58.47,25.83,23.77,
iter=70: 37.5,47.54,35.54,40.16,33.06,38.4,40.5,37.7,33.33,71.9,55.83,49.18,
after-iter:33.06,33.06,17.07,21.31,26.05,18.85,9.68,5.83,18.7,7.44,9.02,17.65,40.83,45.45,55.74,39.17,38.84,
before-iter:33.33,36.89,50.41,28.93,19.33,25,13.22,21.6,31.62,33.61,36.29,32.5,42.28,31.97,31.93,20.97,31.4,44.17,
iter=71: 21.14,28.33,34.15,48.36,53.66,31.93,57.5,47.97,40.34,46.28,55.28,50.42,
after-iter:39.67,43.8,32.23,31.4,8.87,21.67,10.83,30.58,31.4,31.45,34.15,24.37,19.67,30.58,9.76,4.92,4.92,
before-iter:15,27.05,32.26,37.19,32.5,33.33,29.17,22.13,8.26,17.21,8.33,5.69,14.05,10.83,4.84,18.03,10.74,15.83,
iter=72: 29.51,66.39,53.39,33.06,39.34,54.7,46.28,32,37.29,50,51.24,35.25,
after-iter:38.02,37.5,11.76,34.43,8.13,4.92,4.13,4.92,19.01,10,8.06,16.1,30.08,15.97,9.92,5.79,26.45,
before-iter:27.27,20.83,30.89,9.92,28.69,26.23,10.74,24.17,14.05,5.69,13.82,36.44,39.5,40.16,35.48,20.17,10,20.97,
iter=73: 42.5,56.3,35.2,26.5,57.38,54.55,40.16,53.28,41.94,43.8,55.83,50.81,
after-iter:45.83,37.5,20.97,10.17,8.2,5.69,5.69,4.13,4.1,4.92,3.31,6.56,18.7,33.33,20.49,45.9,41.8,
before-iter:38.52,34.96,45.76,12.2,4.96,19.17,20.17,40.98,34.71,4.88,40.83,41.8,44.63,34.17,32.23,28.33,28.46,
iter=74: 8.33,36.07,56.2,28.46,35.83,27.27,27.27,26.45,27.42,28.1,25.62,27.27,26.67,
after-iter:27.64,26.67,5.69,5,4.13,15.7,10.17,8.26,5.79,4.1,6.56,4.88,6.67,30,24.59,21.67,13.82,
before-iter:4.13,22.69,7.32,11.48,25.21,13.11,34.71,28.81,42.28,32.23,22.31,15.2,4.17,15.83,8.94,5.08,7.32,
iter=75: 5.79,27.64,28.33,28.69,28.46,28.1,27.12,35.48,27.73,28.93,28.69,46.28,
after-iter:57.72,44.17,29.41,21.95,21.49,19.67,13.82,13.22,8.4,7.44,8.87,4.2,18.03,21.14,28.1,9.17,5.79,
before-iter:5.83,17.21,35,28.1,39.2,11.76,6.72,5.79,6.5,6.56,5.74,5.04,5.83,10.4,9.4,21.6,24.37,
iter=76: 6.67,26.83,38.52,39.84,43.8,49.17,40.83,41.8,60,64.71,59.35,66.94,40.83,38.84,
after-iter:40,42.98,26.67,18.55,19.67,17.65,18.85,20,28.69,18.33,8.26,17.36,8.4,20.16,7.44,5.88,8.06,
before-iter:10.74,33.33,4.96,15.45,48.36,28.93,22.5,33.61,37.4,31.09,19.17,27.73,44.8,35.54,42.62,34.71,38.52,
iter=77: 17.89,35.29,45,72.73,57.5,69.11,69.67,68.33,54.1,43.33,36.07,56.56,66.12,76.23,
after-iter:55.74,68.6,51.24,41.32,28.57,47.11,43.7,32.52,23.33,13.22,20.83,52.46,41.67,13.22,50,33.33,20,20.97,
before-iter:50.82,60.5,39.34,32.5,8.06,43.8,41.67,50.82,36.89,44.35,40,27.27,17.07,9.84,30.51,22.4,22.31,
iter=78: 8.33,28.57,44.26,71.77,70.83,46.22,28.46,30.83,30.83,28.46,29.51,27.73,27.64,
after-iter:26.89,36.89,4.92,4.96,15.57,5.74,5.79,4.88,20.49,8.26,18.03,18.18,15.83,52.07,36.89,36.07,46.28,
before-iter:54.17,50.41,15.13,21.14,50,37.5,14.63,11.86,12.3,6.67,6.61,31.67,36.89,32.23,35.77,13.93,27.87,
iter=79: 11.67,34.17,40.5,48.36,55.83,40,39.34,35.29,78.86,59.84,66.1,62.9,46.67,
after-iter:44.35,61.16,58.2,24.37,40.83,37.19,25.81,26.05,46.28,37.19,46.67,40.98,36.97,45.08,23.77,18.85,12.5,
before-iter:10.57,27.87,69.42,49.59,30.08,30.33,34.71,40.16,24.59,46.67,42.86,18.18,18.7,18.18,9.92,8.33,7.32,5.88,
iter=80: 41.13,60.5,59.84,58.68,33.88,31.71,28.1,31.15,36.97,50.41,29.84,26.83,33.61,
after-iter:33.61,32.26,6.78,9.84,6.72,4.88,16.67,7.44,5.69,5,5.74,7.38,6.67,4.13,6.61,25.62,26.83,
before-iter:21.49,47.54,18.49,13.22,41.46,53.72,33.06,13.33,5.6,9.02,7.38,6.5,5.83,5,7.26,6.61,4.07,
iter=81: 6.61,30,32,28.33,28.1,33.61,35,27.05,30.33,27.27,27.73,30.4,
after-iter:39.67,68.33,22.69,29.27,12.61,25,9.84,13.33,22.88,21.31,23.53,5.69,17.21,36.13,24,4.13,26.45,
before-iter:22.76,29.41,63.11,37.82,34.71,46.72,31.67,35.25,34.17,32.5,31.67,43.09,28.57,18.85,21.95,27.87,33.06,41.8,
iter=82: 42.62,62.18,54.47,42.15,42.86,50.82,40,39.67,45.83,61.98,64.75,61.98,67.5,
after-iter:56.67,74.59,55.83,44.72,29.17,48.36,23.14,12.3,10.66,16.26,14.29,12.1,23.97,29.75,26.23,14.05,34.96,
before-iter:39.34,50,70,27.87,15.45,16.81,21.31,25.41,54.92,26.05,9.02,6.5,9.84,4.17,8.2,12.3,6.67,6.61,
iter=83: 14.52,28.69,29.41,33.88,30.58,70.83,62.5,49.59,52.5,54.55,52.42,66.12,53.33,
after-iter:68.33,74.59,69.67,17.21,11.48,39.67,45,42.98,32.79,28.93,23.33,17.21,7.38,7.44,16.53,11.29,29.51,54.92,
before-iter:36.07,58.68,34.17,45.53,38.33,38.52,39.5,28.69,47.5,33.88,34.71,14.05,19.67,21.95,38.66,36.89,14.17,
iter=84: 19.67,26.83,40.5,71.43,57.02,56.2,44.72,30.33,26.89,30.33,28.93,37.7,38.02,
after-iter:35.48,35,16.39,45.97,24.17,10,42.62,34.71,5.83,23.58,12.4,10.66,5.74,6.61,6.56,7.38,21.49,
before-iter:12.61,43.44,49.17,22.76,17.8,43.09,32.23,37.9,47.06,36.07,29.84,48.33,65.83,53.33,69.67,44.07,37.4,
iter=85: 20.33,39.67,66.39,58.2,40.83,59.02,65.29,43.9,69.42,55.83,52.89,77.31,75.81,65.29,
after-iter:75.21,68.29,30.58,26.67,22.95,31.67,44.17,47.5,43.44,40,13.93,20.49,21.67,36.07,54.17,51.22,35.29,
before-iter:13.93,40.5,36.97,16.26,39.67,47.54,52.89,67.5,76.86,47.97,70.25,52.1,54.92,62.18,65,57.5,50.4,15,
iter=86: 28.1,47.11,43.44,78.33,54.47,49.17,72.73,68.6,59.35,46.67,64.46,55.74,35.83,
after-iter:47.9,83.74,50.82,41.8,52.1,27.42,23.14,10.74,5.79,7.32,5.88,5.79,7.38,11.48,10,9.76,7.38,10.74,
before-iter:12.2,42.98,27.5,16.53,14.88,8.26,7.32,22.13,28.33,22.76,10.08,9.02,6.61,10.66,26.45,16.13,29.75,
iter=87: 14.05,30,51.26,52.89,42.74,32.77,57.38,58.54,54.17,64.23,57.98,70.49,48.78,
after-iter:41.32,41.18,20.16,33.61,50,39.5,58.2,24.39,22.5,11.57,17.21,25.21,16.13,5.79,5,7.32,7.44,
before-iter:5.93,26.02,10.83,5.74,4.2,16.53,6.35,8.4,48.36,24.37,23.14,22.5,23.77,22.31,22.4,21.19,22.13,
iter=88: 22.76,39.67,42.28,43.7,42.5,66.67,33.33,28.23,33.88,29.17,30.51,32.52,
after-iter:29.75,34.71,13.33,14.63,36.07,33.06,31.67,14.05,8.2,10,40.98,24.79,22.31,23.97,22.69,20.83,22.95,
before-iter:22.58,31.93,38.71,24.58,21.67,22.13,27.05,34.45,16.13,32.5,27.27,41.32,15.45,13.33,21.67,4.96,7.56,27.64,
iter=89: 5.74,31.93,30.58,64.75,38.84,40.32,45,48.76,60,63.93,66.12,54.17,
after-iter:27.87,35.25,32.23,25.62,10.66,31.4,51.26,44.35,13.68,19.51,10,34.71,60.66,24.17,32.79,26.83,40.83,21.67,
before-iter:25.83,66.39,27.27,21.14,24.39,48.74,40.16,23.53,22.5,46.77,41.88,54.47,48.78,30.25,15.13,14.17,48,
iter=90: 55.46,71.54,78.15,60.33,61.98,51.64,49.17,60.83,64.71,47.15,45.9,70,52.5,64.75,
after-iter:80.17,72.13,44.26,36.89,38.84,51.64,56.2,33.88,23.97,30.25,26.67,29.75,37.3,58.33,49.59,45,31.97,
before-iter:14.75,46.28,47.5,18.7,14.88,64.23,33.33,18.64,13.93,9.92,53.28,51.22,55,51.64,15,37.9,46.67,15.45,
iter=91: 8.2,32.2,32.23,47.11,39.17,36.36,61.48,79.51,43.33,50.42,49.59,49.59,78.99,
after-iter:76.86,69.35,38.52,30.83,32.23,30.89,36.89,27.12,26.83,26.45,23.77,24.58,26.45,29.84,35.83,45.97,26.67,
before-iter:43.8,39.34,39.17,42.98,47.54,33.61,53.33,40.5,29.75,42.98,45,52.8,45.45,15,41.8,44.17,31.45,49.18,
iter=92: 45,77.87,68.33,58.4,27.97,28.69,30.83,35.77,64.17,66.12,35.54,36.97,39.84,
after-iter:37.19,39.02,36.07,9.02,31.4,42.62,50.42,26.23,20.17,24.39,20,23.53,14.4,25.83,41.18,44.26,23.97,
before-iter:6.61,56.45,66.12,53.33,40.98,41.46,26.27,45.9,42.02,41.46,40.98,31.67,26.67,38.52,49.59,54.62,49.59,
iter=93: 46.67,50.41,64.46,59.02,54.62,47.15,43.9,43.8,45.45,42.37,45.9,51.24,63.41,
after-iter:57.02,48.33,14.75,11.86,16,6.67,7.32,8.06,5,5.79,5.79,7.26,7.63,7.44,5.79,7.32,7.32,
before-iter:7.32,13.45,27.64,10,6.61,8.13,4.96,6.67,5.79,7.32,7.32,4.17,6.67,5,6.5,8.33,6.56,7.44,
iter=94: 9.09,31.97,34.71,27.87,37.7,33.88,52.94,39.17,33.61,35.29,31.97,40.16,
after-iter:51.26,49.18,24.37,18.85,7.44,7.63,8.06,14.88,9.17,5.79,7.44,7.38,16.67,10.74,7.5,9.02,4.96,
before-iter:9.76,23.08,12.2,7.44,8.33,8.2,25.62,20.16,19.83,40.16,34.71,7.44,6.56,7.56,8.2,30.58,35,
iter=95: 30.25,34.17,33.06,49.17,30.83,28.69,54.55,31.15,28.33,30.08,29.17,29.41,
after-iter:28.93,30.89,25.62,6.61,9.02,8.26,11.57,11.48,6.72,6.61,11.38,5,7.38,6.67,14.05,31.4,22.76,28.1,
before-iter:38.02,89.52,31.93,33.06,34.43,29.51,24.17,26.45,47.06,31.97,42.02,25.83,48.36,53.72,50,31.67,8.2,
iter=96: 14.05,25.2,52.46,52.07,45.45,57.14,62.6,47.06,66.4,75.42,53.33,66.39,52.07,64.17,
after-iter:49.59,73.11,48.76,42.28,28.93,23.77,30.51,15.7,12.4,21.95,19.83,16.39,13.11,51.24,6.72,8.94,10.83,
before-iter:43.8,82.5,50.41,61.86,63.93,79.34,46.72,35,22.76,53.28,43.44,63.87,41.32,60,81.97,65.04,69.49,
iter=97: 85.25,76.86,83.19,89.17,97.54,87.5,91.87,86.67,77.5,87.6,68.33,65.83,61.16,62.18,64.17,64.52,63.33,
after-iter:67.21,68.91,36.89,3.31,8.06,25.2,15.38,32.79,51.26,24.19,29.17,55.46,31.4,5.74,23.97,31.71,16.81,
before-iter:13.45,33.6,38.66,45.53,30,14.88,5,27.64,41.8,34.71,26.67,24.17,52.89,45.83,69.42,75,65.83,45.53,
iter=98: 58.68,73.55,47.9,68.03,98.37,97.48,100,98.37,86.78,74.38,66.67,73.33,73.55,80.83,86.07,76.67,58.2,63.93,
after-iter:62.6,75.83,18.85,18.03,27.05,23.33,27.05,20.66,27.87,33.33,15.7,18.7,10.92,34.17,29.51,31.15,16.53,
before-iter:20,31.71,42.5,32.79,31.4,16.81,17.74,14.88,28.57,28.23,15.83,23.33,30.33,35.54,25.83,27.64,49.58,
iter=99: 33.06,34.71,31.15,30.25,30.33,26.67,29.51,34.17,28.1,30.08,28.46,28.69,
after-iter:26.89,37.7,15.7,7.38,7.44,7.5,5.69,14.88,10.57,9.92,8.26,5.83,7.44,4.13,9.02,6.61,4.92,
before-iter:96.75,96.72,62.81,35.54,45.9,49.17,34.96,24.17,25,39.02,28.1,34.15,42.5,12.2,7.56,6.61,
iter=0: 8.4,34.96,27.27,30.33,27.5,29.75,29.51,29.27,29.41,36.29,33.33,35.77,
after-iter:32.79,36.97,8.94,5.79,13.11,12.4,8.33,8.87,5.79,8.94,7.44,9.02,22.95,9.17,14.75,5.79,9.09,
before-iter:9.02,21.37,14.52,9.02,8.26,6.61,4.88,7.32,4.24,7.44,8.33,13.11,12.3,25.41,29.27,30.25,11.48,
iter=1: 21.67,68.29,42.62,42.5,41.46,48.36,52.94,39.84,40.98,36.36,37.5,31.36,37.19,
after-iter:45.53,38.33,55.46,70.49,36.07,39.5,16.53,14.52,42.5,22.5,25,31.4,46.34,38.02,16.81,6.61,6.67,
before-iter:7.38,25.62,9.02,4.2,8.94,6.67,4.88,10.92,18.03,27.87,28.93,30,25.81,6.72,17.21,23.14,25.21,
iter=2: 20.33,53.33,45,45.83,62.5,45.08,34.17,33.61,56.1,43.33,46.34,44.17,56.1,
after-iter:51.24,59.35,17.5,38.02,18.33,26.67,24.39,7.32,15.7,19.17,12.3,18.33,12.3,7.44,8.4,34.15,27.05,
before-iter:26.27,43.55,24.39,19.17,17.89,21.49,19.33,20.66,29.51,24.17,26.23,24.59,22.88,25.62,20.83,27.87,25,
iter=3: 28.93,28.93,29.75,30.08,31.67,39.17,51.22,53.78,43.44,45.83,79.51,67.77,46.61,
after-iter:46.67,51.22,43.8,57.72,29.66,55.37,63.41,18.49,5.79,9.84,14.88,39.34,29.75,17.21,8.26,6.61,17.21,
before-iter:9.6,35.54,23.73,12.3,35,37.7,68.03,30,9.76,4.96,4.17,6.45,63.93,81.97,45.38,45.08,43.33,
iter=4: 53.28,43.9,30.58,28.93,33.06,32.5,29.51,28.8,26.89,38.33,51.24,31.97,
after-iter:56.91,55.37,27.5,12.3,10.48,5.79,30.33,40,57.02,61.67,58.87,50,77.87,82.64,60,69.11,56.91,59.32,
before-iter:48.76,63.41,60.33,80.99,60.16,55,47.15,44.54,44.72,48.76,47.11,45.45,47.93,46.28,40.98,26.23,24.79,
iter=5: 20.49,43.44,86.18,72.5,68.6,74.8,78.99,66.39,66.12,62.5,68.85,63.64,63.93,60.83,76.03,63.41,62.71,69.11,
after-iter:66.67,69.92,65.83,48.36,46.67,45.53,42.62,50.41,44.63,44.26,26.67,47.54,61.79,46.67,36.36,29.27,36.89,36.07,
before-iter:28.1,51.64,26.45,26.83,23.97,26.83,23.53,23.97,23.33,24,24.37,25.81,25.62,34.17,31.4,51.24,65.57,
iter=6: 48.76,74.17,62.3,75.41,74.79,93.44,88.43,69.11,76.27,36.97,37.6,42.98,53.72,62.6,41.32,
after-iter:43.8,52.07,7.38,12.5,4.88,7.44,22.69,35.54,70.73,68.85,55.83,54.92,58.33,54.84,73.95,68.6,84.3,
before-iter:89.43,92.5,85.95,66.67,91.2,60.83,35.77,28.93,53.72,97.48,73.55,52.46,74.59,75.42,69.17,74.19,61.16,47.06,
iter=7: 37.4,55.37,48.76,52,46.28,54.92,62.5,53.28,52.85,58.2,52.1,53.33,46.72,
after-iter:54.1,66.39,42.62,34.15,77.69,83.85,79.17,49.19,36.89,28.57,26.02,21.85,17.74,16.67,16.81,16.94,17.07,14.66,
before-iter:17.89,36.89,25.62,32.79,19.67,26.89,26.45,17.89,15,18.55,17.5,16.94,16.67,15.45,14.75,14.17,17.21,
iter=8: 17.74,39.17,37.1,36.89,37.29,38.02,42.62,38.02,37.19,38.21,36.36,36.36,
after-iter:38.14,50.83,37.7,14.88,16.94,15,16.53,17.36,15.13,18.03,15.57,17.36,25.2,15.57,22.95,20.66,18.03,15.83,
before-iter:15.57,35.48,16.53,15.7,27.05,19.35,13.11,20.66,31.71,17.36,15.83,15.57,18.03,16.53,16.67,16.53,23.58,
iter=9: 19.01,37.19,37.7,36.07,36.89,38.52,37.9,36.97,36.29,36.67,37.7,35.54,
after-iter:39.83,55.74,39.84,15.83,15.7,15.45,16.94,21.01,21.14,16.26,15,17.89,15.83,18.03,16.39,25.2,16.53,15.83,
before-iter:15,35.77,15.97,27.87,25.62,16.39,17.36,14.88,18.18,22.95,18.85,16.53,15.45,16.39,16.1,25.62,27.73,
iter=10: 16.39,37.4,36.97,53.72,40.16,37.7,44.54,36.59,35.54,36.89,36.36,36.89,
after-iter:40.98,47.15,31.71,15.7,15.57,21.67,28.93,18.4,13.56,15.57,16.81,16.53,18.03,14.88,18.18,17.74,14.88,16.94,
before-iter:26.67,36.89,21.14,20.17,16.53,16.94,15.13,29.27,27.05,29.41,17.07,17.74,15.38,17.07,17.21,14.75,17.07,
iter=11: 15.7,40.16,37.7,36.67,40.32,52.07,42.15,37.7,39.02,37.7,37.82,52.89,71.31,
after-iter:66.39,42.98,16.67,16.39,15.7,20.49,15.7,16.39,16.53,15.7,14.88,17.07,29.51,19.17,21.49,16.94,15.83,
before-iter:16.53,33.33,22.58,35.83,21.67,16.53,16.26,15,15.7,16.39,17.36,15,17.74,16.39,15.7,23.14,18.85,
iter=12: 17.89,34.17,37.5,36.36,38.33,36.36,35.25,45.76,46.4,37.29,35.54,36.07,35.54,
after-iter:38.52,40.5,16.39,15.83,16.39,23.77,19.67,16.67,17.65,15.83,17.6,15.13,16.53,15.32,15.83,17.74,30.58,
before-iter:22.5,38.21,14.88,14.75,16.39,17.07,26.45,14.75,23.58,19.67,17.65,16.26,17.89,17.21,21.14,15,16.94,
iter=13: 15,36,46.61,46.28,35.54,36.36,37.4,36.36,37.4,35.59,36.07,45.97,38.02,
after-iter:38.84,38.21,18.85,14.17,17.07,15.57,16.39,15.7,27.05,24.39,16.1,15.7,15.83,17.21,17.07,14.63,16.67,
before-iter:15.7,44.17,22.58,18.18,14.17,17.21,14.75,18.33,16.53,23.97,16.53,16.26,13.68,17.89,28.1,22.13,17.07,
iter=14: 15,35.25,36.67,41.46,43.55,37.19,34.96,40.16,35.25,36.97,37.7,34.75,36.29,
after-iter:38.02,38.21,15.25,28.57,22.95,15.32,16.53,16.39,14.88,15.45,20.66,20.66,17.89,16.26,14.17,16.26,14.88,
before-iter:18.18,36.07,15.13,14.75,18.18,16.53,17.5,26.45,26.02,16.39,17.07,14.75,23.73,20.16,21.31,19.83,16.94,
iter=15: 15.57,37.5,43.44,37.7,35.29,37.19,37.4,37.7,36.67,36.07,35.83,36.59,
after-iter:41.8,57.38,45.83,17.89,19.83,23.97,17.5,17.36,16.53,16.53,15.32,17.36,15.83,16.39,16.94,14.29,16.26,14.75,
before-iter:16.53,34.71,15.13,17.21,28.81,24.8,20.66,25.62,28.23,50,84.62,45.97,40.65,56.67,43.44,30.58,35.25,
iter=16: 29.03,61.67,56.1,78.81,49.19,44.63,68.6,52.1,69.67,65,45.08,42.15,46.28,57.02,69.42,
after-iter:50,66.67,21.95,21.49,20,21.31,21.77,20.34,25,20.83,21.77,33.88,20.83,20.66,26.45,23.53,22.76,
before-iter:35,39.84,42.5,36.07,37.9,33.33,55.74,42.62,48.78,40.5,28.1,47.97,41.67,40.98,46.67,66.67,45.9,
iter=17: 32.23,84.3,65.85,79.34,57.14,58.68,54.55,45.53,40.83,41.94,55.83,47.97,41.8,45.08,62.3,
after-iter:44.54,65.85,24.79,19.83,21.49,28.1,24.39,40,25.41,17.21,16.53,16.53,17.21,18.18,18.03,17.21,20.33,
before-iter:16.81,40,21.49,18.03,15.13,17.36,22.5,26.83,58.2,43.33,26.02,36.13,39.34,13.82,21.49,51.26,29.27,
iter=18: 35.54,46.28,45.08,42.28,41.67,52.42,41.18,41.46,42.98,37.82,35.25,45.97,42.62,
after-iter:36.89,48.74,16.26,15.13,17.36,15.83,18.03,14.88,15,17.07,17.6,14.88,15.7,16.26,15,14.75,16.26,
before-iter:15.57,40.16,22.69,16.39,14.88,15.57,16.94,13.22,15.7,17.21,15.97,33.33,30,28.46,16.67,16.39,15.7,
iter=19: 15.57,26.27,42.98,38.21,45.83,41.13,37.19,36.36,40.5,36.07,37.5,34.71,41.94,
after-iter:48.33,52.03,15.83,15.45,18.85,15,16.39,16.39,17.89,14.75,20,22.31,18.7,16.81,17.89,17.07,15,
before-iter:18.03,31.67,19.51,18.7,29.17,20.66,15.7,16.39,13.93,15.57,19.67,16.53,15.7,14.88,23.97,23.97,25.62,
iter=20: 16.39,25.62,38.33,37.9,36.97,45.08,47.9,40.98,38.33,36.07,36.67,38.02,37.19,
after-iter:36.36,47.11,17.89,15,30.58,23.97,17.21,15.57,16.26,21.49,31.36,18.85,14.29,18.18,14.29,16.8,15.57,
before-iter:16.53,28.93,22.95,16.53,16.26,15.97,18.55,31.4,34.43,26.89,16.53,16.53,16.39,17.65,16.53,15.45,16.26,
iter=21: 15.83,24.59,39.67,36.89,36.67,36.59,36.97,34.43,45.08,35.54,44.07,44.44,45.45,
after-iter:53.28,46.28,20.97,16.53,17.36,15.7,15.7,16.39,17.21,15.7,15.13,15.45,15.83,17.21,15.57,23.33,28.23,
before-iter:28.1,34.96,25.83,15.13,17.36,18.7,16.26,15.83,16.67,14.88,17.36,17.21,15.57,14.29,16.26,16.53,18.55,
iter=22: 15,19.83,38.84,43.44,43.7,36.59,36.13,41.94,69.42,56.56,55,57.72,52.1,71.31,33.06,
after-iter:54.92,75.21,39.67,35.54,37.1,31.4,23.14,23.77,29.27,23.97,22.13,27.5,23.77,21.95,19.17,24.59,25.83,
before-iter:25.81,54.92,60.5,29.17,60.83,39.34,42.02,48.78,36.36,28.57,67.74,35.54,25.62,60.33,33.88,38.84,53.28,25.83,
iter=23: 29.51,63.93,61.98,36.89,59.17,55.37,65.04,46.28,42.98,40.98,40.5,48.78,44.17,
after-iter:45.08,52.89,34.17,16.53,15,17.07,15.57,15.57,18.18,13.22,17.89,15.83,16.39,15.83,22.95,15.83,20.33,17.36,
before-iter:16.39,37.82,26.02,16.53,16.94,15.83,14.29,22.4,26.67,34.45,28.69,55.28,46.67,37.4,36.13,37.7,34.17,
iter=24: 22.95,62.3,53.72,73.95,50.41,68.85,58.2,72.73,53.33,77.42,52.07,80.67,52.46,75,56.2,58.06,
after-iter:43.7,56.67,35.77,20.83,20.83,25.41,20.66,25.2,23.58,18.33,19.67,16.53,28.46,23.97,16.67,17.89,15.7,
before-iter:16.39,29.75,24.8,16.95,15.45,17.89,17.36,15.13,19.51,18.33,15.13,22.13,21.49,18.03,20.49,30.83,19.17,
iter=25: 17.07,24.39,40.5,37.19,55.83,52.03,61.98,50,71.9,51.64,60.16,71.07,49.18,50.41,46.28,
after-iter:59.17,62.9,38.84,21.49,27.27,24.79,20.83,26.23,26.89,49.18,33.33,28.69,39.67,20.49,27.05,37.5,22.69,20.33,
before-iter:20.66,44.63,55.83,86.61,73.98,46.22,65.04,14.75,5.83,8.13,5.79,15,7.26,16.53,4.17,18.7,34.71,
iter=26: 53.78,33.88,32.26,42.5,86.07,87.29,67.77,60.8,71.19,74.17,74.17,79.03,66.12,70,54.1,
after-iter:61.16,70.49,25.41,16.39,12.5,13.01,7.5,9.92,11.29,12.5,17.36,7.5,11.38,20,17.89,55,20.49,
before-iter:12.61,38.66,14.88,27.87,26.83,42.02,55.37,47.5,48.39,50.41,61.48,91.67,87.9,79.66,88.52,80.83,84.43,
iter=27: 70.25,100,100,100,100,100,100,100,81.82,95.04,91.06,93.33,81.97,71.31,79.83,56.2,34.96,33.06,30,28.93,
after-iter:34.68,32.5,5.74,13.33,3.28,13.11,14.75,54.1,5,12.3,29.17,55.65,30,9.02,4.96,9.84,10.92,
before-iter:18.18,28.33,17.36,20.97,10.08,25.81,26.45,20.49,49.59,41.18,34.96,32.26,9.17,12.5,22.69,13.82,12.5,
iter=28: 48.41,75.83,71.9,79.34,90.16,80.33,88.33,82.11,68.33,67.77,80.17,71.67,56.91,80,44.26,28.93,
after-iter:38.84,38.21,4.24,8.73,3.33,11.38,6.61,5.79,7.2,3.31,5.79,6.45,4.2,8.06,5.93,6.5,6.61,
before-iter:14.41,50.41,38.33,26.02,16.81,33.33,18.8,26.23,39.67,39.84,31.4,25,25.41,9.02,5.74,14.17,5.69,
iter=29: 3.28,9.17,28.93,27.27,28.1,25.83,28.93,27.64,27.12,27.87,36.36,37.4,
after-iter:33.61,35,13.93,18.85,19.33,18.7,8.26,5.69,9.24,9.17,4.07,4.92,4.96,6.45,2.5,4.96,5,
before-iter:6.45,15,21.31,9.09,4.84,5,4.13,4.17,4.07,4.1,4.92,4.1,4.2,4.07,4.96,4.92,2.52,
iter=30: 5.69,9.24,28.69,27.87,27.05,33.05,34.17,28.8,28.33,25.83,28.1,26.83,
after-iter:27.27,34.71,21.31,5.83,8.26,9.84,20.83,5.83,8.33,28.93,28.93,26.23,16.95,51.24,27.64,17.5,8.26,
before-iter:12.3,11.76,19.67,3.31,4.92,1.64,3.33,3.31,4.1,5.65,3.39,5.79,9.02,4.07,3.31,5.79,10.66,36.89,
iter=31: 39.5,34.71,29.51,36.67,28.1,27.27,35.83,36.89,26.67,29.51,34.17,28.69,
after-iter:27.42,24.37,4.88,3.36,10.48,14.05,9.76,11.67,9.76,4.13,5.04,4.17,13.82,30,4.96,19.01,26.45,
before-iter:26.27,25.62,6.5,15.57,3.31,4.96,5.74,5,4.07,9.92,7.44,6.61,4.13,4.13,5.69,3.28,4.17,
iter=32: 4.1,27.87,27.5,27.27,27.64,28.33,28.23,25.42,53.72,56.67,25.83,28.69,
after-iter:32.5,32.23,14.52,4.17,3.31,5.69,5.65,2.48,4.17,13.33,8.13,2.52,4.1,6.56,4.92,2.5,4.13,
before-iter:5.65,20,5.65,9.84,9.84,5,5.79,6.5,34.17,31.97,9.84,8.33,12.61,38.02,15.2,27.87,6.61,
iter=33: 10.66,36.67,33.61,47.54,44.63,35.77,58.33,45.83,48.78,43.33,30.08,26.67,
after-iter:33.61,36.36,9.76,3.25,4.1,1.67,1.67,4.03,4.07,3.28,1.68,10.66,2.5,11.76,15.45,10,4.84,
before-iter:5.69,14.75,9.17,4.96,4.07,2.5,3.28,2.48,1.68,4.07,2.48,2.48,2.48,4.88,3.28,2.48,3.28,
iter=34: 16.53,16.39,28.57,26.45,27.64,27.64,26.67,27.64,27.05,26.45,27.64,26.67,
after-iter:26.45,34.71,4.13,4.96,4.13,4.13,5.65,6.72,14.75,4.92,4.88,6.72,15.57,3.39,4.07,4.2,6.56,
before-iter:13.82,18.49,5.69,4.84,3.31,3.28,4.13,3.33,2.46,2.48,3.36,7.26,5,3.25,4.03,1.67,2.44,
iter=35: 4.8,14.53,29.03,38.02,33.88,27.64,37.4,26.23,30,31.4,27.05,27.05,
after-iter:27.73,38.02,10.83,5.69,4.92,5.74,3.25,1.68,4.96,4.07,3.28,2.5,4.13,4.1,4.13,6.67,18.85,
before-iter:27.27,42.74,13.45,6.56,39.5,31.4,23.33,25.41,40,20.33,9.17,7.32,17.36,14.41,11.11,6.72,8.2,
iter=36: 8.2,10.83,29.75,26.67,27.42,27.05,28.1,30.58,28.33,28.93,28,27.27,
after-iter:26.67,35.29,8.06,4.13,4.92,4.13,4.13,4.13,4.1,3.36,4.88,4.92,4.1,4.1,7.26,8.47,13.22,
before-iter:10.57,17.36,9.76,1.67,4.92,4.96,5,5.65,11.76,6.5,10.74,32.79,21.31,1.64,4.1,4.17,1.64,
iter=37: 4.88,18.85,31.15,29.51,25.83,28,27.27,26.23,25.83,27.5,28.46,27.05,
after-iter:27.05,31.15,3.33,3.25,2.48,3.28,4,0.84,5.79,55.74,16.67,9.02,28.33,20.83,4.88,14.17,9.68,
before-iter:15.13,32.5,18.7,4.24,4.96,5.79,5.69,13.93,8.94,4.13,4.92,4.2,19.83,8.94,6.61,23.77,33.06,
iter=38: 25.41,20,46.67,38.33,28.1,30.89,30.83,28.46,26.45,28.1,27.5,27.5,
after-iter:27.27,49.19,37.29,19.01,33.61,33.61,27.27,13.93,6.72,6.56,9.32,5.69,3.28,4.88,1.67,12.3,15.83,
before-iter:8.26,21.95,14.75,21.01,23.39,24.37,13.33,20.8,5.88,20.49,14.17,6.5,7.5,44.26,8.33,30.33,26.67,
iter=39: 20.49,15.57,30,31.4,31.97,61.79,47.5,55.37,35.83,60.16,30.33,26.89,34.15,
after-iter:30.83,57.38,28.93,40.16,62.18,48.36,51.69,51.59,44.44,37.4,28.33,14.05,38.33,14.17,18.7,10,14.75,
before-iter:15.57,18.33,22.31,10.57,8.33,9.92,9.17,9.76,14.05,42.5,24.17,12.2,9.09,14.63,36.13,33.06,31.97,36.13,
iter=40: 59.35,83.19,39.67,38.02,92.56,47.5,80.17,50.83,30.33,29.17,45.38,76.23,73.33,67.74,76.03,90.24,
after-iter:67.52,44,46.67,31.45,52.94,41.8,40.5,50.83,51.67,36.67,44.72,48.36,62.5,62.81,69.67,57.98,58.2,
before-iter:60.16,77.5,67.77,47.5,50.41,68.29,51.67,38.21,40.65,41.67,39.17,41.8,31.15,42.15,33.61,43.7,9.68,
iter=41: 17.5,30.83,35.54,29.03,29.17,27.87,26.89,28.69,28.46,27.73,28.23,42.62,
after-iter:36.89,28.57,13.11,62.18,14.75,21.49,6.67,4.96,15.32,7.44,7.38,6.67,8.26,37.5,12.4,24.39,16.95,
before-iter:15.57,21.67,17.74,31.4,16.67,11.57,6.9,13.01,64.75,66.94,49.59,85,65.6,90.98,59.35,33.61,34.15,
iter=42: 16.67,30,32.5,29.51,47.9,43.9,32.23,31.71,33.61,33.06,34.43,34.17,28.46,
after-iter:31.4,26.23,9.24,7.26,7.38,22.5,8.13,8.2,20.66,24.37,30.89,60.83,74.38,65.29,54.92,65.29,33.33,
before-iter:14.75,25.62,11.48,35.29,18.18,25.83,14.05,7.26,8,5.88,9.68,10.08,10.66,8.2,12.4,59.02,14.75,
iter=43: 12.3,52.46,31.4,41.8,55.37,31.4,63.93,83.74,67.23,35.25,31.36,54.55,39.02,
after-iter:32.5,34.43,44.17,20.66,26.61,35.83,68.85,36.97,19.67,9.76,32.5,26.83,27.27,38.33,30.58,22.13,12.5,
before-iter:5.74,21.85,12.3,18.85,32.2,10.57,28.1,23.14,26.67,17.36,22.95,23.53,27.64,28.93,27.5,20.49,11.48,
iter=44: 27.97,36.89,53.72,45,40.16,30.25,32.52,32.5,39.17,41.94,32.2,36.59,31.93,
after-iter:28.1,23.39,11.57,6.67,9.02,10,13.45,7.87,4.2,6.5,5.74,5.04,5.74,3.33,6.45,5.74,5.79,
before-iter:5.69,26.23,7.5,6.5,6.5,4.2,5.69,7.44,3.33,4.92,5.79,6.45,4.27,4.96,7.2,5.74,4.13,
iter=45: 5.83,29.75,28.33,27.27,35,28.69,30.08,30.33,28.93,28.69,26.67,29.17,
after-iter:39.17,32.52,5.83,5.74,6.45,3.31,5.79,4.84,5.83,5.04,5.69,4.92,14.05,14.88,5.69,4.96,5,
before-iter:6.61,21.31,7.32,5.74,5.74,3.31,4.92,7.26,5,5.74,9.76,4.96,11.57,4.92,7.5,6.67,6.5,
iter=46: 4.96,27.27,29.51,28.46,26.89,29.51,27.87,27.5,29.84,28.93,31.97,28.1,
after-iter:29.51,18.18,7.44,6.5,5,19.83,9.76,5,6.5,5,6.5,13.56,9.84,5.69,18.03,4.13,7.32,
before-iter:6.5,19.17,6.67,3.31,6.5,4.13,6.56,5.69,10.66,9.92,5.79,5.74,7.26,4.17,4.96,5.79,5.79,
iter=47: 5.79,30.33,28.93,28.1,28.46,28.69,29.41,26.89,30.58,34.4,28.33,32.79,
after-iter:32.79,18.33,5.74,5.04,7.32,18.49,5.69,4.24,4.96,16.67,4.24,6.5,5.74,4.13,5,6.5,17.5,
before-iter:6.67,22.13,16.67,10.66,6.56,10.92,11.38,5,5.69,6.5,4.2,6.5,4.92,5.74,5.74,5.74,4.2,
iter=48: 5.65,29.75,29.75,30.58,27.27,35.25,29.17,28.93,28.93,28.46,28.33,
after-iter:26.67,29.84,15.7,5.79,7.26,13.18,20.66,20,11.38,6.67,44.26,15.7,10,18.55,49.17,37.5,30.58,
before-iter:52.46,41.8,62.71,44.72,31.67,31.4,44.63,53.72,56.2,52.46,44.63,49.59,48.74,55,56.56,48.33,49.59,66.94,
iter=49: 46.28,68.33,80.67,80.16,87.8,78.99,53.66,33.06,33.87,56.3,58.68,54.62,34.96,66.12,72.95,
after-iter:77.87,70.83,36.13,55.37,59.17,78.33,73.77,83.47,80,84.3,81.51,62.3,38.02,44.26,57.85,52.46,82.64,
before-iter:53.66,58.82,57.38,69.17,81.51,63.11,61.79,50,52.89,77.87,73.95,61.79,36.07,24.58,27.64,19.01,27.97,
iter=50: 20.16,29.27,45.45,54.92,39.67,38.33,40.5,39.67,69.92,35.25,84.3,78.51,47.11,40.5,
after-iter:42.5,47.93,44.63,20.49,25,19.33,26.45,18.85,16.53,11.38,16.39,10.92,36.89,23.97,36.36,34.17,34.43,20.66,
before-iter:54.03,65.83,32.52,79.17,57.02,61.29,63.33,51.24,50.82,32.5,35.77,46.72,57.63,47.5,21.14,15.7,14.29,
iter=51: 30.4,36.44,37.4,34.71,40.16,34.45,39.17,33.88,36.89,34.71,39.02,45.38,37.19,
after-iter:46.28,51.64,18.7,25.41,14.17,17.36,53.39,39.52,30.08,57.38,28.81,15.32,20.17,31.4,36.89,30.58,46.22,
before-iter:46.72,68.03,45.45,41.32,53.23,46.67,45.08,53.28,62.81,68.6,61.67,69.92,50,53.78,46.72,68.33,62.4,
iter=52: 49.57,62.81,86.07,77.5,75.83,84.8,87.6,90.83,83.74,88.43,97.5,95.87,93.44,81.97,80,60.98,66.12,80.83,69.67,
after-iter:51.28,84.43,53.72,41.8,45.9,65.83,60,23.58,77.87,42.98,15.7,16.39,13.93,15.7,31.71,25,23.53,25.2,
before-iter:18.33,44.63,40.16,54.92,44.54,44.63,47.15,75.21,49.59,69.17,69.11,56.1,25.41,85.25,26.45,20.17,21.14,
iter=53: 30,47.54,43.8,38.71,76.67,41.8,36.59,36.59,36.67,33.87,35.59,42.74,60.98,
after-iter:34.17,43.44,56.2,19.67,39.67,30.83,22.31,32.8,28.57,25,21.19,16.53,42.74,58.68,59.84,58.68,28.33,
before-iter:21.85,35.48,18.7,8.33,9.68,5.93,8.26,8.73,5.93,14.63,22.13,23.77,18.55,5.83,8.2,8.87,6.72,
iter=54: 10.48,17.36,32.23,30,30.33,47.93,60.5,61.16,51.67,63.41,33.61,29.75,30.33,63.87,
after-iter:40.65,43.8,42.62,10.66,11.29,8.55,9.76,15.57,7.5,8.47,11.38,9.02,8.94,9.09,7.56,11.48,12.1,
before-iter:7.56,30,20.16,11.57,17.5,8.13,7.38,9.92,6.56,10.66,6.72,8.94,5.79,9.02,8.06,9.17,7.38,
iter=55: 8.94,38.02,31.4,30.65,30,38.33,36.59,30.58,28.33,29.27,31.15,38.84,
after-iter:44.63,46.28,20.33,26.05,13.93,10.66,8.26,9.76,31.93,32.79,25.2,35.83,30.51,20.16,15.57,29.75,21.49,
before-iter:9.24,16.13,21.31,9.24,12.2,17.8,10.66,9.84,10.66,9.84,11.48,5.93,11.2,7.56,9.84,11.57,9.09,
iter=56: 15.83,12.2,32.79,30.08,28.57,29.84,31.67,30.89,54.62,36.36,31.67,32.52,31.09,
after-iter:31.67,32.79,7.5,9.76,9.02,13.33,13.22,10.48,8.4,9.84,10.74,9.17,48.76,45.53,23.77,24.59,27.27,
before-iter:34.71,41.94,25.83,36.89,18.18,44.26,27.05,32.77,21.31,40.34,46.72,29.75,40.65,41.67,26.61,45.38,28.1,
iter=57: 29.41,36.59,39.5,40.98,36.89,37.19,74.38,57.02,42.62,36.07,55.74,41.32,55,50.82,
after-iter:42.28,46.28,11.57,25.62,9.92,15.7,12.2,7.56,10.74,30.08,53.28,55.46,54.84,96.67,69.92,26.83,83.05,
before-iter:63.41,71.07,44.26,22.95,10.08,18.55,86.78,78.05,80,49.59,51.64,14.52,25,20.83,51.59,20.17,22.31,
iter=58: 13.11,20,32.52,34.96,32.2,61.16,69.6,29.06,30.89,33.88,30.89,33.06,30,
after-iter:30.65,46.67,12.1,20,9.84,8.26,11.48,8.94,6.61,9.84,14.75,10.08,14.75,16.67,46.28,40.65,45,
before-iter:73.55,58.68,60.66,40.5,48.74,77.42,47.93,41.46,24.59,13.93,16.81,20.66,15,27.87,19.01,8.2,12.4,
iter=59: 9.09,18.03,33.33,31.97,33.33,28.81,31.71,30.83,31.97,33.61,31.4,31.4,41.8,
after-iter:30,30.58,9.09,18.03,14.88,10.74,8.4,10.74,10.92,10.57,8.33,11.57,9.17,8.26,12.1,6.61,9.84,
before-iter:10.74,25.62,9.09,8.2,12.9,12.5,35.83,38.52,11.67,10.66,44.17,33.87,42.62,20.66,20.33,50.42,38.84,
iter=60: 52.52,89.34,85.12,87.29,96.72,96.06,100,85.71,71.31,78.05,86.99,90.6,87.7,78.4,76.86,94.21,96.8,82.05,84.03,86.89,88.52,93.28,79.34,
after-iter:78.05,90.83,76.86,88.52,83.61,50.41,65.55,71.9,76.03,74.79,73.17,76.23,29.41,39.17,22.58,19.83,24.79,16.39,
before-iter:20.66,29.51,20,17.89,13.11,10.83,13.11,22.5,23.77,16.53,35.83,22.58,82.05,49.59,68.33,79.34,61.48,
iter=61: 74.38,66.13,75.63,77.69,75.21,78.51,65,56.2,42.74,40.83,39.67,38.21,44.17,30.25,
after-iter:33.88,38.02,39.34,41.46,57.5,46.77,25.41,31.67,32.26,38.52,37.19,72.73,86.78,36.67,77.69,56.2,48.33,
before-iter:36.36,51.26,75.83,43.44,25.81,30.58,31.93,28.93,54.17,87.1,45.45,34.17,22.95,17.07,16.39,16.53,15.97,25.6,
iter=62: 26.45,43.33,40.98,42.62,47.93,36.36,36.89,43.9,39.84,42.15,38.02,41.53,36.89,
after-iter:38.02,36.29,30.83,25,17.89,15,15.7,15.57,25.41,18.85,19.51,18.18,17.07,14.05,26.02,17.07,33.61,
before-iter:39.34,72.13,63.03,84.55,44.07,24.19,26.45,30,20.33,23.14,35.48,31.67,31.71,18.85,15.13,19.51,19.83,
iter=63: 17.36,26.23,43.33,39.34,37.5,38.33,36.59,39.34,37.82,38.02,45,39.52,42.98,
after-iter:47.93,56.56,33.33,27.5,19.83,20.66,21.31,16.81,18.18,18.85,14.88,19.51,17.8,29.27,34.43,27.27,72.73,84.17,
before-iter:47.97,88.33,80,40.83,32.26,16.81,21.31,38.21,27.05,27.5,57.38,24.59,18.03,38.84,63.93,98.33,63.93,19.17,
iter=64: 19.35,39.84,59.66,62.3,43.33,46.72,47.11,39.67,39.17,36.07,40.5,37.1,36.67,
after-iter:44.26,52.89,33.06,24.37,21.49,18.03,27.87,18.49,32.23,23.14,23.33,20.97,29.51,26.23,42.62,35.83,29.51,
before-iter:31.4,45.45,50.41,33.88,25,38.02,31.15,27.64,25,28.69,22.31,23.97,28.93,28.23,22.03,39.34,28.46,23.77,
iter=65: 39.67,49.59,41.46,41.32,48.76,42.98,42.28,46.67,45.08,41.67,47.9,45.53,42.98,
after-iter:44.17,50.83,23.97,22.76,40.98,43.9,21.01,18.7,21.14,16.67,18.55,17.5,17.74,15.57,17.36,23.97,24.59,
before-iter:15.7,33.33,18.03,16.24,18.55,17.74,17.5,20.66,22.13,15.13,17.07,16.26,16.53,17.36,17.21,16.67,17.36,
iter=66: 20,26.23,40.83,44.54,36.29,36.97,36.89,35.83,38.71,38.84,43.9,39.17,38.02,
after-iter:36.59,40.5,18.03,15.7,15,13.45,17.07,14.88,17.21,15.45,14.88,17.89,15.83,15.45,16.94,15,15.45,
before-iter:22.5,30.08,21.49,21.67,15.7,17.6,14.29,15.7,15.7,16.39,13.56,16.53,18.55,14.05,14.88,16.81,17.21,
iter=67: 13.82,24.79,38.52,43.44,38.14,40.65,47.58,43.33,51.67,42.5,49.18,72.95,52.42,
after-iter:50.83,41.94,56.41,70.73,47.11,46.67,35.25,19.83,17.89,25.62,98.36,94.12,39.67,52.89,46.28,39.17,82.11,68.6,
before-iter:30,52.1,85.37,36.67,39.17,20.66,31.93,69.35,35.54,20.66,17.5,16.53,31.4,43.8,25.62,28.23,17.8,
iter=68: 26.23,35.48,38.84,36.13,38.02,36.89,37.5,37.1,47.5,39.02,37.7,37.5,37.19,
after-iter:37.82,42.74,35.48,29.41,16.67,28.69,19.51,15.83,19.17,19.83,17.36,23.14,19.83,15.97,16.39,19.83,16.81,
before-iter:17.74,32.79,18.18,17.65,17.6,20.17,23.58,19.83,23.33,16.39,17.36,15,14.88,16.53,17.36,16.67,16.39,
iter=69: 18.03,28.1,39.02,37.7,39.67,36.89,40.16,36.07,43.8,46.28,40.83,44.35,42.37,
after-iter:44.8,45.76,22.76,21.49,18.18,23.58,19.33,16.81,17.21,17.07,15.13,19.01,16.53,15.83,16.67,25.62,18.03,
before-iter:19.01,22.13,25.41,18.85,18.85,35.29,31.15,44.26,40.16,22.5,27.05,25.62,24.17,28.1,27.87,26.02,20.66,
iter=70: 27.27,36.07,58.54,55.83,64.46,65.83,54.55,62.81,67.21,56.2,59.5,48.33,45.83,49.59,55.56,49.59,47.9,
after-iter:46.67,58.54,27.97,25.83,34.68,25.42,27.05,24.17,26.23,31.09,63.93,28.57,69.11,20,22.03,37.9,63.93,
before-iter:33.61,42.28,70.49,27.87,19.17,41.18,68.6,23.08,24.59,23.58,28.33,29.51,43.8,22.76,25.62,21.31,21.67,
iter=71: 39.84,36.89,44.72,47.5,52.85,52.42,84.43,34.45,38.52,40.16,62.3,45.16,47.9,45.9,
after-iter:37.5,47.97,26.83,16.26,31.09,29.75,33.33,33.06,40.32,36.07,34.17,20.49,17.21,16.39,80.17,21.14,30.89,
before-iter:29.41,45.16,71.54,15.7,16.95,30.65,26.83,20.83,26.45,17.21,15,21.31,17.07,17.36,18.33,18.33,18.55,18.7,
iter=72: 21.67,45,38.33,36.67,34.96,37.4,35,41.67,37.4,35.25,39.34,34.96,38.02,
after-iter:39.34,42.5,17.89,16.95,18.18,15.7,15.57,18.33,28.46,21.49,17.89,18.18,18.18,15,18.18,40.65,18.64,
before-iter:22.95,44.26,34.17,21.49,32.79,42.28,31.4,32.79,25.62,24.59,22.58,43.7,32.23,29.51,24.17,30.89,22.31,
iter=73: 24.59,47.15,45.83,44.26,47.54,43.8,74.17,74.19,73.11,72.8,61.98,57.98,52.03,97.54,85.71,
after-iter:83.06,76.47,78.69,60.66,69.17,56.56,68.33,63.2,59.02,70,67.23,57.02,58.2,54.17,49.59,66.12,58.82,27.05,
before-iter:52.89,79.34,53.33,52.42,50.83,50,47.97,52.46,50,49.59,52.5,59.68,69.92,55,37.4,38.84,35.54,
iter=74: 33.33,40.98,48.74,53.66,52.94,42.62,48.31,44.35,45.45,45.9,44.72,43.22,44.26,48.33,
after-iter:44.63,46.67,33.87,28.33,47.54,54.55,53.6,34.68,55.28,99.2,90.83,84.92,47.5,55.37,42.28,84.43,69.6,
before-iter:93.33,62.3,60.83,35.25,52.46,31.15,27.05,26.02,36.97,26.83,20.49,25.83,51.24,42.62,48.78,22.03,43.44,
iter=75: 22.95,31.71,44.26,40.34,41.94,46.22,40.5,43.09,36.36,38.02,40.98,41.53,66.13,
after-iter:37.7,47.54,82.93,68.33,44.17,62.6,44.26,84,66.67,59.02,43.9,61.67,73.55,47.11,78.69,55,45.16,50,
before-iter:93.5,75,64.75,49.18,79.51,43.8,52.54,82.11,72.5,42.15,26.45,27.27,23.33,29.75,22.5,34.71,63.11,
iter=76: 96.67,86.67,64.17,71.31,96.72,91.8,58.68,91.87,65.83,64.52,95.12,77.97,93.22,90.32,96.64,50.82,71.07,98.35,93.5,59.02,44.17,56.56,
after-iter:63.11,66.39,74.38,31.09,50.81,56.78,86.18,24.79,33.33,58.2,42.5,39.67,36.89,70.83,53.66,92.56,79.83,
before-iter:95.04,64.46,44.26,61.34,39.67,52.03,19.83,24.79,69.67,96.72,52.94,64.75,85.25,38.02,38.21,82.05,28.23,
iter=77: 17.21,38.66,86.89,96.67,69.17,68.29,68.6,84.17,85.83,91.87,35.25,63.41,81.51,98.31,61.98,54.55,45.97,70.25,52.5,69.17,92.68,
after-iter:80,84.43,24.79,27.97,25.6,26.45,29.17,18.85,63.03,24.79,55.83,75,45.45,20.66,22.31,39.67,63.64,
before-iter:59.68,52.03,89.92,68.03,47.5,60.5,62.6,43.09,55.37,66.94,93.44,62.18,23.77,33.61,22.22,22.76,18.7,18.03,
iter=78: 18.03,61.16,48.78,67.5,95.04,89.43,55.37,40.34,40.32,46.61,67.48,82.93,52.5,49.6,76.92,91.87,69.42,
after-iter:70.83,74.19,79.34,44.17,61.98,74.17,76.86,33.88,42.98,89.26,59.84,71.31,62.18,78.05,93.5,45.83,26.83,44.26,
before-iter:48.74,70.73,98.33,98.36,34.19,42.74,76.47,49.58,23.39,25,30.58,49.18,72.95,34.96,88.24,63.41,36.13,35,60.98,
iter=79: 47.97,77.69,99.16,77.69,56.67,94.26,80,46.34,40.65,40,37.19,70.83,76.67,97.52,94.96,67.48,86.78,77.87,55.37,75.41,
after-iter:93.33,72.36,60.5,18.18,19.83,60.66,61.34,88.33,75,38.02,24.39,34.15,38.33,80.33,74.17,38.02,27.05,23.14,
before-iter:24.79,37.7,15.7,29.27,21.49,13.11,17.5,16.53,22.13,18.18,16.81,22.31,15.57,17.07,28.69,17.21,16.1,
iter=80: 17.5,37.4,42.15,36.59,36.97,40.5,40.5,40.83,39.84,36.13,39.84,37.7,
after-iter:37.4,36.67,37.4,18.03,15.57,13.33,18.18,16,15.7,16.39,15.25,20.33,17.07,21.19,19.51,19.01,16.1,15.57,
before-iter:19.01,31.67,16.39,16.26,12.5,15.83,17.5,18.55,16.39,15.57,15.7,17.5,15.7,17.89,14.75,17.07,21.85,
iter=81: 19.01,38.02,36.59,34.17,38.21,47.54,44.17,36.89,36.89,37.82,37.7,37.4,
after-iter:33.06,40.16,27.27,14.29,15.7,15.7,15.57,19.51,16.53,16.95,16.26,15.45,15.7,16.53,13.33,17.5,23.58,34.43,
before-iter:25,63.03,26.23,33.61,25.62,38.21,20.49,23.97,42.28,35.83,48.76,19.17,15.45,15.57,22.95,63.93,57.63,
iter=82: 30.58,60.33,89.26,92.68,57.14,77.05,62.9,69.23,57.85,73.55,52.85,37.19,36.13,54.92,55.08,60.16,
after-iter:45.9,43.7,32.23,18.03,85.71,42.98,22.31,37.82,18.55,17.65,17.21,22.95,29.75,16.53,17.8,21.77,16.67,26.02,
before-iter:28.93,44.63,22.5,59.84,47.46,34.96,61.16,55,27.27,20.66,19.67,15.57,15,15.13,20.66,20.16,17.8,
iter=83: 19.2,38.66,81.97,54.92,43.8,69.75,52.8,56.2,38.02,89.83,66.39,55.83,41.8,88.33,71.54,54.55,
after-iter:84.17,85.37,48.76,19.51,17.36,37.19,83.47,68.03,51.61,86.89,63.87,34.71,40.5,65.57,63.93,57.02,38.33,60.33,
before-iter:89.17,85.37,71.43,78.86,88.52,84.43,55.37,66.67,78.51,86.78,36.89,29.41,40.32,40.98,54.17,65.57,91.74,
iter=84: 93.44,56.2,90.08,99.17,92.5,53.28,70.16,88.14,63.33,67.21,79.83,83.61,72.5,81.82,86.18,59.5,62.81,50.83,
after-iter:46.72,49.17,61.79,46.28,66.39,80.65,55,53.33,59.84,95.93,87.29,62.3,65.57,67.48,47.86,79.34,47.11,64.75,
before-iter:71.31,94.07,88.43,93.39,95.08,81.51,73.33,40.16,85.71,56.56,19.51,14.05,52.5,22.95,26.45,56.56,46.28,45.76,
iter=85: 53.72,80.99,87.7,90.08,88.98,85.37,77.5,88.24,95.83,94.35,69.42,64.1,79.84,68.29,57.5,73.98,63.03,89.43,60.83,76.23,
after-iter:83.05,59.35,62.81,48.76,49.17,45.08,41.13,21.67,56.56,95,92,28.93,28.69,23.14,59.02,57.85,63.11,
before-iter:68.85,49.17,88.24,56.56,28.69,34.15,29.27,30,28.1,75,59.84,49.59,71.07,50.41,74.17,79.51,65.85,86.18,
iter=86: 80,63.93,96.67,99.17,90.16,55.83,94.21,75.83,91.8,92.06,100,78.33,95.9,99.15,66.12,85.12,100,95.87,65.57,78.05,95.83,76.86,59.5,57.85,59.35,
after-iter:60.33,77.5,86.07,49.17,44.63,67.21,92.56,66.12,31.15,81.51,86.18,23.14,57.63,63.2,45.45,69.42,76.67,
before-iter:61.98,82.79,60.33,55.37,52.1,44.63,55.83,65.83,90,68.29,79.34,47.93,40.83,38.52,52.46,89.43,71.67,29.17,
iter=87: 48.76,98.35,79.51,77.05,97.5,60.5,73.98,98.35,80.99,70,96.77,59.17,70,88.62,88.43,65.57,94.12,58.54,68.03,70.97,
after-iter:62.3,59.32,37.7,80.67,22.4,20.66,17.89,19.01,32.5,57.02,18.7,60.66,91.67,55.83,30.58,37.19,65.57,
before-iter:51.67,54.47,59.66,76.03,56.3,80.49,99.17,72,76.92,61.48,33.33,19.51,21.95,41.46,65.83,60,77.87,84.43,
iter=88: 100,100,100,88.52,87.6,57.38,73.98,80.49,99.17,100,94.21,64.17,64.23,79.51,100,64.46,39.17,41.46,87.29,73.95,76.42,
after-iter:64.17,83.61,70.25,22.13,15.97,68.33,97.52,78.51,29.75,21.31,17.5,17.5,21.14,16.81,22.31,20.16,19.33,20,
before-iter:27.87,37.19,29.17,50.41,35.2,37.19,90.91,92.74,43.33,82.64,61.16,33.33,21.49,16.39,15.83,20.33,26.83,
iter=89: 18.33,51.22,91.74,61.98,32.23,29.17,54.4,53.39,68.6,70.49,56.91,79.66,84.17,61.48,74.79,42.28,83.74,
after-iter:95.8,64.23,28.1,20.49,33.61,90.08,63.93,22.31,21.43,17.65,59.02,90.91,71.31,30.58,61.16,96.75,60.83,
before-iter:23.97,29.41,29.27,19.67,32.23,61.67,61.16,53.28,80.49,94.12,33.61,64.75,95.04,43.8,41.8,26.45,58.82,78.86,
iter=90: 78.51,72.13,43.7,40.5,41.32,43.09,39.34,40.83,49.17,42.62,42.5,43.09,42.02,
after-iter:40.83,41.8,19.83,19.17,19.01,28.1,22.31,21.31,16.95,21.31,20.66,24.39,36.89,42.28,58.68,58.33,22.5,
before-iter:18.7,37.5,35.54,20.49,19.17,19.01,21.85,32.79,32.23,27.05,21.85,25.2,17.36,19.83,19.67,18.49,19.67,
iter=91: 30.83,32.52,40.83,39.67,39.67,37.7,38.84,40.34,40.98,36.36,41.8,48.33,41.32,
after-iter:39.67,50.41,34.71,25.83,44.72,37.5,31.09,29.51,49.19,39.67,63.64,24.79,90.91,77.5,49.59,32.23,30,
before-iter:23.33,38.02,50.41,29.17,26.45,67.21,42.98,28.93,54.62,66.94,65,49.59,43.9,50.85,47.11,45.08,27.27,35.54,
iter=92: 22.95,53.39,48.78,52.94,51.22,48.76,42.86,44.35,47.5,45.76,45.9,44.17,45,
after-iter:46.28,51.26,29.27,24.59,22.31,26.02,25.41,21.85,26.02,32.77,36.36,33.61,42.98,46.67,56.1,54.1,54.17,
before-iter:54.03,71.43,64.75,31.15,38.66,30.58,42.15,46.67,40.34,31.71,48.33,56.8,56.67,60.5,53.66,57.02,59.17,49.17,
iter=93: 31.4,64.8,49.59,51.64,65.04,85.71,82.93,82.11,73.33,66.13,45.83,74.38,46.4,80,60.66,81.97,56.2,
after-iter:47.46,43.9,25.83,21.77,21.95,38.14,32.79,41.18,25.83,20.49,23.53,35.54,34.71,42.28,65.83,55.37,51.67,
before-iter:43.8,63.71,63.87,22.95,23.77,39.67,60.83,51.64,25.83,22.13,36.07,28.46,34.17,39.02,47.5,75,85.12,69.42,
iter=94: 61.34,74.38,88.43,83.76,88,81.82,79.34,76.86,98.37,100,100,100,81.97,75.41,52.94,77.69,54.92,48.74,58.82,75,95.04,78.15,
after-iter:58.68,70.83,47.58,49.17,52.89,37.19,36.89,29.17,46.34,28.57,27.42,26.67,23.14,35.54,55.28,34.43,56.1,
before-iter:46.15,42.74,33.88,20,32.79,23.14,21.49,22.31,20.66,19.83,19.01,27.05,20,27.05,18.85,22.31,21.01,35.83,
iter=95: 25.83,53.33,57.85,51.64,70.73,68.6,90,90.4,98.35,89.26,88.52,92.44,93.94,76.47,72.95,77.05,80.17,75.61,85.83,73.55,68.85,
after-iter:70.25,76.42,56.2,58.33,66.39,86.89,81.51,90.24,88.52,57.14,61.79,68.33,63.41,52.54,49.59,42.15,43.33,
before-iter:40.65,57.38,60.98,45.83,45.16,46.22,47.15,54.47,73.77,73.77,64.23,77.12,62.1,52.1,50.41,47.93,49.17,
iter=96: 61.79,51.69,68.03,73.95,65.04,75.21,69.67,69.35,67.77,63.93,82.11,85.95,76.03,67.21,66.94,
after-iter:63.33,66.94,64.8,45.45,39.5,43.9,60,40.65,63.64,51.26,40.5,60.83,70.73,47.9,66.67,87.6,95,82.93,
before-iter:47.54,87.5,91.67,94.31,49.59,42.98,57.72,49.17,48.74,47.97,50,47.9,49.59,47.93,47.54,49.17,45.53,
iter=97: 50,72.73,78.05,70.49,73.33,72.95,69.17,69.92,72.13,70.83,71.07,73.73,76.61,72.88,72.8,69.67,
after-iter:81.67,95.87,81.82,57.5,52.03,74.38,71.07,55,50.41,78.05,90.91,92.56,81.15,94.31,100,98.35,99.17,96.72,
before-iter:95.87,99.18,71.67,57.5,60.98,55.37,64.75,78.05,82.79,78.51,85,85.12,57.72,55,53.28,52.89,59.5,53.78,
iter=98: 50,81.15,92.5,79.51,80.33,77.87,82.79,84.3,83.87,86.67,77.24,82.79,80.17,81.3,99.16,85.12,95.93,98.35,92.62,100,98.35,100,83.47,96.67,99.17,99.17,
after-iter:100,100,99.16,86.67,93.39,88.43,98.35,98.37,99.17,98.32,100,77.5,62.1,75.41,97.54,97.5,89.43,77.5,86.78,
before-iter:77.69,95.76,98.4,100,100,99.16,63.71,67.5,73.98,75.61,97.52,100,98.35,93.33,90.16,82.79,77.87,68.07,99.18,96.67,
iter=99: 99.18,97.54,79.34,78.69,100,97.52,97.56,100,82.64,89.34,77.5,88,78.33,79.67,73.55,82.5,85.95,95.87,81.82,79.17,72.13,75.81,
after-iter:80.83,85.25,93.33,71.54,71.67,56.1,57.5,54.17,63.41,57.02,63.33,60.16,59.35,71.31,59.84,85.25,94.26,99.17,82.64,