before-iter:100,100,100,97.54,83.61,62.81,92.56,88.52,70.4,58.68,42.15,58.2,61.79,49.15,46.83,33.33,
iter=0: 65.83,79.17,79.67,84.3,66.39,68.6,69.75,59.02,43.55,80,93.5,78.86,62.18,95.04,76.86,63.41,54.1,66.39,49.18,71.54,79.51,73.95,66.94,55.08,72.13,79.34,72.8,67.77,86.55,90.08,80.83,83.74,77.5,85.95,79.67,
after-iter:77.97,88.52,73.98,81.36,97.54,80.49,88.43,88.43,83.47,98.35,85.83,100,79.37,100,92.44,50.41,90.08,
before-iter:98.37,100,99.17,98.35,96.67,100,91.8,87.5,55,41.18,21.14,24.17,21.95,24.17,28.93,73.55,100,100,100,
iter=1: 95.87,95.83,99.19,84.03,77.05,75.21,67.5,70.83,48.33,43.9,42.62,49.15,55.65,58.54,93.44,53.66,49.59,45.08,41.18,41.13,40.83,53.72,56.8,44.54,50,42.62,44.63,
after-iter:42.62,41.8,19.01,25.81,19.17,19.67,18.49,21.14,18.49,21.31,32.23,21.01,20.97,19.17,19.83,27.5,25.62,
before-iter:21.6,42.28,17.65,27.05,48.33,32.79,18.85,19.49,19.83,20,21.14,16.67,24.79,22.95,18.03,35,19.67,
iter=2: 25.62,50,44.63,41.18,41.94,37.82,39.67,40.32,38.33,40.98,39.67,38.33,47.93,47.54,56.56,52.07,47.11,47.06,42.98,40.98,40.98,47.54,50,
after-iter:60.33,62.6,34.71,25.62,20.33,26.45,34.17,21.49,22.58,22.95,22.13,23.97,29.51,23.14,21.14,20.83,24.59,
before-iter:35.25,49.59,36.36,23.97,22.31,21.49,25.41,25.41,27.05,26.89,20,19.51,22.95,28.93,28.69,29.17,22.95,
iter=3: 22.5,24.59,45,42.15,50,43.09,41.46,40.5,41.32,52.94,51.22,52.89,48.76,43.33,43.44,39.34,40.83,39.52,44.54,41.13,49.17,39.34,39.67,40.65,
after-iter:49.15,60.66,31.2,18.64,25.81,20.17,20.66,21.14,19.67,18.33,19.17,22.95,26.67,25.83,19.01,20.33,29.17,
before-iter:21.14,27.05,33.33,27.64,19.83,26.61,20,22.5,29.75,22.95,20.83,20.33,18.49,19.67,23.77,20,21.14,21.14,
iter=4: 30.58,41.67,39.02,50,40.65,46.67,42.98,41.13,39.5,40.16,40,40.98,44.26,40,39.02,40,38.84,39.17,43.9,43.8,46.72,40.98,
after-iter:40.32,45.45,32.79,26.45,21.85,22.58,21.31,24.79,27.64,20.17,24.79,23.77,21.14,18.18,21.31,18.85,18.49,
before-iter:21.14,21.31,36,20.69,28.69,29.03,26.05,21.85,28.46,45.9,40.98,28.69,21.31,19.67,19.33,21.31,21.31,19.01,
iter=5: 26.83,51.69,40.65,38.84,40.5,39.67,38.84,46.72,47.93,43.9,40.83,44.26,39.5,39.02,44.72,47.15,39.67,38.66,39.67,39.67,43.44,40.98,
after-iter:40.16,47.11,29.51,27.05,21.67,20.49,25.41,22.13,20.83,19.83,17.95,21.14,20.16,19.83,18.33,19.33,25.62,
before-iter:29.03,26.23,33.88,21.49,27.64,19.83,18.03,19.67,18.49,32.23,22.31,20.49,21.01,24.79,26.23,24.17,23.77,18.49,
iter=6: 20.16,42.98,39.17,45.53,41.46,38.02,39.67,38.84,39.02,39.17,45.9,50.41,44.17,40.16,40,39.52,40.98,41.32,39.84,39.17,40.5,41.8,
after-iter:43.9,59.66,30.89,18.55,19.17,18.49,19.51,19.67,20.66,24.58,24.39,19.01,26.45,26.02,26.89,21.14,17.36,
before-iter:21.49,25.83,32.8,19.83,20.17,17.36,19.51,18.85,22.95,26.23,30,20.49,23.53,23.97,26.02,18.85,18.85,22.5,
iter=7: 23.39,40.68,40.65,42.74,49.15,47.11,41.32,39.34,39.5,40.5,39.02,42.28,40.65,40.83,46.67,43.9,40.65,38.14,40.8,50.42,41.8,38.84,
after-iter:40.65,47.5,31.97,21.85,18.85,19.67,20.49,29.75,30.08,20.17,21.31,19.01,26.83,26.89,23.2,19.83,19.17,
before-iter:20.66,25.21,35.77,20.66,29.51,32.23,20.33,20.66,19.83,18.85,18.33,18.85,19.83,23.39,19.83,26.23,26.83,17.5,
iter=8: 22.13,50,47.54,38.84,38.21,39.34,39.67,40.5,39.17,39.52,38.33,40.5,43.8,44.17,39.67,39.34,38.84,47.11,55.37,38.71,38.52,40.16,45.9,
after-iter:45.9,48.78,25.62,34.75,30.33,23.58,19.17,18.03,20.33,19.49,18.85,21.77,19.67,20.17,26.23,36.13,30.08,
before-iter:20.83,41.8,20.49,20.49,19.01,19.01,19.67,26.89,19.67,20.49,18.33,23.77,20.83,17.36,28.69,28.1,18.33,
iter=9: 26.61,41.32,40,47.93,40.34,40.16,38.52,39.34,45.38,46.34,39.17,39.02,38.02,40.83,39.34,46.28,41.13,39.17,39.34,38.52,45.08,48.76,54.62,
after-iter:39.84,47.9,20.33,18.03,18.49,19.67,17.36,22.4,21.31,17.21,19.49,24.59,30.08,20.49,19.17,19.83,19.83,
before-iter:24.19,44.17,20.16,24.37,18.03,19.17,19.01,19.17,19.01,21.6,27.35,24.19,21.31,19.51,18.33,18.18,22.58,
iter=10: 17.8,33.61,40.16,50,52.46,42.5,39.84,39.34,46.72,42.02,40.98,38.52,38.02,40.5,38.84,39.67,37.7,44.26,45,39.34,39.02,37.82,40.16,
after-iter:53.33,58.68,20.33,19.83,20.66,18.33,18.85,22.76,32.5,21.31,20.49,18.85,19.01,21.67,19.35,19.83,25.41,
before-iter:18.85,38.33,23.2,26.89,24.39,20.17,26.45,25.83,29.51,19.67,20.49,19.01,18.33,21.95,19.01,18.49,21.14,
iter=11: 31.09,40.34,44.35,38.33,39.67,40.16,44.54,46.28,40.34,40.98,40.32,39.34,40.98,48.33,42.62,40,40.5,39.02,40.5,47.97,41.18,38.84,40.98,
after-iter:40.83,49.19,20.66,33.61,39.34,21.67,20.33,20.83,20.33,19.67,20.17,21.19,26.83,18.18,19.17,20.16,23.14,
before-iter:28.46,44.17,28.23,18.18,19.83,20.83,24.17,25,19.67,21.31,20.33,24.58,23.2,29.17,29.03,40.34,34.15,
iter=12: 26.23,39.34,45.45,45.83,47.06,50.41,52.07,45,45.53,49.17,46.34,48.76,40.5,41.94,55,66.94,55.65,52.89,41.46,40.83,40,42.98,46.28,43.44,
after-iter:43.44,51.24,17.65,20.97,21.95,28.1,30,22.5,21.14,21.77,19.17,20.83,20.66,24.59,29.17,20.97,18.49,
before-iter:20.66,40.5,26.02,26.83,17.65,21.49,20.49,25,35.77,30,24.39,20,20.66,21.49,20.16,19.67,20.66,
iter=13: 22.76,32.23,41.67,41.8,45.53,39.34,40.5,40,39.52,40,39.67,50,46.77,41.32,38.66,38.71,43.33,45.9,40,40,44.8,39.5,39.67,
after-iter:39.67,51.24,23.77,20.49,21.49,20.66,19.17,19.35,29.51,25.83,24.79,33.06,31.97,19.67,18.49,19.67,19.17,
before-iter:20.16,38.21,21.67,26.83,30.51,19.83,19.67,18.03,26.15,20,18.85,30.89,29.6,18.18,20.83,19.67,25.83,
iter=14: 34.43,39.67,38.33,48.76,41.32,42.28,40,40.16,40.16,38.84,39.34,38.52,43.8,52.46,42.28,47.5,39.5,40.8,40.5,38.33,40.83,44.8,40.16,
after-iter:39.67,50.41,20.49,20.49,19.17,28.57,29.75,26.83,20.49,18.85,24.17,24.59,24.79,19.51,19.83,20.66,30.58,
before-iter:22.13,35.59,23.77,20.16,18.49,19.67,20,18.85,21.31,20.49,18.18,20.49,28.69,29.41,27.05,19.83,17.36,
iter=15: 19.67,30.89,42.5,42.15,41.46,41.32,37.82,39.84,45.45,47.5,42.15,40.16,40.16,39.34,39.17,38.21,43.8,51.22,39.34,38.52,41.53,42.62,38.84,
after-iter:42.5,62.5,28.69,19.51,19.01,21.31,20.33,19.83,20.83,19.51,22.76,22.95,30,24.59,26.23,20.34,28.1,
before-iter:21.49,32.52,30.08,21.67,21.31,19.17,19.67,21.49,28.33,24.79,19.67,19.83,18.85,20.17,19.35,18.33,26.02,
iter=16: 24.17,27.64,41.32,39.5,47.11,43.9,38.84,38.66,42.15,38.84,39.52,38.98,41.94,44.63,42.98,38.52,38.02,41.32,39.17,52.89,54.1,41.13,41.32,
after-iter:40.16,45.83,32.23,21.95,19.17,18.49,19.67,24.19,30.25,21.49,20.83,19.51,18.33,21.67,18.18,21.49,26.89,33.88,
before-iter:21.43,40,20.66,30.89,21.67,21.31,20.83,18.03,20,18.85,18.18,21.95,19.17,19.83,18.03,21.85,31.15,
iter=17: 29.75,54.1,44.63,42.62,40.83,43.9,42.86,42.98,42.62,38.84,40.5,40.98,39.17,40.32,42.02,42.28,49.18,47.11,40.5,38.84,38.52,47.97,39.5,
after-iter:41.32,45.45,24.39,29.75,20.66,19.01,19.51,18.18,19.83,21.6,19.17,20.17,19.67,19.01,19.01,24.59,29.84,
before-iter:20.66,48.78,26.67,19.01,18.85,19.67,21.49,22.58,17.5,20.49,19.01,21.67,28.93,19.51,19.33,27.27,19.67,
iter=18: 19.51,34.71,38.84,46.28,45.16,42.62,43.33,41.67,40.16,38.71,47.9,46.67,39.34,39.34,40.16,38.66,38.21,42.98,37.7,39.02,41.18,47.97,47.5,
after-iter:41.67,55,34.68,18.03,20.49,21.14,19.01,20,20.49,23.97,29.75,33.06,34.17,21.31,19.83,19.33,19.67,
before-iter:19.35,24.19,33.33,20.16,25.6,21.31,24.39,26.02,36.8,21.49,18.7,20.16,18.7,17.89,20.16,19.51,23.58,
iter=19: 19.67,25.2,49.59,40.32,39.2,43.44,48.39,54.17,40.5,42.4,38.21,43.8,40.8,39.84,37.19,40.94,42.62,48.36,40,40,38.66,38.71,40.65,
after-iter:38.71,46.83,20.17,17.89,27.5,27.34,25.41,38.21,19.51,20,18.55,20.33,19.2,18.55,19.67,20.16,17.74,
before-iter:21.31,48.39,26.02,28.46,20.33,17.8,21.77,25.41,26.61,19.35,20,23.14,17.74,20.8,19.2,18.18,19.01,
iter=20: 20.33,45.16,48.76,41.13,40.16,39.02,40.98,40.32,37.6,39.5,46.4,45.16,45.97,43.2,41.67,42.28,39.52,39.84,38.84,40.32,40.65,42.06,
after-iter:38.33,51.64,26.98,26.83,20.49,21.14,18.33,23.2,26.83,22.58,20.97,29.75,20.49,18.18,20.97,23.97,25.81,
before-iter:20,38.21,21.31,25.41,18.03,18.7,20,24.79,20.63,18.55,19.67,25.6,24.59,20.16,20.66,26.61,25.2,
iter=21: 20.16,37.1,52.5,57.72,56.45,57.38,55.91,60.16,60.66,62.1,58.54,50.41,57.26,57.02,66.4,64.23,64.75,56.8,57.94,56.56,59.2,62.5,63.71,57.26,
after-iter:57.72,62.5,49.18,40.8,35.77,36.29,37.5,35.25,35.77,39.02,52.8,38.71,34.96,36.59,36.07,38.1,34.15,
before-iter:39.02,55.28,41.27,37.7,37.6,37.4,37.4,36.07,44,31.45,29.03,19.83,25.83,22.05,20.66,20.8,21.31,
iter=22: 20,38.4,51.24,39.52,41.18,39.02,39.37,39.34,39.02,39.68,39.17,39.34,39.52,39.02,42.74,53.66,41.8,49.59,43.09,38.21,39.02,38.84,39.84,
after-iter:43.09,37.9,19.35,26.83,21.77,28.93,23.39,19.01,18.4,18.33,18.55,18.55,29.37,28.46,20,17.36,
before-iter:20.8,24.59,32.26,21.77,30.89,22.76,19.35,18.55,19.51,20.16,20.16,17.21,20.49,18.18,20.47,20.8,37.19,
iter=23: 35.83,35.48,44.35,39.52,41.13,39.34,43.2,38.02,40,40,42.4,64.8,40.83,41.32,41.13,38.52,40.8,39.34,40.8,47.11,45.9,38.21,40.98,
after-iter:41.94,59.52,22.13,19.51,18.7,21.14,18.85,20.16,22.4,23.58,18.7,18.85,19.69,18.85,20.33,20.33,33.87,
before-iter:24.59,41.94,19.51,20.16,20.33,19.83,20.49,19.35,19.51,23.2,22.31,19.17,21.14,18.7,24.19,18.85,28.8,
iter=24: 39.02,57.6,47.5,52.89,40,44.35,43.44,40.98,41.32,39.84,46.34,40.83,39.34,39.52,40.48,39.67,38.21,40.8,42.62,43.55,40.65,40.65,
after-iter:56.91,55.83,36.59,21.77,20.49,41.13,19.83,30.16,24.79,20.33,34.71,22.95,20.83,28,22.13,20.63,18.18,
before-iter:20.66,28.23,28.8,24.17,26.83,24.19,28.23,25.2,20.66,19.35,18.55,19.35,19.51,20,30.65,17.74,20.97,
iter=25: 18.18,28.1,51.2,40.16,40.5,44.8,40.5,41.94,39.52,39.52,42.28,40.65,40.16,39.84,41.94,44.72,46.4,41.8,40.32,38.21,40.83,39.84,39.52,
after-iter:45.53,40.65,26.4,21.67,25.2,28.46,23.77,19.67,20,20.16,17.5,18.4,18.18,19.35,19.35,20.49,
before-iter:19.67,21.77,36.89,19.05,27.64,24.39,23.58,26.61,22.95,20.63,21.14,21.31,17.89,24.39,18.18,31.97,25.6,
iter=26: 20.16,23.14,42.74,38.71,40.16,43.2,40.16,40.5,41.13,45.9,42.02,48.39,46.77,40.16,38.52,41.94,39.02,40.16,39.84,44.63,40.32,40.32,41.8,
after-iter:40.65,50.41,20,29.6,24.79,19.35,25.6,23.77,20.16,20.33,19.83,19.69,18.85,20.49,31.2,20.33,19.51,
before-iter:31.45,38.71,20.16,20.33,20,18.55,21.14,18.55,19.35,26.89,33.61,29.6,22.76,17.89,18.7,20.16,18.55,
iter=27: 21.14,42.28,40.65,40.32,38.52,39.67,47.97,46.34,39.67,44.35,40.32,39.84,45.16,44.72,44.72,39.34,39.84,39.34,40,38.33,37.9,40.32,
after-iter:45.9,60.83,26.98,19.67,18.03,20.97,21.31,17.89,19.35,18.7,35.48,32.5,24,18.33,25,18.7,18.7,
before-iter:20.49,31.45,27.05,20,19.67,19.67,29.17,24.6,21.14,18.7,20.16,20,21.14,27.64,24.39,19.01,23.02,
iter=28: 19.35,29.51,51.24,41.8,40.32,39.34,39.2,37.4,38.84,41.8,41.6,42.74,40.32,38.02,39.84,39.02,44.72,48.78,48.41,47.97,39.34,40,40.65,
after-iter:40.32,45.08,19.35,29.84,18.85,29.13,25.41,21.14,19.51,19.67,20.97,18.85,20.49,27.05,22.4,19.35,20.8,
before-iter:17.89,48.36,30.89,20.49,18.55,18.7,19.84,17.89,18.7,18.85,21.6,17.36,20.49,19.01,27.87,31.97,30.65,
iter=29: 21.49,47.15,40.32,39.34,39.52,41.13,42.28,38.02,40.8,39.34,45.9,45.53,41.6,38.84,39.84,39.02,40.65,40.32,46.03,50.41,40.32,45.9,
after-iter:37.82,49.59,25.81,27.64,21.01,21.43,19.35,17.5,24,20.16,19.67,19.51,19.35,20.16,26.83,24.19,26.45,
before-iter:21.14,34.43,24.19,19.51,19.01,20.33,19.51,18.55,20.33,20.49,21.77,31.45,22.95,19.83,19.51,19.2,18.85,
iter=30: 19.2,35.71,52.54,45.08,39.67,40.32,38.4,40.98,44.63,46.34,40.98,38.66,38.21,48,39.84,41.8,38.71,40.32,38.02,46.34,45.08,40.94,47.11,
after-iter:39.02,52.8,18.7,21.14,20.49,20,20.49,18.7,18.18,27.05,26.61,20,19.51,29.75,20.97,18.85,19.51,
before-iter:19.01,42.06,34.71,25.81,19.51,23.14,28.8,22.58,18.33,21.14,21.95,19.51,20.66,18.55,27.2,18.7,20.97,
iter=31: 17.65,41.94,38.84,41.46,45.97,57.14,59.68,45.16,41.32,40,39.34,41.13,38.21,39.02,45.9,49.59,44.72,41.8,41.46,40.65,41.94,38.33,
after-iter:39.84,49.6,36.89,22.95,21.77,22.5,29.03,28.57,17.65,21.43,19.83,18.55,20,22.05,20.49,19.67,18.18,
before-iter:19.35,35.48,39.67,22.58,21.95,25,26.45,21.14,20.97,19.83,23.2,18.7,20.97,19.2,17.65,19.2,30.89,
iter=32: 29.37,34.45,45.16,40.83,38.52,39.02,40.32,39.84,46.72,42.4,42.98,62.9,40.65,43.2,38.21,39.34,39.17,39.02,40.65,40.16,40,41.46,39.34,
after-iter:41.8,56.56,19.67,19.35,21.6,23.97,23.39,19.67,17.07,20.8,17.36,19.84,20.16,20.66,26.83,34.15,19.35,
before-iter:28.69,43.09,18.03,20,18.85,23.77,18.18,25.4,24.59,30.33,19.2,21.67,28.1,20,20.97,17.74,22.58,
iter=33: 18.49,42.28,39.52,40.48,39.67,40.16,47.11,41.46,40.32,38.84,38.21,45.9,41.94,39.67,41.46,59.17,67.74,50,39.37,46.72,40.32,41.32,
after-iter:38.84,48.03,27.73,18.7,19.2,20,19.35,17.6,19.83,24.59,39.84,21.14,19.67,22.58,19.35,20.83,19.67,
before-iter:20.66,34.43,35.48,22.31,21.95,19.51,19.2,19.67,30.89,21.77,20.97,20.33,25.41,26.4,22.76,20.83,19.69,
iter=34: 19.67,27.87,52.42,41.46,39.84,43.9,42.06,42.86,41.13,39.02,39.52,41.94,38.71,40.5,38.52,52.85,52,40.32,43.33,39.02,38.71,41.94,38.02,
after-iter:39.52,49.19,18.85,24.19,19.17,31.45,31.71,20.16,16.67,27.64,18.7,18.85,34.96,26.05,22.4,19.33,19.67,
before-iter:19.84,37.9,19.35,29.75,32,31.09,26.02,20.8,19.2,19.67,19.01,18.4,21.14,20,26.61,34.96,27.87,
iter=35: 22.58,44.17,41.13,40.65,38.71,40.32,41.32,39.84,41.67,39.52,46.28,45.97,40.32,38.52,39.52,40,39.34,40.32,43.9,48.36,42.62,39.52,
after-iter:38.21,59.68,30.65,19.67,20.49,20.97,27.64,21.14,20.16,20.97,23.33,21.31,19.51,20.16,20.97,20.49,33.6,
before-iter:24.79,42.15,30.65,30.08,22.76,20.63,20.49,24.39,29.27,24.39,32.8,28.1,22.58,17.74,18.85,20.16,21.43,
iter=36: 18.18,38.21,44.63,41.41,38.46,40.32,43.55,45.16,43.09,37.9,38.52,37.7,38.4,37.9,39.34,38.21,39.67,41.32,37.6,45.53,40.8,47.15,45.53,
after-iter:38.21,49.17,18.55,23.39,19.67,23.39,20.33,18.7,18.18,17.36,19.67,24.19,29.03,18.55,19.2,18.85,18.18,
before-iter:20.63,46.34,22.58,19.51,20.83,26.83,31.71,20,18.55,18.7,18.85,20.33,17.07,18.85,18.55,19.05,16.53,
iter=37: 19.51,50,47.97,40.65,45.53,45.16,38.4,40.65,37.4,40.16,39.17,38.4,40,37.9,51.24,49.19,40.32,37.7,39.34,38.52,39.2,40.5,
after-iter:39.34,52.38,33.06,23.58,19.51,18.03,19.51,25.81,29.6,22.95,21.31,17.5,22.4,18.85,19.2,43.09,48.76,
before-iter:65.85,66.39,82.64,50,56.67,62.71,62.4,39.17,54.03,48.74,57.38,27.73,57.26,46.28,39.34,41.8,50.83,44.26,
iter=38: 28.69,54.17,60.33,41.32,51.22,51.24,49.17,78.69,44.63,40,61.79,69.42,74.38,65.83,67.48,67.5,52.5,44.17,60.66,55.37,48.36,63.41,70.34,48.36,44.35,
after-iter:67.21,68.33,77.5,29.27,41.67,24.39,36.89,55.46,55.28,62.81,55,64.23,62.5,24.59,29.75,38.71,39.34,47.11,
before-iter:30.33,79.51,52.46,25.62,60.66,31.4,39.02,39.67,61.98,23.53,26.83,39.83,59.5,72.13,74.59,56.78,54.47,73.55,
iter=39: 90,90.08,93.5,93.28,99.17,99.18,100,100,100,100,100,100,100,100,100,100,100,100,100,100,100,100,100,100,98.37,100,100,100,100,100,100,100,100,100,100,100,100,100,100,99.18,100,99.18,100,99.17,97.5,100,99.19,97.52,97.48,99.19,98.35,95.87,94.96,96.69,81.45,71.67,64.46,51.22,47.97,49.58,51.24,61.34,60,47.9,
after-iter:40.5,43.8,27.12,35.77,25.2,24.19,37.5,21.01,20.49,20.49,33.87,19.33,18.33,28.23,40.5,22.95,25,
before-iter:33.61,47.9,26.83,28.69,28.93,35.54,28.69,26.05,27.87,36.07,25.21,24.59,21.31,20.49,32.77,45.9,63.93,
iter=40: 45.45,55.74,43.22,81.97,87.9,55,37.19,37.4,44.72,33.61,46.34,94.26,91.6,72.95,60.83,74.38,90.98,54.55,35.29,38.21,34.17,33.88,41.8,42.15,38.14,42.28,
after-iter:46.72,50.41,37.7,54.17,80.99,81.97,42.62,63.87,73.17,81.67,70.25,65.83,63.64,76.42,84.17,73.77,62.81,
before-iter:68.6,71.07,51.22,56.3,60.66,76.67,80,48.36,66.12,81.15,88.33,86.78,76.86,81.51,68.03,60.5,64,
iter=41: 65.83,59.17,85.25,78.81,74.38,42.28,47.93,43.7,52.89,57.38,30.08,27.5,27.64,27.87,27.97,30.89,34.71,32.52,31.67,32.23,38.02,29.75,31.67,
after-iter:26.83,29.51,10.83,6.45,4.13,13.82,9.92,10.74,3.31,4.1,8.33,3.28,5.79,4.84,5,4.07,10.66,
before-iter:6.5,19.33,15.45,8.2,1.65,4.13,10.57,4.88,9.92,5.69,5.79,3.23,3.31,0.84,4.07,1.67,1.67,
iter=42: 3.25,10.66,27.5,26.61,25.83,25.83,27.2,27.5,26.23,26.23,25.21,35.2,33.06,26.05,28.57,25.83,27.27,25.42,25.62,28.46,26.23,31.67,
after-iter:26.45,28.46,4.1,0.84,3.23,1.65,4,1.69,4.1,10.74,7.38,2.42,0.84,4.84,5,1.68,3.28,
before-iter:12.3,17.21,3.36,4.1,0.83,3.23,1.67,3.25,2.48,4.07,2.48,5.79,9.17,9.09,4.07,1.64,3.31,
iter=43: 4.07,15.7,26.83,25.83,26.02,26.45,25.83,27.42,25,26.45,26.83,26.67,26.83,25.62,30.25,30.4,26.89,27.27,26.83,26.23,26.23,
after-iter:26.23,27.64,6.61,2.5,3.28,0.85,3.25,5.69,1.67,2.48,1.64,3.28,14.52,6.72,6.61,5.79,4.88,
before-iter:1.68,11.57,7.38,4.07,2.5,1.67,4.88,2.5,2.48,0.81,3.31,2.48,5.74,4.07,1.67,2.44,9.09,
iter=44: 8.26,9.17,28.69,27.42,25.42,26.83,26.83,26.05,26.02,30.58,25.41,27.05,26.67,25.41,25.62,28.23,25.83,26.61,26.23,32.77,29.17,
after-iter:27.64,29.17,14.52,4.17,1.64,3.23,3.31,10.83,3.33,1.64,3.28,3.25,1.67,3.33,0.83,3.25,3.25,
before-iter:0.83,21.67,46.77,24.17,4.76,2.54,2.5,2.44,4.13,3.31,2.48,3.25,3.28,1.64,4.03,0,3.31,
iter=45: 3.25,5.88,28.33,26.83,31.4,27.73,31.45,25.83,27.2,29.41,27.64,26.45,26.83,26.05,25.81,26.89,25.41,28.23,25.83,27.05,26.45,26.83,
after-iter:28.93,24.39,10.92,9.68,5.79,2.48,4.92,3.23,0.83,3.28,0.83,4.8,3.36,4.88,2.46,1.65,3.31,
before-iter:2.44,17.36,1.68,8,3.36,5.69,4.13,2.44,4.17,3.31,1.67,1.67,4.84,0.83,8.87,0.83,2.5,
iter=46: 2.44,24.79,27.05,25.62,25.83,26.83,26.45,25.83,29.27,27.87,26.89,24.59,26.89,27.05,24.79,27.05,32.5,25.62,26.83,26.23,26.83,
after-iter:24.58,28.23,2.46,1.63,2.5,2.44,9.92,5.08,7.2,3.28,0.83,3.28,1.67,5.69,0.84,2.46,1.64,
before-iter:3.28,17.36,3.25,2.44,2.46,3.28,0.83,4.03,0,9.76,5.74,3.25,3.36,3.23,2.46,3.23,0.83,
iter=47: 2.48,20.8,25.21,27.87,25.62,26.83,27.12,25,28.8,30.83,51.67,58.54,51.24,46.72,47.5,59.35,73.95,60.66,60.83,62.81,44.26,35.25,
after-iter:38.02,26.45,12.5,8.94,3.28,3.31,0.84,7.14,1.67,3.31,10,4.96,4.88,1.67,3.28,1.65,3.28,5,
before-iter:8.2,18.03,3.23,2.48,1.67,2.46,4.92,2.48,2.48,19.83,14.88,11.67,15.57,13.93,6.72,8.13,7.38,
iter=48: 4.13,27.27,26.83,27.05,36.07,28.33,26.23,26.45,27.2,25.83,27.87,26.45,25.21,28,25.64,39.34,34.15,30.58,27.05,26.67,
after-iter:25.83,28.33,14.52,1.68,2.5,1.64,3.25,2.46,3.33,1.65,5.65,1.65,2.48,1.67,2.44,7.5,7.26,
before-iter:5.69,5.79,12.61,3.31,2.44,0.85,3.23,3.28,1.67,3.31,3.25,2.48,1.67,3.25,2.48,4,0.85,
iter=49: 13.6,16.1,28.46,28.1,28.46,25.62,27.42,25.62,25.62,28.69,27.05,27.27,25.62,25.81,27.5,24.79,27.64,26.45,28.1,25.62,31.71,28.57,
after-iter:26.67,20.49,4.07,1.65,3.36,3.25,9.84,3.25,2.48,1.64,3.31,1.67,2.44,3.28,0,4.03,2.48,
before-iter:3.25,22.13,7.44,3.25,2.48,4.84,4.03,1.67,2.46,0.83,2.5,11.48,4.84,2.5,4.92,1.65,1.67,
iter=50: 1.64,26.83,27.87,26.05,32.79,31.15,27.05,27.27,25.83,28,27.64,25.21,27.05,25.41,26.83,26.05,27.27,27.05,25.83,26.83,25.62,
after-iter:27.05,26.45,3.25,8.33,7.26,4.92,0.85,2.44,2.48,7.38,2.5,0.83,4,1.65,3.31,3.28,3.33,
before-iter:3.2,17.89,2.48,1.64,1.67,10.57,13.33,8.13,1.64,4.13,1.63,3.33,2.52,3.28,4.1,1.67,3.28,
iter=51: 1.65,18.18,31.71,25,26.23,26.83,26.67,26.23,27.87,33.33,28.57,26.02,27.42,27.27,25.83,27.27,30.83,26.02,27.27,26.23,25,26.83,
after-iter:27.5,20.66,2.42,0.83,1.64,4.1,2.5,11.29,9.24,4.13,3.97,0.84,3.28,2.5,1.64,3.28,11.57,
before-iter:5.65,17.07,2.48,1.65,3.97,0.84,3.31,2.48,3.25,2.46,13.82,10.83,8.94,0.82,4.92,2.48,4.17,
iter=52: 3.28,26.05,27.64,25.41,25.83,27.64,26.83,27.27,27.05,27.05,25.62,25.83,27.27,33.61,28.1,30.89,26.05,26.45,25.62,26.83,25.62,
after-iter:25.62,24.39,4.92,2.48,2.48,0.83,2.44,4.07,1.68,3.28,2.42,22.31,12.5,10.08,4.88,3.31,1.64,
before-iter:2.46,17.07,3.28,2.48,3.31,4.88,0,3.25,3.28,1.63,13.01,4.17,4.07,3.28,7.32,8.4,2.48,
iter=53: 3.28,23.14,28.1,25.83,32.26,25,27.42,25.62,26.45,25.62,27.05,26.61,26.45,27.27,25.62,28.23,26.67,31.97,29.75,27.27,25.83,
after-iter:27.64,28.33,4.84,1.67,2.46,1.67,13.01,5.65,3.36,2.5,1.64,13.01,2.46,3.28,4.07,0.84,9.84,
before-iter:5.79,20.17,5.69,3.25,2.48,2.5,1.68,4.13,2.48,21.85,31.97,2.5,4.88,0.83,4.84,2.52,1.65,
iter=54: 2.48,11.57,33.06,29.27,27.5,26.83,26.05,27.42,25,26.23,26.02,27.87,26.05,25.62,28.8,25.21,26.23,26.45,25,27.05,26.83,26.45,
after-iter:41.67,20,8.87,1.67,4.13,4.03,2.48,3.25,1.64,4.17,3.31,1.64,5.69,11.29,2.5,1.64,1.69,
before-iter:4,16.81,2.46,16.67,31.4,16.67,18.85,5.69,4.13,35.83,1.65,4.03,1.65,1.65,6.45,2.56,3.25,
iter=55: 1.63,27.87,26.23,27.05,27.27,27.27,36.97,33.33,29.51,38.02,28.33,26.02,27.27,25.62,27.27,26.61,31.93,26.45,26.45,25.83,26.83,
after-iter:27.87,29.75,7.38,2.44,6.67,16.26,6.5,3.33,1.63,3.25,2.48,1.67,2.5,2.46,1.64,4.03,1.67,
before-iter:2.5,13.11,7.38,2.44,3.28,2.5,1.63,6.56,5.04,9.84,2.48,1.67,3.31,2.46,2.44,3.25,2.44,
iter=56: 1.67,11.76,28.69,24.79,27.87,25.62,25.62,26.23,26.61,25.83,35.83,34.43,30.08,25.83,25.62,26.45,27.5,26.83,25.62,27.42,26.45,
after-iter:25,28.69,4.1,0.83,3.31,3.28,7.44,25.62,25,32.26,22.95,24.39,26.83,25.42,29.27,25.83,26.23,
before-iter:26.83,40.65,28.93,25.41,25.62,25.62,26.23,27.42,26.05,26.02,24.58,23.77,31.09,31.45,25.83,23.58,20.83,
iter=57: 25.41,37.19,50.83,51.22,50.41,56.67,51.24,36.67,26.61,27.05,27.05,26.23,26.67,26.23,25,32.52,33.33,26.67,26.83,26.67,26.02,25,
after-iter:26.67,16.94,1.67,3.23,0.84,3.23,4.03,1.67,2.48,1.64,2.46,2.5,2.44,7.44,4.03,7.44,1.65,
before-iter:4.17,14.17,3.28,31.15,21.01,3.33,4.1,3.28,0,5.74,1.68,2.48,2.44,1.64,4.1,2.48,18.49,
iter=58: 7.38,29.51,27.27,26.02,27.27,25.62,26.23,27.05,26.02,28.93,25.83,26.83,33.88,25.83,37.7,27.05,26.67,26.23,25.83,34.71,36.07,
after-iter:25.62,28.69,9.76,2.5,4.88,2.48,2.48,3.25,2.46,2.46,2.54,2.46,1.67,2.42,4.03,3.33,5.69,
before-iter:5.88,18.18,6.45,3.25,0.84,2.46,1.64,2.48,2.48,2.48,2.48,13.71,1.64,3.28,0.83,4.13,3.2,
iter=59: 3.28,18.18,25.81,31.97,29.51,31.45,25.2,27.87,25,26.83,26.4,26.61,25.62,26.83,27.64,28.33,26.83,26.83,26.67,28.69,26.98,
after-iter:26.45,30.16,9.24,5.69,7.5,4.88,3.31,3.2,4.13,2.46,4,4.1,2.48,3.2,1.64,1.63,3.25,
before-iter:0.82,17.21,3.23,4,2.46,14.17,11.02,3.28,1.61,2.5,1.63,2.5,3.17,1.65,0.81,4.03,1.63,
iter=60: 3.28,22.95,26.45,26.23,26.4,26.45,26.23,25.41,33.06,27.5,29.27,33.33,25.41,26.02,26.23,25.6,27.2,25.62,27.64,25.6,25.21,
after-iter:26.23,20.97,2.44,3.2,3.28,0.82,2.42,10.66,5.69,4.92,2.46,1.63,1.61,2.42,3.17,0.84,1.6,
before-iter:13.11,15.7,4,3.28,1.67,2.42,2.48,1.6,3.25,3.23,6.56,12.1,4.03,1.63,2.46,2.48,
iter=61: 3.2,5.74,28.8,26.23,26.23,26.83,26.83,25,26.83,26.23,25,26.83,25.81,26.4,35.29,32.23,29.27,25.4,27.05,26.4,25.62,
after-iter:27.64,25.62,11.29,2.48,1.63,2.48,4.92,3.33,4,3.28,2.38,1.65,3.97,18.7,9.76,4.03,3.17,
before-iter:2.44,14.88,4.8,5.6,2.48,1.61,1.69,1.63,4.88,0.81,1.65,3.2,0.84,2.42,4.03,4.07,12.2,
iter=62: 13.93,20,25.41,27.64,26.61,25.62,27.05,26.23,25.2,26.83,26.4,26.05,25.83,27.42,27.42,27.27,26.23,26.61,30.08,30.89,26.83,
after-iter:25.81,26.45,3.23,1.63,2.42,1.65,3.2,12.4,3.2,2.5,3.31,1.63,2.4,1.67,1.63,3.23,0.82,
before-iter:5.69,29.84,3.28,1.61,1.61,3.28,1.61,3.23,0.84,3.2,3.97,1.65,0.81,3.28,1.63,2.42,4.13,
iter=63: 5.6,26.23,25.6,31.4,32.79,29.27,25.21,27.56,27.05,26.02,27.64,26.23,25.2,25.81,25.81,25.21,26.02,28,26.61,25.6,26.61,
after-iter:26.45,23.77,15,7.26,2.5,4.84,2.4,0.82,2.5,1.63,2.46,2.4,3.28,2.52,2.4,2.44,3.31,
before-iter:3.17,17.36,1.68,4.76,4.03,15.57,5.74,1.61,3.23,1.63,2.4,1.67,2.4,1.64,2.4,3.25,1.63,
iter=64: 5.65,27.87,25.62,26.02,27.56,25.62,26.45,26.61,30.33,30.89,25.41,25.81,27.87,25.81,26.23,27.42,25,31.97,26.83,27.87,26.61,
after-iter:25.41,22.5,0.83,4.03,3.2,0,3.97,6.78,5.65,9.02,2.42,3.25,0.81,4.88,2.52,0.82,2.44,
before-iter:1.64,16.94,4.03,2.4,3.31,0.83,3.25,0.81,1.61,5.56,5.79,7.26,4.07,2.42,1.67,3.15,1.69,
iter=65: 4,27.5,27.78,24.59,26.67,26.98,25.81,26.02,27.64,25.41,26.45,25.81,34.4,32.8,26.45,28.57,26.02,28.8,26.02,26.61,26.83,
after-iter:25.62,16.8,2.42,2.52,2.42,0.82,3.97,0.85,3.17,9.02,3.28,3.2,9.92,7.14,7.56,2.42,
before-iter:4,9.17,8.94,3.31,1.61,2.52,4.72,2.48,3.25,3.31,3.2,2.48,3.25,1.67,0.83,3.25,15.45,
iter=66: 8.4,12,28.46,26.83,25.81,27.42,25.62,30.58,28.69,27.05,25.83,25.41,27.78,25.83,27.42,26.23,25,26.02,30.65,30.25,31.97,
after-iter:26.45,27.64,13.22,2.42,1.67,4.03,1.65,2.44,1.65,2.46,3.23,2.44,2.4,2.46,3.2,0.82,3.25,
before-iter:6.56,9.02,13.01,3.31,3.28,1.61,1.69,3.2,2.4,2.44,3.31,0.82,2.48,1.67,4.76,1.63,1.67,
iter=67: 2.4,11.67,33.06,31.2,30.65,28.33,26.98,25.62,27.64,26.98,26.89,27.05,26.02,27.87,28,27.05,27.27,26.45,28,32.8,27.12,25.21,
after-iter:27.2,24.79,4.92,6.35,0.83,1.65,1.65,4.8,0.81,1.65,2.42,3.2,1.61,1.63,2.44,3.23,
before-iter:1.65,6.45,12.4,2.48,2.46,7.26,7.26,0.83,9.02,1.61,1.67,3.2,2.44,2.44,10.83,3.17,2.48,
iter=68: 2.42,9.76,27.05,26.61,25.62,25.62,27.42,25.41,31.45,29.27,28.33,26.83,25.83,26.98,27.12,25,26.4,25.83,25.41,26.83,26.67,26.4,
after-iter:25.81,17.36,2.42,2.44,2.48,2.44,8.06,7.94,4.13,1.68,2.44,1.61,2.48,1.61,4.88,0.83,2.42,
before-iter:4.13,14.05,3.23,3.2,3.23,1.65,1.63,8.94,4.07,9.84,6.5,5.56,2.48,1.61,2.48,3.2,
iter=69: 1.64,8.87,25.62,28.33,26.4,26.98,25.21,30.95,26.4,26.61,26.23,26.23,26.02,31.45,30.33,26.23,26.23,24.79,27.64,26.83,26.83,
after-iter:27.87,28.8,4.88,1.68,0.81,4,2.46,2.4,2.4,0.84,3.17,0.82,10.24,9.17,5.6,1.64,3.28,
before-iter:1.61,18.4,2.42,11.57,1.63,3.31,1.63,2.4,2.42,0.81,4.92,0.81,2.44,1.63,2.46,12.9,7.32,
iter=70: 4.84,24.59,28,24.59,27.05,26.83,24.79,26.98,26.83,25.62,26.98,26.45,26.83,24.59,26.02,27.56,25.21,32.52,26.61,29.51,29.03,
after-iter:33.61,24.6,2.44,15.57,11.38,4.07,1.64,2.44,3.23,0.82,3.23,3.28,3.2,2.44,7.32,4.96,9.76,
before-iter:6.45,18.03,0.82,5.69,2.46,2.44,2.42,0.81,1.67,3.2,2.5,2.42,11.2,2.42,0.83,3.2,4.1,
iter=71: 3.2,26.72,35.48,30,25.81,26.02,28,25.62,27.2,25,26.23,26.4,26.45,26.19,24.79,27.42,25.2,25.81,27.05,25.62,26.4,
after-iter:30.58,24,0.84,9.45,0.82,4.07,1.63,3.23,1.61,10.92,4.03,2.44,1.61,0.83,4.76,1.61,0.84,
before-iter:4.07,15.75,0.83,9.6,5.65,4.07,2.48,2.46,0.85,2.42,3.25,3.17,1.65,2.44,3.97,2.48,
iter=72: 3.23,13.33,57.72,41.8,27.5,25.81,26.4,34.43,30,24.59,29.6,24.79,27.27,26.23,25.81,24.59,28.13,24.79,27.2,25.81,28.23,
after-iter:25.62,26.45,13.71,1.67,5.65,11.57,8.8,5.69,4.92,1.68,2.42,1.64,0.82,4.69,3.25,2.48,2.48,
before-iter:1.64,14.4,13.11,0.82,3.28,2.44,1.67,3.23,1.61,12.9,8.47,5.56,0.81,4.84,4.84,4.84,3.25,
iter=73: 1.63,14.75,27.2,26.02,27.05,25.83,26.02,26.4,28.1,25.81,25.62,31.15,32.52,27.42,26.61,25.62,27.2,26.45,26.23,25.2,30.58,
after-iter:28.69,27.64,9.02,1.61,2.46,0.81,4,1.6,1.68,4,8.26,5.69,4.88,4.07,1.63,3.23,1.63,
before-iter:4.13,16,3.28,3.2,1.61,2.48,2.42,4.07,2.42,2.46,1.64,2.4,1.67,8.87,6.45,4.07,0.83,
iter=74: 3.97,21.49,26.02,24.39,28.8,26.02,25.83,25.81,27.05,25.62,26.61,26.02,25.62,26.61,26.02,30.89,33.33,29.51,29.17,25.41,26.23,
after-iter:25.21,28.57,9.68,0,3.94,6.72,2.44,2.44,3.23,1.65,4.03,0,2.4,2.48,4.72,6.56,8.06,
before-iter:3.2,16.26,2.44,4.88,1.61,0.85,3.94,1.64,2.44,3.2,0.82,2.48,1.65,1.61,1.67,3.17,2.48,
iter=75: 5.74,28.57,26.67,27.64,26.23,26.02,25.41,27.42,25.81,27.27,30.58,26.61,26.23,25.2,27.27,26.45,25.81,26.4,26.45,26.83,27.73,
after-iter:27.64,21.95,2.42,1.65,2.4,1.64,4,2.44,2.46,1.63,2.44,0.81,2.42,3.25,2.44,4,2.46,
before-iter:3.33,14.52,5.74,11.48,3.28,0.83,4,0.82,3.23,1.61,2.48,2.46,24.59,30.58,2.4,3.33,
iter=76: 1.64,7.38,31.2,26.05,25.2,33.07,26.45,33.61,33.87,27.05,25.81,27.05,28.23,25.83,26.4,31.71,26.61,27.64,25.41,25.81,26.23,26.61,
after-iter:26.45,17.74,0.83,1.61,7.44,6.5,7.44,2.4,7.26,2.38,1.65,3.23,0,4.92,0.81,4.07,
before-iter:2.38,6.67,13.6,1.63,1.67,3.23,2.46,2.46,10.48,3.25,10.57,2.46,3.94,1.67,1.61,3.31,1.61,
iter=77: 11.67,12.2,27.05,25.41,27.42,25,27.42,26.23,25.62,28,25.41,30,28.46,29.84,26.02,28.46,26.67,26.02,26.02,26.4,25.42,28.23,
after-iter:25.83,22.4,3.25,3.17,1.65,4,2.48,1.65,0.83,10.57,3.31,6.4,2.48,2.42,2.46,2.42,2.46,
before-iter:1.63,16.39,4.72,3.23,2.46,1.63,3.25,1.61,3.25,3.28,9.84,2.4,7.32,3.23,6.56,0.81,
iter=78: 2.46,7.32,27.42,30.95,25,27.64,26.02,24.79,27.42,24.79,25.4,28.23,25.41,26.83,25.62,29.75,32.52,25.83,27.64,25.81,25.83,26.83,
after-iter:26.61,15.13,3.2,2.42,2.4,2.48,2.46,1.65,2.46,1.61,1.67,5.47,0.84,3.25,12.4,10.92,
before-iter:5.56,6.56,12.5,3.2,1.67,3.17,12.1,1.64,2.42,2.48,0,4.76,0.83,3.23,1.63,2.42,2.4,
iter=79: 7.5,14.17,29.51,26.45,26.45,27.2,25.2,27.27,25.81,25.81,27.64,26.45,25.81,26.23,26.4,26.02,26.02,25.81,28.23,25.81,32.23,28.8,
after-iter:27.5,17.46,0.81,3.28,2.42,1.65,1.63,3.25,3.2,3.25,3.36,2.46,2.4,1.63,2.42,4.07,
before-iter:1.61,16.1,19.84,5.79,0.81,4,4,3.28,6.5,2.46,1.63,0.83,4,2.46,1.6,2.48,3.2,
iter=80: 0.81,14.52,27.42,27.73,25.81,33.06,30.08,26.83,26.23,26.23,27.05,26.02,27.42,25.41,25.81,25.41,27.05,26.23,25.6,26.61,26.23,
after-iter:25.41,28.46,11.9,5.83,10.66,3.31,3.31,1.63,2.44,2.4,2.44,0.82,11.9,1.67,2.4,2.44,3.28,
before-iter:2.48,11.29,6.5,3.28,2.4,2.44,7.2,10.83,2.4,4.1,0.81,2.4,1.65,4,0.83,3.28,2.46,
iter=81: 2.46,15.7,26.23,26.02,27.05,26.23,25.2,27.05,26.83,31.4,29.27,27.5,25.2,27.5,25.62,27.64,25.81,26.83,26.23,25.2,25.83,
after-iter:26.83,27.27,9.52,1.67,3.2,0.81,2.42,11.57,8,4.92,8.13,2.42,7.44,7.26,1.65,3.17,2.48,
before-iter:3.2,14.05,4.03,2.42,1.61,1.68,2.46,0.81,3.94,3.28,2.44,11.2,3.36,4.76,0.83,2.42,1.61,
iter=82: 4.88,18.7,25.2,26.4,26.67,26.61,25.62,28,26.23,25.41,26.02,26.61,26.02,28.57,31.2,26.45,32.8,25.2,26.98,26.61,25,
after-iter:25.81,32.52,3.28,1.61,2.44,3.23,2.46,2.46,2.44,1.61,1.65,2.44,7.32,8.87,3.23,1.63,2.48,
before-iter:3.25,16.26,2.46,4,1.64,3.23,4.84,0.84,2.48,3.17,3.97,0.83,3.25,0.83,0.81,10.48,6.56,
iter=83: 7.94,28.69,27.05,25.41,27.27,25.81,26.45,26.45,27.64,27.56,26.23,24.79,27.05,26.02,26.23,25.41,26.45,32.52,31.45,30.4,26.45,
after-iter:32.52,19.51,0.81,3.31,0.82,2.42,3.97,1.67,3.23,2.4,2.48,0.81,3.28,4.76,0.83,4.88,
before-iter:2.4,11.29,19.35,2.5,4.03,1.63,0.81,4.69,0.85,3.15,0.83,1.63,3.23,1.67,5.47,0.82,3.23,
iter=84: 0.82,10.57,28.1,30.33,28.33,31.45,26.02,26.02,26.61,26.83,26.02,25.62,30.33,29.27,26.02,26.23,26.02,26.61,25,26.83,25.2,27.42,
after-iter:26.45,20.66,3.97,4.96,1.63,3.28,0.83,3.17,3.23,2.42,2.44,1.65,1.64,4.07,3.17,2.44,1.64,
before-iter:4.2,14.88,0.81,4.07,6.45,4.96,4.1,3.2,3.28,2.42,2.42,3.2,0,2.4,4.03,1.61,
iter=85: 1.67,7.38,28.1,26.4,25.62,27.64,26.23,32.52,29.27,29.84,34.13,27.42,26.02,25.83,25.83,34.96,25.41,26.98,25.81,25.62,26.61,26.23,
after-iter:25.2,16.26,3.91,1.69,2.42,2.44,9.84,12.7,1.63,4.84,1.61,3.25,0.83,1.6,2.44,2.4,
before-iter:3.23,8.33,11.11,2.48,2.42,0.82,5.6,0.83,4,6.72,10.83,3.94,2.46,1.67,3.94,1.63,1.64,
iter=86: 3.2,15.97,31.71,25.21,25.81,26.4,26.45,27.2,25.81,25.81,26.83,26.45,32.79,29.27,26.83,26.61,26.02,26.67,25.2,26.98,27.87,
after-iter:25.41,27.5,9.76,2.44,2.46,2.46,3.17,0.83,3.2,1.63,1.67,8.94,7.38,3.28,3.28,1.67,3.2,
before-iter:3.2,14.88,7.26,2.44,2.48,1.63,3.17,1.65,3.2,0.83,1.63,3.23,2.46,12.8,11.38,11.48,3.97,
iter=87: 2.48,19.05,26.45,26.45,26.02,25.83,26.02,26.61,27.42,26.83,26.61,27.05,26.83,27.2,25.62,26.61,26.23,33.88,31.97,30.25,29.6,
after-iter:25.2,28.46,13.11,2.5,2.38,4.07,2.48,0.81,2.46,2.44,2.46,3.17,1.64,1.63,0.81,8.87,7.32,
before-iter:7.63,10.57,10.48,2.44,1.63,2.44,1.63,2.5,12.8,2.4,2.46,0.83,3.2,0,3.25,5.65,2.44,
iter=88: 1.65,20.33,30.33,27.5,26.61,26.23,26.61,26.61,25.62,26.23,27.87,26.23,26.23,26.45,35.48,30.83,30.58,30.65,26.83,25.62,26.83,30.89,
after-iter:30.08,20.16,4.03,1.68,2.44,3.94,3.33,4.13,3.28,4.88,0.83,4.1,2.44,4,2.42,3.28,1.69,
before-iter:5.69,23.14,16.53,5.74,3.25,1.64,1.64,2.46,1.63,1.63,2.44,2.42,2.48,3.2,2.46,1.61,
iter=89: 3.23,6.67,27.27,27.64,26.45,25.41,31.15,31.4,27.34,27.05,27.2,26.61,25.62,26.02,32.79,27.42,25.41,28.13,25.41,26.02,26.45,
after-iter:25.62,27.42,4.96,3.2,1.67,6.67,12.7,3.25,1.67,2.4,4.1,1.61,2.4,2.5,9.76,3.2,1.65,
before-iter:4,15.45,3.2,1.61,2.46,2.44,2.44,2.42,9.02,3.31,5.65,4.07,1.61,3.28,0,3.28,3.17,
iter=90: 1.65,22.95,26.4,26.89,24.39,29.27,27.05,26.19,26.45,50.4,50,32.48,27.64,28.1,29.03,26.5,27.42,25.21,25.41,28.91,25,
after-iter:26.98,18.03,1.61,2.46,1.65,1.67,3.94,9.6,1.65,12.4,7.32,5.69,5.74,0.84,3.31,2.42,1.64,
before-iter:3.28,16.67,1.64,3.31,1.61,6.45,3.23,3.28,0.83,2.4,6.61,2.38,1.68,9.02,7.44,2.42,
iter=91: 2.5,7.26,28.1,27.42,27.87,27.64,26.23,27.64,26.02,26.61,24.79,26.83,26.61,26.83,25.83,25.41,27.05,30.89,35.25,26.83,26.45,26.61,
after-iter:26.83,20.63,2.42,2.48,11.2,2.44,1.65,4.03,1.63,2.42,1.64,2.44,2.4,2.48,4.92,8.94,6.5,
before-iter:5.83,15.08,2.4,2.48,8.33,6.5,2.42,3.31,3.23,0.81,4.1,2.42,2.46,1.61,1.68,1.61,
iter=92: 3.2,11.2,37.7,30.58,25.62,26.61,26.83,25.62,27.78,25.81,24.79,27.05,26.4,25.41,26.02,26.45,26.02,33.06,25.21,25.81,33.61,
after-iter:26.23,36.07,8,4.88,2.4,2.44,3.28,1.63,1.61,2.48,3.28,2.44,2.48,2.4,3.28,1.64,3.2,
before-iter:1.63,17.07,2.42,3.2,10.48,3.31,8.87,3.25,3.2,2.48,1.61,3.2,3.31,1.6,0.82,2.42,1.64,
iter=93: 4.03,23.33,26.23,27.05,24.79,27.05,30.58,28.8,30.08,25.6,27.27,24.79,25.62,26.61,25.83,31.75,26.83,26.67,26.45,26.98,24.59,
after-iter:26.45,26.83,4,2.4,0,7.44,8.87,3.28,3.23,3.28,4.07,2.44,1.61,4.07,1.63,3.25,0.83,
before-iter:2.44,15.57,2.5,1.64,2.42,2.44,3.97,3.28,8.4,7.2,4.1,24.59,5.65,9.09,2.46,3.25,2.44,
iter=94: 2.46,24.59,26.45,35.25,55.74,42.98,26.61,25.2,27.64,30.65,29.27,30.33,31.97,27.27,27.42,26.4,26.45,25.62,28.23,25.2,27.64,
after-iter:27.87,23.58,1.63,3.25,2.42,1.67,4,4.17,1.6,1.67,8.66,4.88,4.88,7.2,4.13,3.2,0.81,
before-iter:3.2,16.8,1.63,3.25,1.6,1.64,3.25,2.4,0.83,3.97,2.46,1.65,1.61,9.68,5.04,4.03,
iter=95: 4.96,7.26,28.23,26.45,26.02,32.26,27.64,26.23,26.77,25.21,27.05,26.45,26.83,25.6,25.62,26.4,25.21,33.87,28,27.12,26.98,25.21,
after-iter:28.35,18.85,4.03,1.67,3.23,1.61,3.23,2.42,3.28,0.82,3.25,3.17,1.68,2.42,2.44,12.9,8.06,
before-iter:3.31,16,2.4,2.48,0,3.17,4,0.82,3.23,9.09,2.5,1.63,2.48,1.67,5.47,5.93,
iter=96: 6.4,12.5,33.87,27.5,26.61,27.5,26.98,25.62,26.23,26.02,26.23,26.4,25.83,26.89,26.4,26.45,26.45,25.2,26.45,26.61,25,32.81,
after-iter:30,18.7,2.38,2.48,2.4,3.97,0,3.17,3.17,1.64,2.44,0.81,2.46,3.17,1.65,2.48,
before-iter:2.4,9.17,10.57,7.32,6.3,3.28,2.48,2.42,1.63,2.48,1.63,10.4,2.44,4.07,1.65,1.64,3.17,
iter=97: 1.63,16.67,26.23,26.61,26.67,26.02,32.8,27.87,29.27,27.05,26.83,27.05,26.45,25.41,27.2,26.02,26.61,25.2,25.83,27.05,27.05,
after-iter:24.79,28.23,2.46,2.42,1.64,8.73,6.45,4.17,1.61,2.44,0.83,4.72,0.84,2.46,2.48,6.45,2.44,
before-iter:3.94,16.13,1.67,2.38,3.33,2.38,11.38,0.82,17.32,5.83,7.2,4.88,3.28,4.03,2.44,3.23,1.64,
iter=98: 4.8,28.69,25.41,26.02,27.05,25,26.19,32.23,50.41,47.58,30.58,30.08,28.93,30.08,31.45,26.83,27.64,25.62,26.02,26.61,24.79,
after-iter:27.2,15.7,2.42,3.28,0.83,5.56,1.63,1.63,2.44,6.67,8,2.5,4.07,2.5,3.23,6.5,
before-iter:3.28,13.82,13.01,1.64,2.44,1.65,3.97,1.68,3.17,1.64,3.23,0.81,3.28,5.74,6.61,2.42,4.84,
iter=99: 3.23,9.76,28.1,26.23,25.6,25.83,28,24.79,27.05,26.02,26.4,26.05,26.02,25.62,25.62,27.2,31.97,27.64,29.27,25,28.23,
after-iter:27.64,26.23,11.2,2.48,6.4,2.44,4,2.44,0,2.42,4.07,0.81,1.63,11.76,2.38,7.26,7.32,
before-iter:93.44,21.6,11.57,13.82,16.53,20.49,5.74,5.69,20,32.79,19.67,7.26,5.65,3.36,6.5,
iter=0: 8.94,12.1,29.51,27.87,25.41,28,27.64,27.42,27.05,32.23,28.1,27.64,26.23,26.67,26.23,28.23,24.79,26.45,27.05,28.46,31.97,27.5,
after-iter:29.13,22.69,3.23,3.31,3.17,4.8,5.88,7.2,3.31,4.88,2.48,2.44,1.65,4.03,0.81,3.28,4.13,
before-iter:4.07,22.31,9.76,4.13,2.48,3.17,3.31,4.1,3.25,4.88,1.64,3.28,6.35,1.65,13.39,3.31,
iter=1: 3.97,4.1,29.37,26.67,26.61,31.71,30.33,25.64,26.98,26.45,25,26.4,29.75,28.23,25.41,26.23,27.42,25.62,26.02,26.23,25.62,
after-iter:26.45,28.69,13.93,1.65,10.66,4.88,6.4,1.67,4.07,0.83,3.25,3.25,0.81,1.65,4.03,4.17,2.4,
before-iter:2.4,16,1.67,2.42,3.25,0.81,2.44,13.82,12.9,3.17,4.13,3.23,1.61,2.5,3.23,1.67,2.44,
iter=2: 2.44,24.39,26.83,26.05,25,27.05,26.61,25.41,27.78,31.2,29.75,27.64,27.05,26.61,25.6,26.45,26.05,26.02,32.54,25.2,26.61,
after-iter:27.05,23.2,0.82,3.25,2.44,2.44,1.64,3.23,7.5,7.56,3.94,2.44,1.65,1.65,2.44,4.1,2.44,
before-iter:1.63,19.01,3.2,2.44,1.63,1.61,1.67,2.46,4.1,1.65,1.63,7.38,8.26,3.28,2.42,2.52,3.94,
iter=3: 8.26,28.23,26.02,24.79,27.42,25.41,26.83,25.41,26.23,25.2,26.67,26.23,30.4,27.73,31.97,29.84,26.05,28.46,26.4,26.23,26.89,
after-iter:26.23,19.35,1.65,4.1,2.44,1.65,1.6,3.25,1.65,3.28,3.17,1.67,2.48,8.13,11.48,2.42,2.5,
before-iter:2.42,17.6,1.64,1.65,1.6,2.48,2.42,1.65,3.2,1.63,1.65,3.25,0.84,2.4,3.28,2.46,7.56,
iter=4: 22.76,29.17,26.98,30.58,26.02,26.23,27.2,31.4,26.23,26.61,27.42,27.05,25.42,26.02,25.21,27.27,26.02,26.02,26.83,32.8,27.5,
after-iter:29.13,16.1,3.17,4.92,2.4,1.65,15.32,2.48,13.82,7.2,1.63,2.48,0.81,2.44,3.2,2.46,
before-iter:2.52,7.32,16.94,7.14,3.28,0.81,7.94,1.65,4.8,1.64,2.42,1.63,0.83,2.44,1.64,3.28,2.4,
iter=5: 2.48,11.57,29.27,31.71,28.23,31.45,30.65,25.81,25.62,27.64,26.61,25.83,25.62,26.02,26.67,25.62,30.08,26.19,25.83,26.83,25.41,26.61,
after-iter:26.89,14.4,2.46,8.2,6.45,1.68,4.03,0.83,2.46,0.82,2.4,2.4,1.64,3.2,1.65,1.67,
before-iter:2.42,9.6,10.57,2.4,0.84,3.17,2.48,8.8,6.5,4.07,1.64,2.44,3.2,2.48,11.48,2.4,1.67,
iter=6: 3.23,15.2,25.83,26.4,25,27.27,36.36,31.45,30.95,26.02,34.15,27.73,26.83,27.2,26.05,26.4,27.42,26.83,27.2,25,26.23,
after-iter:26.83,25.81,10.66,3.17,2.48,2.44,2.44,0.83,2.48,11.38,4.03,9.84,4.03,0.82,2.48,4,1.63,
before-iter:2.46,9.17,8.73,0.82,4,0.81,2.42,2.5,3.28,11.29,0.81,3.23,9.52,8.2,2.42,2.5,3.17,
iter=7: 1.65,18.18,25.83,26.98,26.23,26.45,26.4,26.45,26.4,26.19,27.05,25.21,26.61,26.02,27.27,28.57,25.41,31.67,26.4,27.2,25,
after-iter:26.61,26.45,8.87,4,2.44,0.82,3.25,0.82,3.28,1.63,4,0.81,1.67,5.83,8.26,3.2,4.13,
before-iter:2.4,13.93,5.79,0.82,12.2,0.82,6.45,1.61,3.25,0.81,2.44,0.83,3.25,3.23,0.82,3.94,0,
iter=8: 15.32,23.33,28.69,27.42,27.42,25,29.84,26.61,26.98,25.62,25.81,26.02,26.02,28,25.41,26.02,26.23,26.83,34.96,60.98,49.19,
after-iter:29.03,26.61,0.84,6.25,2.46,1.61,3.25,0,3.31,2.42,1.65,4,4.96,2.44,2.5,12.2,2.46,
before-iter:3.2,27.56,2.54,4,0.83,7.03,1.65,1.61,1.61,2.46,0.83,3.2,4.84,1.65,2.42,1.61,4.1,
iter=9: 2.48,25.62,27.2,31.75,26.67,30.58,29.37,26.02,27.05,24.17,28.1,26.02,25.62,26.4,29.03,26.23,26.23,26.02,25.41,26.23,28.23,
after-iter:25.81,20.97,7.32,5.69,4.96,1.64,5.6,3.25,1.63,2.42,12.5,1.63,3.28,2.38,2.44,2.46,2.48,
before-iter:2.4,16.53,3.17,0.84,0.82,10.48,4.2,5.65,2.42,4,1.61,1.68,3.17,2.54,3.94,3.2,
iter=10: 3.28,4.13,28.57,38.02,26.19,27.5,25.2,28,28.21,33.61,29.51,25.42,26.23,27.05,25.81,26.98,27.05,24.39,27.42,25.62,26.45,25.6,
after-iter:27.42,20.33,0.81,2.5,12,2.46,5,6.56,10.48,1.64,4.84,1.64,2.44,3.2,0.81,2.46,2.4,
before-iter:4.07,16.39,3.28,1.61,3.23,2.44,1.61,2.44,2.48,6.56,13.01,4.88,2.44,2.44,1.65,2.42,
iter=11: 1.63,8.87,27.05,27.2,25.83,26.4,26.83,25.6,25.41,26.67,26.02,25,27.56,30.58,30.33,27.64,27.2,26.23,25,26.23,27.2,31.97,
after-iter:26.61,17.46,2.48,1.63,4.07,2.48,1.63,3.23,1.67,1.65,2.44,8.06,5.74,3.25,4.1,1.65,3.28,
before-iter:7.32,13.22,1.64,2.42,1.61,3.25,2.44,2.44,1.64,3.23,1.63,3.23,5.79,3.25,8.94,6.5,
iter=12: 1.63,11.2,27.73,26.83,26.02,24.79,26.45,25.81,26.83,27.2,27.05,27.87,25.41,55.65,46.28,26.98,31.97,26.61,36.89,30.65,29.84,26.23,
after-iter:26.02,19.35,0.83,2.42,32.26,10.66,40.32,51.24,21.6,1.63,3.25,2.46,4.1,0.84,3.28,0.81,
before-iter:16.54,6.61,18.7,1.67,3.28,2.46,4.1,0.83,4.07,4,2.48,3.97,1.64,2.48,7.32,1.65,1.63,
iter=13: 2.46,4.24,30.4,31.97,31.15,26.02,29.27,33.33,27.42,26.27,36.29,26.02,25.83,26.61,26.67,25.62,25.41,28.13,25,26.23,26.61,26.4,
after-iter:30.25,34.43,3.23,2.48,4,1.63,4,1.63,3.28,47.54,32.26,29.51,15.32,3.33,0.82,52.46,35.48,
before-iter:36.13,47.54,21.49,9.76,4.84,4,3.25,1.63,3.28,0.81,2.44,4.76,1.67,2.38,1.64,1.64,3.17,
iter=14: 1.67,30.89,24.59,26.98,33.88,25,31.4,32,26.67,27.64,26.02,26.23,25.83,27.2,25.62,29.03,25.2,27.05,25.62,26.67,27.2,
after-iter:25,29.27,0.83,3.25,3.97,7.44,11.48,0.82,3.28,2.4,1.65,2.4,2.46,2.48,1.63,1.64,3.17,
before-iter:1.64,15.45,4,0,4.72,1.64,1.63,4.1,4.07,0.82,7.32,3.23,2.48,1.63,2.42,7.44,7.32,
iter=15: 1.63,27.64,26.02,34.43,27.42,25.62,27.05,25.81,27.42,26.4,30,31.71,27.87,27.78,26.23,26.23,27.87,26.83,24.79,25.81,25.81,
after-iter:26.45,28.46,4.03,1.68,4.96,8.87,1.63,2.42,1.61,11.29,3.28,4.13,1.63,4.76,3.23,1.67,2.46,
before-iter:1.63,17.6,2.5,3.25,3.2,4.03,2.42,0,2.42,3.33,12.1,4,6.72,4.88,5.6,2.46,2.42,
iter=16: 2.38,25.62,25.83,27.87,26.23,28.23,26.4,26.02,25.21,26.77,27.05,25,27.42,26.02,24.79,37.6,31.09,27.56,27.27,25.83,26.45,
after-iter:27.05,22.31,3.94,3.97,0.84,3.17,1.67,2.46,4.1,3.17,3.28,0.81,3.31,3.33,9.68,2.42,3.23,
before-iter:4.07,16.13,0.83,2.42,2.4,13.01,2.4,2.42,1.61,1.63,1.65,1.64,2.42,4,0.82,3.17,5.08,
iter=17: 9.52,29.51,25.21,26.83,26.4,26.83,27.05,26.02,25.62,26.61,26.67,27.42,25.2,28.8,30.08,25.81,27.2,25,27.42,32,27.05,
after-iter:28.8,20,3.17,0.81,1.67,2.4,3.25,3.23,1.67,2.4,2.4,1.65,1.61,1.63,3.25,2.42,10.83,
before-iter:5.69,18.4,4.88,3.28,2.42,2.44,2.44,4.88,1.65,0.82,4.84,2.44,2.42,1.63,2.46,3.25,
iter=18: 0.82,9.09,29.37,25.2,30,32.26,25.83,26.83,25.81,26.23,26.45,26.02,26.02,26.83,25.62,26.45,25.83,27.05,25.2,26.05,26.4,
after-iter:25.62,27.87,12,10,8.2,4.1,3.28,3.17,1.61,2.5,0.82,2.42,11.38,3.23,3.28,3.2,1.63,
before-iter:3.25,9.92,8.06,2.46,2.48,3.2,10.66,7.32,3.33,1.63,3.25,3.28,3.28,2.4,0.83,2.4,2.48,
iter=19: 1.61,16.39,34.13,28.46,24.79,27.2,25.6,25.83,26.61,31.2,30.08,27.27,26.45,26.45,27.64,27.2,26.4,28.46,25,27.05,26.61,
after-iter:24.79,28.69,7.32,0.81,2.48,3.2,3.28,11.2,12.1,11.97,7.14,2.48,2.46,6.5,3.97,1.65,2.48,
before-iter:1.63,17.07,3.2,0.82,2.42,2.46,0.83,3.17,3.33,2.42,3.25,12,5,4.92,1.61,4.07,2.4,
iter=20: 2.46,21.14,26.83,26.02,27.05,25.2,26.23,26.45,26.02,26.23,27.05,27.05,28.1,26.02,35.77,34.15,25.42,28.1,26.23,25.81,26.23,
after-iter:25.83,34.43,8.2,1.6,0.84,2.44,3.2,1.61,2.48,0.82,2.4,2.44,8.8,5.69,2.54,4.69,3.28,
before-iter:3.28,15.7,4,1.65,2.42,1.63,6.5,5.65,3.28,3.31,0.83,3.97,1.61,0.83,3.97,9.76,5.65,
iter=21: 3.28,22.13,26.61,25.83,26.4,26.02,25.41,28.57,25.62,25.41,26.83,25,26.45,26.45,26.02,26.67,25.2,32.8,32.8,33.06,28.1,
after-iter:26.4,29.51,7.44,3.23,1.67,3.94,0.81,2.52,1.63,4.88,1.64,4.03,0.83,3.97,2.46,1.65,3.28,
before-iter:7.32,19.83,7.32,2.5,3.17,3.97,0.82,2.44,3.28,0.83,1.61,2.5,2.4,2.46,3.17,3.25,0.81,
iter=22: 4.1,22.13,26.02,32.79,30,26.83,26.05,26.61,25.83,26.67,26.61,25.2,32.79,26.61,26.23,26.23,25.62,26.83,27.64,26.02,30.08,
after-iter:25,27.05,21.77,9.02,3.2,3.23,2.48,4.72,0.84,1.6,3.28,4.88,7.26,3.28,2.44,0.82,4,
before-iter:1.67,12.1,5.79,1.63,4.96,2.46,3.94,4.07,4.84,1.67,2.42,2.46,2.44,3.23,1.63,2.46,2.46,
iter=23: 1.6,17.36,26.83,26.4,25.81,25.62,33.33,31.93,29.27,31.15,28.93,28.1,25.62,27.05,25.81,26.05,26.02,26.83,26.4,26.05,26.61,
after-iter:25.62,27.42,7.38,4.03,0.83,4,6.61,8.2,1.67,3.25,3.31,3.17,2.42,2.4,1.68,0.83,2.4,
before-iter:3.23,13.33,4.92,3.28,1.6,6.56,0.81,3.2,3.31,7.38,7.2,3.25,14.63,11.57,5.6,2.44,3.25,
iter=24: 1.65,26.61,26.83,26.02,26.45,25,28.23,25.4,25.41,26.61,25.62,26.23,31.97,29.6,25.83,27.5,25.81,27.64,27.2,26.02,27.64,
after-iter:33.6,26.83,5.74,4.69,2.44,2.48,0.82,1.65,3.28,0,4.03,9.76,4.92,3.28,3.25,2.46,1.63,
before-iter:2.4,17.21,1.69,0.81,4.03,1.64,3.31,0.81,4.1,1.6,1.64,11.29,8.06,7.26,5.83,13.49,3.28,
iter=25: 3.31,21.6,25.41,27.2,25.21,25.62,26.61,27.87,24.79,26.23,26.61,26.61,25.41,26.45,26.23,26.02,26.77,34.71,28.8,28.1,25,
after-iter:27.64,27.27,1.68,2.42,4,1.67,2.48,1.67,2.4,6.61,1.61,1.67,3.17,1.67,2.48,3.25,4.92,
before-iter:2.44,17.74,1.63,2.4,1.64,1.64,3.23,9.92,3.23,1.63,4.03,1.63,6.45,0,4.03,0.81,1.63,
iter=26: 3.23,30.89,27.5,27.64,26.02,26.67,26.83,25.6,29.27,30.71,26.27,25.21,28,25,26.83,25.81,26.45,25.81,26.83,25.62,25.2,
after-iter:30.83,30.33,8.13,7.2,1.67,1.61,4,0.83,1.67,2.44,3.97,2.44,0.83,3.17,0.81,1.67,16.39,
before-iter:31.67,23.77,13.71,11.67,7.2,9.92,3.28,4.07,3.15,1.67,3.2,0.83,2.46,3.25,0.82,4.72,0.83,
iter=27: 3.25,19.83,25.62,26.23,26.02,26.61,32.26,29.17,26.23,28,27.05,25.62,25,26.67,27.2,25.83,27.05,25.41,28.69,25.41,26.19,
after-iter:26.45,27.2,4.07,1.65,2.4,9.02,8.33,4.1,2.44,3.23,1.64,2.4,0.84,11.2,3.23,1.64,3.2,
before-iter:2.44,16.39,2.4,1.67,2.4,1.67,3.2,0.81,11.2,9.02,6.3,0.83,2.4,8,7.26,1.64,2.48,
iter=28: 3.23,26.23,27.05,27.42,25.41,26.23,26.61,26.4,25.62,26.61,26.89,34.68,33.6,26.05,26.61,26.67,26.19,27.05,26.83,26.23,25.81,
after-iter:25.83,16.94,1.65,1.65,2.46,4.1,3.23,4.84,10.66,3.94,13.93,14.29,1.68,3.25,4,0.85,
before-iter:3.94,4.92,12.8,3.28,0.81,3.17,2.48,1.63,3.2,0.81,3.28,2.44,4.03,1.63,11.67,4.07,5.65,
iter=29: 1.65,9.92,28.23,25.2,26.23,26.98,26.02,28,26.67,25.2,28.46,24.79,26.77,26.23,25.81,25.81,31.4,29.51,27.42,27.05,25.41,
after-iter:26.45,28.13,10.48,10.66,1.63,4.1,5.74,2.46,6.61,4.03,16.8,1.63,3.28,1.61,2.44,8.87,5.04,
before-iter:4.84,14.63,14.88,2.48,3.23,3.23,1.61,1.68,2.46,0.83,5.38,0.83,1.61,2.48,13.6,3.28,2.48,
iter=30: 3.23,24.19,29.27,27.05,27.87,26.02,25.42,26.4,27.42,26.83,26.45,26.02,26.61,25,25.83,27.78,25.6,29.27,26.02,32.79,26.02,
after-iter:37.9,60.66,28.23,6.2,0.82,1.65,2.46,2.46,1.61,4.1,1.61,4.07,1.67,0.81,3.31,2.46,4.07,
before-iter:2.4,14.17,5.6,8.8,4.1,5.69,2.42,1.65,1.63,2.42,2.42,2.44,4.8,4,1.63,3.31,2.42,
iter=31: 1.63,19.51,30.08,25.62,27.78,25.41,36.36,31.45,26.02,28.46,24.79,26.4,27.42,30.58,28.23,26.23,26.23,26.4,26.61,26.23,26.61,
after-iter:28.46,27.27,4.13,2.48,4.03,9.76,12.9,9.92,4.1,10.74,8.94,2.5,2.38,1.67,3.97,4,0.82,
before-iter:2.4,16.26,2.46,2.4,2.48,0.82,2.42,4.1,8.26,1.61,1.63,2.42,1.64,0.82,4,2.48,1.61,
iter=32: 2.4,23.14,27.42,27.64,24.79,29.6,25.2,28.1,33.33,26.45,30.83,32.52,28.69,26.02,27.5,26.02,26.45,27.42,25,27.05,26.61,
after-iter:26.61,27.87,3.23,2.46,2.44,3.23,3.17,0.83,4,5.69,8.06,0.82,3.28,1.61,4,1.64,4.88,
before-iter:1.63,18.7,0.84,4.03,1.61,4.1,2.5,4.84,1.67,0.81,4.07,0.81,10.48,4.88,5.6,1.63,2.46,
iter=33: 1.68,23.97,30.4,31.4,25.62,26.4,26.05,27.2,25.81,26.45,25.81,26.83,26.02,26.02,25.81,37.19,36.29,26.45,27.42,27.64,26.83,
after-iter:25,23.2,4.03,1.61,3.28,2.48,1.61,1.65,4.84,0.81,4.07,6.4,0.83,8.94,5.74,4.03,1.65,
before-iter:2.4,16.13,1.64,1.67,2.4,0.83,2.44,3.2,2.44,5.83,1.61,1.63,1.63,5.65,11.29,2.44,5.04,
iter=34: 12.9,29.75,27.05,26.23,25.81,26.23,25.62,26.83,25,26.98,26.4,26.45,26.83,27.64,25.2,26.23,25.41,26.83,26.4,32.5,28.23,
after-iter:30.83,20.63,1.67,3.28,5,1.63,3.97,1.67,3.2,1.61,4,2.46,1.64,3.17,1.63,3.25,
before-iter:0.81,4.92,19.84,6.5,1.63,3.28,2.48,2.46,1.63,2.48,10.48,1.6,4.1,2.42,1.63,1.65,3.28,
iter=35: 2.4,10,28.8,25.41,34.13,35.25,29.75,29.37,27.5,26.02,26.02,25.62,25.81,27.56,25.21,26.61,26.45,25,26.45,26.4,26.67,
after-iter:25.41,26.45,9.76,9.84,1.65,7.2,1.65,3.23,2.44,1.65,3.25,2.4,1.64,2.42,1.61,4.96,1.61,
before-iter:4.07,13.93,5,2.4,8.2,4.88,8.8,5.65,8.13,2.44,2.38,1.63,4.76,0.83,1.63,2.42,2.44,
iter=36: 0.83,23.02,26.61,26.05,25.81,27.27,25.41,26.83,26.61,30.89,31.09,27.42,26.83,26.05,29.03,25.62,27.42,26.23,26.61,25.83,25.41,
after-iter:26.83,27.27,8.06,1.64,1.67,10.66,3.97,2.44,11.48,9.02,3.25,3.2,4.1,4.1,3.28,1.61,11.57,
before-iter:3.25,16.39,3.28,2.5,1.61,2.46,3.2,0.83,5,6.45,3.97,11.48,4.92,8.06,3.2,3.23,4.1,
iter=37: 0,20.97,26.23,25.81,26.83,27.64,26.45,28,26.23,26.02,25.41,26.02,27.64,30.65,30.65,27.05,26.45,28.69,26.4,25.83,26.23,
after-iter:27.05,16.13,0.82,4.84,2.4,2.44,2.44,2.44,1.64,4.03,1.65,11.57,8.94,9.84,5,2.46,
before-iter:3.23,8.13,12,2.44,1.61,3.23,2.48,1.64,3.25,1.61,2.44,1.64,1.64,3.25,3.28,0.81,8.33,
iter=38: 8.59,11.57,28.33,27.87,27.05,25.41,26.05,26.98,24.79,27.05,26.83,26.23,26.02,27.2,24.59,27.56,24.59,26.45,26.45,33.07,29.27,
after-iter:25.62,29.6,9.68,0.81,1.63,3.15,11.38,2.42,3.28,0.82,2.44,1.64,3.25,2.4,4.84,6.61,4.69,
before-iter:0.81,22.95,6.5,1.67,3.28,1.64,2.42,3.25,3.2,0.83,1.61,3.31,3.2,2.46,2.4,0.84,2.38,
iter=39: 1.67,20.66,26.23,29.75,30.33,27.42,26.45,26.61,24.79,27.64,25.41,25.62,26.23,29.03,26.61,26.02,25.62,27.27,26.02,25.62,26.23,
after-iter:26.23,32.5,7.26,14.05,8.26,3.25,3.28,2.44,1.64,3.23,2.42,1.65,2.44,1.61,3.23,1.65,3.23,
before-iter:2.4,15.45,4.07,2.38,1.67,3.36,4.84,5.6,4.84,1.61,2.44,3.28,3.23,0.81,3.28,0,3.2,
iter=40: 3.2,21.49,26.45,26.98,27.2,25.83,26.23,25.2,29.03,31.15,31.97,26.23,27.05,26.83,26.61,26.02,31.71,25.21,27.05,26.61,25.41,
after-iter:27.05,27.64,7.26,8.06,1.65,1.63,4.88,7.5,6.5,1.67,3.28,3.17,2.5,1.67,5.56,2.48,3.25,
before-iter:4.07,18.49,1.63,2.48,3.17,1.67,2.4,1.63,1.64,3.2,6.72,4.88,8.13,3.2,2.48,0,3.17,
iter=41: 1.67,23.39,27.78,25.64,26.23,27.2,26.02,26.61,25.41,26.83,24.59,32.52,26.83,31.97,28.1,29.03,25.83,25.83,25.81,27.05,26.23,
after-iter:26.61,24.79,2.4,3.17,2.48,2.4,1.65,1.64,3.2,2.48,1.65,1.63,13.82,5.74,3.97,0.84,4.13,
before-iter:2.42,15.32,8,11.48,8.2,9.68,2.44,3.97,1.65,3.97,1.61,1.64,2.42,1.63,3.28,9.76,6.61,
iter=42: 2.46,28.93,26.02,26.4,26.45,26.4,33.33,24.59,26.83,26.83,26.4,28.93,28.46,28.13,25.21,26.67,26.02,25.83,31.4,30.65,26.45,
after-iter:27.2,20.16,2.4,1.65,4,0.81,2.48,2.48,1.65,2.4,2.5,3.2,1.63,1.65,4,1.65,2.38,
before-iter:9.02,23.39,3.28,4.76,1.63,4.07,3.25,1.64,4,0.82,4.03,2.46,0.82,2.46,1.63,2.46,
iter=43: 3.2,14.29,28.8,26.61,32.5,34.15,26.02,27.27,26.23,26.45,27.27,26.23,25,26.4,27.05,26.61,25.42,27.05,26.02,26.83,27.64,25.62,
after-iter:28.69,23.39,13.22,8.2,6.5,1.68,3.2,2.46,3.23,3.25,2.48,2.38,2.44,1.65,3.23,1.65,1.64,
before-iter:2.4,18.03,1.67,4.92,3.23,11.57,7.32,2.44,1.64,6.35,0.83,12.2,0.83,1.63,4.03,0.82,9.68,
iter=44: 2.48,29.51,25.6,26.83,26.23,26.02,25.41,32,29.84,27.73,26.4,25.62,28.46,26.61,27.5,26.02,25.81,27.5,27.42,27.05,25.81,
after-iter:25.62,25.62,4.03,2.44,1.61,2.46,8.13,9.92,4.84,3.97,4.07,3.25,0.81,2.48,1.63,3.23,4.1,
before-iter:1.61,17.32,0,2.48,2.38,3.31,10.48,2.44,13.22,8.8,5.88,32.23,21.14,4.88,3.25,1.67,4.07,
iter=45: 4.92,26.67,26.4,25.83,26.23,26.61,25.6,27.64,25.81,29.17,25.62,26.02,33.33,26.83,30.65,25.41,27.42,26.45,26.61,26.4,25.62,
after-iter:25.62,28.8,1.65,3.25,1.63,1.69,1.61,3.94,0.83,4.76,1.65,8.8,8.26,1.61,4.07,0.83,4,
before-iter:3.23,26.45,2.4,5.74,9.76,4.07,0.85,3.2,1.63,2.42,3.2,1.61,3.17,8.2,3.25,8.06,1.65,
iter=46: 3.28,28.23,26.02,26.02,25.81,25.41,28.1,27.64,25.62,26.05,26.19,25.83,26.83,24.79,28.8,25.2,29.03,26.83,25.83,34.43,26.4,
after-iter:26.61,25.62,1.63,1.65,3.2,2.48,3.2,1.67,1.65,1.61,2.42,4.1,13.6,0.81,2.46,3.36,10.48,
before-iter:0,19.35,2.4,2.42,1.61,2.5,0.82,1.63,2.4,3.31,2.44,2.42,1.63,4.8,4.13,1.61,2.44,
iter=47: 2.42,35.25,28.23,28.69,26.23,26.23,26.45,26.23,26.02,26.02,26.61,26.02,25.83,26.4,26.4,26.45,28.8,25.83,26.83,25.62,26.61,
after-iter:30.51,31.2,2.42,3.23,1.6,3.25,1.65,11.38,7.87,5.79,1.65,3.2,0.85,3.17,1.61,0.84,4.8,
before-iter:0.81,16.26,2.46,9.92,5.74,3.33,6.5,3.97,1.65,2.48,1.63,2.44,1.61,1.65,3.94,2.42,2.46,
iter=48: 1.67,28.23,26.23,26.02,25.81,27.87,35.48,37.7,28.69,27.27,26.4,27.05,25,26.61,26.23,25.2,26.45,26.61,25.2,27.64,25.81,
after-iter:25.62,30.16,4.92,1.65,8.06,6.56,4.88,3.97,1.65,2.4,2.5,2.42,0.83,3.2,3.97,0.83,12.3,
before-iter:31.45,32.79,2.44,4.96,3.17,4.84,2.46,8.8,5.79,4.13,2.46,1.61,3.17,1.61,3.28,1.61,3.25,
iter=49: 1.63,28.46,26.67,26.61,26.45,26.61,25.62,26.61,26.45,25.41,33.87,28.1,27.64,26.23,25,27.42,25.81,34.96,29.84,27.42,25.81,
after-iter:26.61,21.14,3.2,0.84,4.03,1.63,2.46,3.17,0.83,11.2,11.57,3.23,4.03,3.28,1.61,1.67,4.03,
before-iter:4.1,13.71,2.46,2.44,1.63,3.28,1.6,2.5,2.42,2.5,3.97,6.5,7.5,4.03,10.4,3.25,
iter=50: 3.23,7.5,28.23,26.02,25.83,26.83,26.61,25.83,26.83,25.2,26.45,27.05,26.02,32.52,25.6,26.23,35.25,32,26.23,26.83,27.2,
after-iter:26.61,26.61,12.2,0,3.17,3.31,2.44,4.92,1.63,3.28,2.4,5.56,2.5,4.84,5.79,8.13,1.64,
before-iter:5.65,9.17,8.8,1.61,2.48,2.46,1.61,3.28,1.61,3.2,6.61,2.42,1.64,1.63,3.25,3.25,2.48,
iter=51: 5.74,21.14,28.69,26.05,27.42,25.83,33.33,34.68,25.62,25.83,27.27,26.4,26.02,25.41,27.2,25.41,26.23,26.83,26.45,28,32.23,33.61,
after-iter:27.05,13.33,5.69,2.44,1.67,4.03,0.83,3.28,1.63,4.07,1.61,2.48,2.42,3.2,1.65,3.17,
before-iter:5.79,7.44,17.74,7.38,6.61,3.31,2.48,1.61,3.97,0.83,3.17,0.81,1.65,2.48,2.4,3.25,0.83,
iter=52: 2.42,12.1,32.79,27.05,27.27,30.65,29.51,27.05,27.87,26.02,25.81,26.02,26.02,25.81,26.61,27.87,30.58,25.2,26.45,26.98,27.05,
after-iter:26.02,28.23,12.5,2.4,9.84,5,4.13,2.46,3.15,1.67,0.81,4.07,1.63,1.65,1.61,2.48,4.1,
before-iter:0.82,10.57,8.94,1.63,2.4,1.61,3.28,7.38,8,3.25,4.96,7.32,1.65,8.8,4.88,3.23,3.2,
iter=53: 1.61,17.07,25.83,26.61,25.83,25,26.61,26.61,25.41,27.87,34.43,35.77,31.67,26.98,27.64,25.62,26.4,26.02,26.83,25,26.61,
after-iter:27.64,26.05,10.32,3.31,0.81,4.88,3.28,2.42,3.28,11.02,13.01,7.32,1.67,2.48,1.61,3.25,3.17,
before-iter:1.61,12.2,5.65,2.52,1.6,2.46,2.4,4,10.74,2.46,1.65,11.2,4.07,4.03,3.23,2.46,0.81,
iter=54: 1.61,19.35,27.42,25.62,31.15,25.2,40.16,49.18,36.51,41.13,35.25,40.5,41.67,40.5,40,35.83,41.8,40.5,35,41.46,40.65,
after-iter:39.32,37.6,17.65,18.85,13.33,17.36,7.5,16.39,10.83,16.53,15.57,15.25,17.21,18.33,17.36,20.97,24.59,
before-iter:16.39,17.89,23.97,25.62,16.39,16.26,14.75,17.36,15.7,16.39,15.13,16.13,17.07,19.17,26.83,29.51,26.23,
iter=55: 54.62,58.06,64.46,61.48,61.98,60,57.98,61.16,53.97,60.33,52.5,56.1,54.03,52.89,58.2,50.79,52.5,50,52,57.02,68.33,68.6,61.48,
after-iter:61.98,52.03,43.09,36.59,43.8,28.23,39.67,29.51,31.97,27.05,26.77,25.62,26.4,32.5,26.23,30.33,47.15,
before-iter:31.15,48.74,28.46,30.71,24.37,27.78,25.41,28.93,34.15,34.43,35.48,26.05,15.08,1.67,3.28,2.46,1.63,
iter=56: 4.1,28.69,33.33,28.57,26.89,26.61,26.02,26.83,26.23,25.83,26.02,26.45,25.83,27.42,26.23,26.23,26.02,25.81,25,26.45,
after-iter:26.02,25.62,18.75,14.17,21.14,1.61,8.8,2.48,2.42,10.83,1.61,2.48,0.82,1.63,3.97,2.48,1.63,
before-iter:3.23,12.5,4.88,1.63,3.2,7.5,6.61,4.03,4.13,1.63,4.07,1.64,0.83,3.2,1.65,4,0.81,
iter=57: 3.23,20.33,25.81,26.61,25.62,27.34,26.02,25.83,35.48,30.58,34.43,26.83,27.87,24.59,26.83,25.81,26.02,28.23,26.02,24.59,26.83,
after-iter:25.83,27.87,7.26,11.29,1.67,2.4,2.46,11.67,8.87,1.64,3.2,3.25,2.48,4.88,1.61,2.46,2.46,
before-iter:2.42,17.46,0.85,3.17,4.07,2.4,1.67,2.4,1.63,7.26,7.44,2.44,3.23,3.97,2.48,2.4,4.2,
iter=58: 3.23,22.58,27.27,26.61,25,25.81,26.83,26.02,25.62,26.02,26.67,28.69,34.96,30.65,28.23,27.64,25.41,26.83,27.05,31.4,27.42,
after-iter:25.2,23.33,3.23,1.6,4.1,2.42,3.23,3.97,1.61,0.83,2.44,6.61,6.56,6.45,4.1,2.5,1.6,
before-iter:2.48,19.2,1.63,2.48,2.46,4.03,4,1.67,3.2,0,3.25,3.2,2.42,1.64,5.83,11.11,3.25,
iter=59: 4.88,28.69,25.2,27.42,26.23,25.2,25.2,27.78,25.41,25.62,27.78,25.41,26.61,32.79,26.98,25.2,25.83,32.52,28.8,26.45,
after-iter:26.02,26.23,15.08,1.65,1.63,2.48,3.2,3.36,2.46,15.32,8.8,8.13,1.64,2.42,2.4,4.92,1.61,
before-iter:7.38,16,18.03,4.8,0,4.03,2.46,0.81,2.44,3.17,2.48,1.65,1.65,2.42,2.42,1.65,3.23,
iter=60: 3.28,24,25.81,34.43,32.26,27.27,26.83,24.58,28.57,31.2,26.45,25.81,26.83,25.81,27.87,25.2,24.79,27.87,24.79,27.42,25.81,
after-iter:26.02,27.87,15.57,8.87,6.45,1.65,3.94,0.84,9.68,2.48,2.4,3.25,4.17,1.64,2.42,1.61,3.28,
before-iter:3.94,15.38,2.42,4.03,2.52,8.94,4.03,3.23,2.4,1.63,2.4,1.61,2.4,2.44,2.42,2.48,2.44,
iter=61: 1.63,25.4,26.45,32,27.27,25.41,26.4,30.33,31.15,26.23,29.37,25.62,25.81,26.23,27.2,26.02,26.23,27.42,26.4,25.21,25.62,
after-iter:26.4,21.6,2.46,2.44,0.81,3.2,8.13,6.56,1.61,5.6,4.03,2.42,0.83,1.68,4.72,0.82,4.88,
before-iter:1.61,16.67,2.46,1.65,1.61,9.02,8.06,1.63,2.42,8,7.26,4.88,4.07,1.61,3.28,9.76,
iter=62: 2.46,8.94,29.17,27.05,27.64,26.83,26.23,26.83,24.59,26.02,27.78,25,25.6,32,30.83,27.87,28.69,24.79,27.64,27.64,25.62,29.17,
after-iter:26.02,16.26,3.17,0.83,4,2.44,2.4,1.67,4.03,0.83,4,9.09,8.66,0.85,3.2,2.48,
before-iter:3.2,8.13,11.57,1.65,2.52,1.63,3.23,2.46,2.38,1.65,2.48,11.29,1.65,1.63,4.03,7.32,9.6,
iter=63: 3.23,12.3,26.83,26.23,26.67,28,26.23,26.23,26.61,25.62,26.98,24.79,27.27,39.34,55.93,36,25,26.83,31.15,29.84,29.27,
after-iter:26.19,25.86,12.8,3.23,1.67,0.82,0.82,4.1,2.4,3.28,1.63,10.66,1.63,1.61,2.48,4,1.68,
before-iter:5.65,8.87,11.38,0.84,2.4,10.74,0.82,3.91,1.64,3.28,1.64,2.48,2.46,4.03,4.8,4.07,3.31,
iter=64: 4.03,14.05,29.84,36.59,28.69,33.61,27.27,27.87,28,29.41,27.64,25.81,27.42,25.2,25.21,27.2,26.45,25.41,26.45,26.02,26.83,
after-iter:25.62,31.15,14.75,5.56,0.83,2.42,0.82,16.13,40.83,32.79,36.07,33.61,9.52,0.83,3.17,0.83,4.76,
before-iter:10.66,9.76,8.94,0.81,11.67,5.69,4.8,39.67,7.44,9.02,18.03,40.98,25.41,38.21,15.13,2.4,3.2,
iter=65: 0.81,18.4,26.23,26.45,26.02,25.62,25.62,35.71,27.5,34.13,26.02,40.16,28.8,27.2,25.41,25.81,25.83,28.23,25,30.33,30.89,
after-iter:27.2,26.83,10.17,2.42,3.25,4.92,5.6,0.83,3.33,4,1.63,1.63,13.01,3.17,1.68,1.63,3.23,
before-iter:0,16.13,4.76,0.82,3.23,1.68,3.17,1.65,7.38,10.4,5.69,2.5,4.84,1.67,5.65,2.46,3.23,
iter=66: 1.64,18.55,27.42,25.83,27.2,26.02,25,27.42,27.05,25.62,25.62,31.09,30.16,27.73,26.23,26.61,26.23,25.81,25.2,27.05,27.05,
after-iter:25.41,27.27,5.79,1.64,3.17,1.67,13.6,0,3.23,4.17,7.26,6.4,4.07,1.64,4.03,0.81,4.88,
before-iter:3.23,15.57,0.81,4,1.64,2.44,3.28,2.42,2.46,1.61,1.63,3.28,1.63,6.56,18.7,31.71,14.52,
iter=67: 1.63,22.4,26.89,27.64,26.4,26.02,27.2,32.52,38.21,26.27,25.41,27.05,25.81,27.05,25.42,26.61,31.45,28.46,28.23,25.41,26.05,
after-iter:31.71,17.07,2.4,2.42,1.63,1.64,2.46,0.82,4.03,2.44,2.4,3.28,1.63,2.44,0.84,9.84,
before-iter:5.69,13.93,12.7,5.04,4.07,1.63,2.42,1.63,2.44,2.44,2.42,2.48,0.81,2.48,4.88,2.46,2.4,
iter=68: 3.31,13.22,37.9,31.2,26.67,25.62,26.83,27.87,25.6,26.83,26.02,26.61,27.05,24.79,26.83,25.83,27.05,32.52,28.23,26.61,25.62,
after-iter:26.23,36.07,12.7,5.69,4.1,3.28,2.44,1.63,2.48,1.67,3.25,2.48,1.6,4.1,1.68,3.2,0.83,
before-iter:5.69,11.57,11.38,5.13,6.4,4.1,2.46,3.2,1.65,3.23,0.82,1.61,2.42,5.79,7.32,2.48,1.64,
iter=69: 4.03,13.01,27.42,26.02,25.62,26.05,32.28,28.93,25.62,29.13,27.87,31.15,27.42,26.23,26.83,26.02,24.59,26.61,26.83,27.05,25.2,
after-iter:27.42,26.23,8.33,3.2,1.64,12.9,6.45,4.88,5,2.4,3.28,0.81,4,1.65,1.67,3.97,0,
before-iter:4.03,15,4.8,0.84,3.17,0.82,4.07,1.64,9.09,5.74,2.4,4.13,2.42,2.42,4.07,1.63,0.81,
iter=70: 2.46,19.51,26.4,25.83,28,28.57,34.43,27.64,27.87,26.02,26.45,31.45,30.83,26.02,27.05,25.62,27.64,25.2,25,27.42,25.21,
after-iter:25.21,28.68,7.56,3.36,3.2,0.83,1.64,4.07,2.38,2.5,6.56,8.06,2.48,2.54,4.03,2.46,2.46,
before-iter:2.44,15.32,13.71,1.65,2.46,1.64,3.17,3.28,4.07,1.63,2.44,1.64,2.42,7.5,6.4,3.23,4,
iter=71: 10.92,16.53,26.4,26.23,24.79,26.83,27.2,25.62,26.83,27.2,25.62,25.2,26.61,26.61,25,27.05,34.43,33.87,32.79,26.23,26.83,
after-iter:26.05,28.1,5.69,2.42,1.61,3.23,1.67,2.4,0,3.28,2.4,2.46,3.28,1.61,3.39,7.2,1.67,
before-iter:5.79,16.26,1.67,3.23,1.64,0.81,4.03,0.83,3.23,1.65,2.46,5.74,10.48,2.48,2.42,2.48,1.61,
iter=72: 3.23,30.89,28.1,25.83,26.02,26.23,26.19,26.45,26.4,25.81,26.23,26.4,25.21,27.2,28.1,27.2,26.23,26.02,26.83,25,31.4,
after-iter:29.03,22.13,1.6,4.17,2.4,3.28,4.88,6.45,3.2,1.61,2.44,2.4,3.36,2.42,0.83,3.94,2.46,
before-iter:1.67,17.21,8.2,8,3.28,3.23,11.67,1.61,1.64,4,0.81,2.44,3.28,1.63,1.61,4.8,
iter=73: 0.82,7.94,27.5,27.05,25,31.75,29.75,30.33,36.07,27.5,27.42,28,27.05,26.89,27.27,26.83,28.23,26.23,26.83,28,28.69,26.67,
after-iter:25.81,20.8,1.65,3.25,6.67,7.26,4.92,0,3.25,0.81,3.28,1.63,17.07,37.9,34.75,2.42,6.56,
before-iter:4.92,79.34,36,27.97,30.4,20.66,8.13,15.7,11.29,0.83,37.1,35.54,28.81,30.16,25.2,1.64,2.42,
iter=74: 3.28,20.66,26.61,26.45,26.02,26.02,27.87,25.41,26.02,27.42,31.4,28.1,28,25.83,27.78,27.73,29.75,26.45,25.81,26.23,26.23,
after-iter:27.64,13.82,3.23,0,3.17,1.65,1.61,1.61,2.48,12.1,8.33,7.26,2.42,12.1,13.01,3.28,
before-iter:3.23,8.4,10.4,1.63,0.81,1.64,4.88,0.81,2.42,2.44,5.65,2.44,3.25,4.96,5.83,4.96,3.15,
iter=75: 1.63,14.29,27.78,25,25.21,26.98,26.02,26.61,26.83,26.02,25.41,26.83,24.59,26.83,26.61,33.06,28.69,27.27,25.2,28.23,25.62,
after-iter:25.62,26.61,11.2,1.61,2.48,5.6,4.03,0.81,8.2,7.32,1.64,1.64,3.28,2.4,7.26,4.92,5.65,
before-iter:1.63,15.2,4.03,2.5,0,3.25,0.82,3.25,7.2,2.4,1.68,2.4,4.07,2.44,0.83,2.46,2.44,
iter=76: 9.52,21.49,27.42,27.27,32.79,26.02,25.21,26.4,27.05,25.81,27.64,27.05,25,24.79,27.64,24.39,27.64,27.87,26.83,27.42,32.5,
after-iter:28,24.39,2.46,10.83,4.03,1.63,2.42,3.28,1.67,3.17,1.68,1.61,3.28,2.42,1.65,6.45,3.25,
before-iter:2.44,15.97,8.26,7.38,11.29,3.94,2.56,1.61,2.4,3.97,1.68,0.81,3.2,0.82,3.23,1.65,1.63,
iter=77: 3.23,27.27,26.02,27.05,25.81,30.89,30.4,29.51,25.41,26.45,25.41,27.05,26.83,26.4,28.69,26.89,26.02,26.45,26.61,31.97,25.81,
after-iter:38.4,30.89,5.79,3.23,13.71,4.96,6.4,3.2,0.86,3.17,2.46,3.23,0.81,2.44,3.23,1.67,2.46,
before-iter:2.48,16.39,1.6,3.31,1.67,3.28,4.88,4.1,4.84,9.02,1.63,1.63,2.42,4.13,0,3.2,3.23,
iter=78: 1.63,26.23,27.42,26.23,25.41,26.45,26.4,26.05,25.62,31.45,28.93,27.2,26.45,32.52,26.23,27.2,26.02,26.02,26.83,27.64,26.23,
after-iter:25.41,21.43,0.82,5.74,3.2,1.64,1.63,3.2,4.92,8.06,2.44,4.88,2.44,1.6,2.48,0.81,2.46,
before-iter:1.64,16.54,4.88,1.65,1.65,3.23,1.65,2.42,4,3.28,2.44,6.67,6.35,2.52,4,0.84,
iter=79: 3.17,8.13,28.69,27.42,26.23,26.45,25.6,27.05,31.97,26.61,27.05,26.83,25.2,26.23,25.6,32.79,27.05,29.03,25.41,25.83,26.61,
after-iter:26.98,28.1,11.57,3.94,1.67,4.8,1.67,2.4,0.81,2.42,2.44,1.61,2.4,3.25,12.4,8.94,5.65,
before-iter:2.42,13.82,6.45,2.46,2.48,1.64,1.67,1.61,2.4,2.44,2.4,4.1,1.64,4.07,1.67,3.17,2.46,
iter=80: 10.83,21.31,32.52,27.05,25.62,27.64,26.4,26.45,25.2,27.87,26.4,26.45,27.05,27.05,27.42,25.41,25.62,28.1,25.62,26.23,30.89,
after-iter:36.07,30.33,6.45,1.64,2.42,1.65,4.88,0,3.94,1.65,1.63,2.48,0.82,1.65,3.2,2.42,3.2,
before-iter:2.44,19.51,11.11,0.83,5.69,1.64,2.42,7.87,1.61,1.67,1.61,1.65,3.2,2.48,12.9,4.03,0,
iter=81: 2.48,20.97,26.61,25.83,31.15,29.84,27.5,26.56,26.05,25.41,26.98,26.23,24.59,27.64,25.62,27.42,25.83,25.41,26.83,26.83,24.59,
after-iter:26.98,27.64,7.38,16.53,6.4,29.27,25,3.17,2.46,0.81,3.31,4.03,3.17,1.67,3.23,1.63,1.67,
before-iter:1.67,16,3.97,0.83,3.2,1.65,8.13,5.83,4.13,13.11,1.61,1.61,2.44,0.83,3.23,2.38,2.5,
iter=82: 4.92,21.67,26.83,25,26.02,27.64,25,27.78,26.4,33.88,33.6,30,26.02,26.61,25.21,27.42,25.41,26.02,26.83,25.83,26.4,
after-iter:24.59,25.81,3.23,3.2,3.28,0.83,1.67,2.42,10.24,7.32,2.42,1.67,5.79,2.42,2.4,2.44,2.42,
before-iter:2.4,17.21,3.28,12.2,1.64,2.48,3.2,1.61,3.25,2.44,1.64,6.67,6.56,4.92,2.38,3.31,2.44,
iter=83: 1.64,29.13,26.23,26.02,27.5,28,25,26.83,25.62,26.23,27.05,32.23,26.67,25.81,35.25,31.97,26.45,26.83,26.45,26.45,25.81,
after-iter:26.4,25,2.42,1.65,3.97,4.07,3.94,0.84,2.4,0.81,3.25,0,9.84,6.56,13.82,3.28,3.17,
before-iter:0.82,16.94,2.42,3.31,3.23,4.13,3.17,1.63,3.28,2.42,3.2,0.82,2.48,3.17,1.67,8,6.61,
iter=84: 12.5,29.37,25.81,27.27,25.83,25,27.05,26.4,25,27.42,26.19,25.62,27.05,26.05,25.2,26.23,26.05,27.42,30.83,28.46,29.51,
after-iter:28.23,17.07,4.13,2.4,0.83,4.8,1.64,3.25,1.67,12.2,2.48,2.4,0.83,3.17,0.84,2.44,
before-iter:2.42,11.38,17.07,4.07,2.42,0.84,3.2,2.46,1.67,3.23,0.8,3.28,3.17,1.67,1.63,1.67,4.07,
iter=85: 8,10.66,26.83,27.2,31.97,30.08,28.1,33.33,55.65,38.71,25.62,25.62,27.05,25.62,26.89,26.02,26.23,27.42,25.83,26.98,25.83,26.4,
after-iter:25.81,17.74,9.68,17.21,4.72,5.88,0.81,2.46,1.61,4.1,4.76,1.64,0.82,3.23,1.63,4,
before-iter:2.4,5.88,12.1,2.44,2.42,1.67,12.7,4.03,5,2.4,0.83,2.4,2.48,1.61,1.65,0.84,4.03,
iter=86: 0.81,12.9,27.05,26.23,26.23,26.45,25.2,28.8,30.89,28.46,31.45,25.21,26.61,26.83,25.2,28.23,26.83,26.02,26.4,30.58,28.69,
after-iter:26.61,27.5,9.76,2.44,3.97,3.2,0.83,6.61,6.56,5.69,3.28,3.23,0.82,3.17,1.67,3.97,1.68,
before-iter:3.2,11.48,8.13,1.67,7.09,9.76,2.46,1.65,3.23,0.83,9.84,6.5,4.03,2.5,2.5,2.42,2.42,
iter=87: 0.83,17.21,28.23,27.64,25.2,27.64,25.2,26.61,26.23,25,27.78,24.79,27.05,31.15,36.8,26.61,30.65,25.83,26.23,27.05,27.42,
after-iter:27.27,28.23,2.48,2.4,4.1,0.82,4,3.25,0.81,2.46,1.61,3.28,7.44,8.13,0.82,3.33,0.81,
before-iter:3.23,17.6,0.81,2.4,1.65,0.81,4.84,2.5,3.17,0.82,2.5,0.81,4.03,1.61,5.69,11.48,9.84,
iter=88: 4.84,24.79,27.42,26.23,27.64,25.81,25.83,26.4,33.61,25.62,26.02,26.23,26.61,26.45,25.41,26.45,26.02,30.83,30.95,26.61,26.67,
after-iter:25.81,23.2,2.48,2.38,0.83,4.1,1.63,2.42,2.44,4.8,7.38,0.81,3.97,1.64,2.42,3.2,8.2,
before-iter:6.61,16.26,4.8,1.63,2.48,0.81,3.25,0.81,2.42,1.65,3.28,1.61,3.25,1.61,2.48,1.61,
iter=89: 3.25,6.61,27.73,31.93,41.13,26.23,26.02,26.61,26.83,28.33,26.61,25.2,26.61,27.05,25.2,26.45,27.05,25.41,26.83,25.21,26.98,25.62,
after-iter:26.45,24,4.07,3.33,1.67,1.63,4,0,4,11.67,4.84,1.68,2.38,1.67,2.5,2.4,
before-iter:2.4,8.06,9.84,5.04,3.17,9.68,8.2,2.48,4.13,2.44,2.5,3.2,2.46,2.42,2.46,13.11,4.96,
iter=90: 0.81,11.11,28.93,25.81,25.83,25.62,28.69,32,28.57,28.69,24.79,26.83,25.41,26.4,26.61,26.23,25.41,26.98,26.45,28.57,30.25,
after-iter:26.83,27.05,12.8,0.83,2.46,2.42,9.45,5,3.23,4.84,0.85,3.2,3.25,2.46,3.25,2.38,3.28,
before-iter:1.61,11.67,6.56,1.6,3.97,0.84,2.48,1.67,1.63,9.52,18.7,5.69,3.23,3.25,2.44,4.76,2.48,
iter=91: 1.61,17.65,25.6,27.05,26.02,25.62,26.23,26.19,25.83,26.77,26.45,26.45,34.43,28.1,27.42,26.05,25.62,26.61,26.02,26.02,26.83,
after-iter:27.2,27.64,4.92,2.42,2.46,1.65,2.5,2.44,5.65,1.67,20.16,4.84,4.92,3.97,4.1,3.23,1.68,
before-iter:2.42,16,1.65,1.61,3.23,11.38,3.97,0.83,1.63,3.2,1.63,0.81,3.2,8.06,8.2,1.67,4.1,
iter=92: 1.65,23.58,27.05,26.19,26.23,25,28.23,34.56,25,27.2,25.6,26.83,26.45,26.61,25.62,27.42,33.88,35.71,25.83,27.42,25.41,
after-iter:26.83,23.81,1.67,2.42,3.25,1.65,2.46,3.17,3.33,2.4,2.48,3.2,1.67,1.65,9.02,9.76,12.3,
before-iter:3.33,19.67,3.97,3.28,2.42,2.42,1.65,4,2.46,2.44,2.44,1.67,4.84,0.84,2.46,2.48,1.65,
iter=93: 10.4,31.15,28.33,26.61,27.05,25.62,26.83,26.61,26.61,26.05,25.21,26.61,26.02,27.42,25.81,26.02,27.42,28.23,25.62,27.05,35,
after-iter:34.68,26.83,4.8,4.84,1.67,2.42,4.84,0.83,1.64,3.25,9.92,5.65,2.42,3.28,2.44,2.48,5.74,
before-iter:1.64,20.33,9.09,5.69,2.4,3.2,1.63,2.46,2.4,2.5,2.48,6.56,7.94,3.23,3.23,1.68,4,
iter=94: 3.23,25.83,26.61,26.67,29.6,30.33,28.23,28.93,27.64,26.02,27.5,25.81,25.62,26.02,26.02,28,24.79,25.83,26.61,25.83,26.45,
after-iter:26.02,25.81,3.28,2.46,23.14,13.01,4.92,4,3.31,2.44,2.42,1.64,3.23,0.81,3.28,2.46,1.61,
before-iter:1.61,17.89,0.82,2.4,3.23,1.65,8.06,4.07,7.2,1.64,3.25,2.4,4.1,3.28,1.65,2.4,0.83,
iter=95: 4,28.23,26.45,25.81,25.83,28.23,26.61,26.98,25.62,32.23,33.06,25.83,36.07,32.52,32.26,29.51,26.45,26.23,26.61,26.83,32.23,
after-iter:26.02,22.76,0.83,3.17,1.61,3.17,3.28,1.61,9.52,7.44,1.6,1.67,1.64,2.44,4,0.81,4.92,
before-iter:8.8,14.88,2.46,2.4,2.48,2.42,2.42,3.97,0.85,1.6,1.67,9.68,3.25,6.45,3.2,0.84,
iter=96: 3.28,8.06,28.69,25.41,25.81,27.05,25.41,27.05,26.02,27.87,26.23,25.62,34.15,25.41,25.81,46.03,32,26.83,26.23,26.05,25.81,
after-iter:26.67,28.35,7.5,2.4,3.28,1.67,3.2,1.65,0.82,3.23,1.64,0.82,4.8,1.61,8.8,6.5,3.2,
before-iter:1.67,17.21,3.33,2.4,0.83,3.2,0.84,2.4,3.25,1.6,5.69,1.63,1.6,4.84,0.81,2.5,2.4,
iter=97: 6.61,27.64,27.5,25.41,29.84,25.83,27.05,26.02,25.2,26.83,31.71,27.42,24.79,29.6,26.02,25.41,28.23,26.27,25,27.42,32.52,
after-iter:27.64,30.33,3.28,3.2,1.65,7.94,8.26,2.44,2.42,1.65,2.4,2.42,2.44,4.1,2.4,1.64,1.63,
before-iter:1.63,16.94,9.6,9.84,5.6,3.25,1.64,3.25,0,1.61,2.46,2.44,4.8,0.83,3.23,1.65,0,
iter=98: 4.03,24.59,26.83,28.69,36.59,30.65,26.23,32.26,27.2,25.83,26.02,26.61,26.83,26.61,26.02,25.81,27.27,25.2,26.23,26.23,26.23,
after-iter:26.83,20.8,2.46,8.94,5.08,4.92,4.07,4.84,0.82,0.81,3.23,1.63,2.44,1.64,3.23,5.79,1.63,
before-iter:2.42,16.26,2.44,3.25,2.42,1.67,7.38,7.26,4.03,2.44,3.2,2.48,0.82,4.03,1.61,1.65,
iter=99: 11.48,5.65,28.46,26.23,25.62,25.81,26.45,25.6,27.64,25.41,32,29.27,26.83,25.42,26.98,32.5,26.61,25.62,27.2,25.6,26.89,
after-iter:25.81,28.23,10,2.4,1.64,2.42,0.83,2.42,2.46,12.8,4.88,9.68,2.48,2.5,4.88,31.45,20.33,