before-iter:82.93,50.41,45.6,46.77,48.72,53.23,60.83,43.8,43.9,44.26,40.65,50,42.02,66.12,43.55,46.67,
iter=0: 38.52,63.93,64.75,70.49,79.34,85,85.25,70.49,79.51,83.19,73.33,72.95,62.81,65.04,80.99,94.31,92.62,90.24,90.83,62.6,66.1,80.16,72.95,70,
after-iter:88.33,86.18,76.23,78.05,67.8,70.73,70.25,56.45,40.83,41.94,41.18,40.5,34.43,33.88,34.96,46.28,36.67,
before-iter:32.23,49.59,46.28,31.67,32.23,36.89,35.2,33.06,38.02,38.02,41.32,34.71,34.71,33.61,34.71,35,32.23,
iter=1: 39.34,45.45,64.75,66.67,64.46,54.92,64.75,59.35,54.62,53.66,53.28,54.1,57.5,63.71,67.77,86.44,67.74,61.79,63.64,60.33,
after-iter:65,60.33,33.33,31.15,35,49.59,58.87,32.48,36.67,34.15,32.52,33.61,33.33,39.02,38.66,34.68,59.32,
before-iter:41.13,76.23,74.58,68,75.83,40.98,58.2,45.45,44.17,60.83,70.25,82.64,63.33,65.57,59.84,37.19,42.28,
iter=2: 35.83,44.35,65.29,69.11,70.25,89.17,97.56,99.16,100,99.17,95.9,78.33,95.04,99.17,91.87,87.5,96.67,94.96,96.72,95.87,100,99.19,100,100,100,100,100,99.17,100,100,100,100,100,100,100,100,100,100,100,100,100,100,100,100,100,100,100,100,100,100,100,100,100,100,100,100,100,100,100,100,100,100,100,100,100,100,100,100,100,100,100,100,100,100,100,100,100,100,100,100,100,100,100,100,100,100,100,100,100,
after-iter:100,100,100,100,100,100,100,100,100,100,100,100,100,100,100,100,99.16,100,100,
before-iter:100,100,100,100,100,100,100,100,100,100,100,100,100,100,100,100,100,100,100,
iter=3: 100,100,100,100,100,100,100,100,100,100,100,100,100,100,100,100,100,100,100,100,100,100,100,100,100,100,100,99.18,100,100,100,100,97.5,100,100,100,100,100,100,98.37,100,100,100,100,95.04,98.35,100,100,100,94.31,100,100,100,96.72,96.64,99.17,95.9,95.87,95.83,88.62,86.78,86.99,95.8,
after-iter:97.56,97.52,83.61,64.52,53.78,58.68,69.42,80.83,36.59,38.33,36.67,58.54,60.66,61.34,34.43,66.39,51.24,
before-iter:35.25,42.15,56.56,49.59,60.83,57.38,55.37,47.93,38.66,41.13,42.5,41.46,40.5,41.32,38.71,38.84,38.84,39.34,
iter=4: 36.97,65.57,56.3,56.56,58.2,67.77,66.94,73.33,73.77,72.73,68.85,57.85,64.23,77.87,57.85,83.47,90.98,73.17,65.55,74.59,77.97,
after-iter:94.21,60.48,34.43,31.67,32.23,47.11,28.33,30.08,29.17,36.36,37.19,40.16,31.67,31.67,36.59,38.21,42.5,
before-iter:30.58,44.72,48.36,38.52,26.05,30.89,27.27,32.23,27.27,35.83,30.33,33.06,26.89,37.19,28.57,34.43,28.1,
iter=5: 39.84,47.9,77.69,60.16,57.5,54.55,58.68,53.66,57.38,54.17,58.33,53.33,59.35,58.68,93.55,78.33,75.63,59.5,63.11,64.75,72.27,
after-iter:56.56,64.71,37.7,34.68,35,44.63,27.73,27.87,29.51,49.18,27.73,33.88,34.43,36.89,33.33,30,30.33,
before-iter:26.45,33.33,41.67,30.83,30.33,47.54,46.22,34.71,43.09,34.17,29.17,36.13,37.19,33.33,30.08,34.71,33.33,37.6,
iter=6: 29.51,71.07,74.79,63.93,65,66.67,66.67,66.12,84.3,63.87,59.84,59.02,59.5,63.87,69.35,71.07,60.98,64.17,63.64,
after-iter:76.86,59.68,43.8,42.5,36.36,31.93,45.08,36.97,38.52,39.34,42.62,31.93,33.06,34.43,46.28,39.67,51.64,
before-iter:53.28,65.29,61.16,57.02,34.17,46.67,60.16,59.35,33.61,41.67,52.03,47.46,34.71,39.34,24.37,35.77,25.81,
iter=7: 34.43,42.98,71.07,61.16,71.77,55.46,65.04,68.33,66.12,55.65,50.83,53.33,61.16,52.07,83.33,76.67,67.77,70.83,82.11,75.61,85.25,
after-iter:84.87,79.17,40,39.84,32.26,27.5,29.75,27.87,28.46,27.5,27.87,28.33,31.15,38.33,35.25,39.34,36.89,
before-iter:41.32,46.34,35.54,29.75,43.8,32,38.33,31.67,27.87,39.34,35.54,34.71,29.51,29.91,30.08,30.58,40.16,
iter=8: 42.98,45,52.89,58.57,61.67,54.55,53.78,52.89,56.2,71.67,56.67,52.89,63.33,68.03,76.67,72.95,73.33,71.54,
after-iter:93.39,62.5,54.1,32.79,30.58,28.81,31.71,27.87,30.89,26.67,31.09,29.51,45.08,34.43,92.5,100,100,100,
before-iter:95.9,99.17,76.03,40.16,47.54,29.27,52.5,45.45,36.67,37.7,41.6,26.67,35.77,30.25,32.26,26.89,30.89,
iter=9: 58.47,63.33,55.28,52.94,52.89,49.17,52.46,57.26,65,58.2,77.87,56.1,63.87,86.07,81.51,74.17,80.49,72.13,65,62.9,
after-iter:81.51,61.48,55.74,33.06,34.17,37.7,41.8,31.97,28.93,27.73,57.5,40.16,31.71,32.5,50.81,32.23,40.98,
before-iter:30.25,48.78,37.5,27.5,39.67,26.67,27.87,36.89,29.51,27.87,27.5,30.89,34.17,52.07,39.84,40.83,38.33,
iter=10: 35.25,54.17,60.98,62.3,61.16,57.5,60.33,59.5,89.26,90.98,78.05,100,100,94.31,89.34,95,84.3,98.37,80.17,97.52,100,86.07,72.73,76.86,69.92,
after-iter:55.83,52.5,39.52,29.17,30.33,29.27,35,29.27,27.5,32.79,30.83,30.58,29.51,28.33,29.51,28.46,27.27,31.67,
before-iter:25,47.06,25,31.15,28.33,28.69,29.27,27.5,29.75,36.07,35.25,23.93,36.59,38.66,36.36,27.87,32.79,
iter=11: 29.51,55.37,57.5,52.46,50.82,57.14,53.28,54.03,52.94,52.46,79.17,75.21,75,68.64,79.51,76.86,58.54,63.33,60.66,
after-iter:58.68,58.68,26.83,27.64,27.12,35.77,34.71,28.1,24.17,29.51,29.51,30.25,29.75,33.61,29.75,31.97,55,
before-iter:58.2,54.24,62.1,43.33,33.33,36.13,45.6,31.93,32.26,31.09,37.7,40.83,38.02,32.23,29.51,31.4,31.15,
iter=12: 34.96,40.83,52.89,58.54,56.56,67.48,77.31,73.33,61.16,54.47,51.67,55.83,65.6,62.71,66.67,58.47,59.5,59.35,
after-iter:60.66,66.39,32.48,35.48,29.51,28.69,30.33,30.51,34.15,39.02,30.33,26.67,28.46,27.35,29.03,28.46,35.83,
before-iter:26.67,40.16,49.18,32.79,28.93,43.7,45.16,50.42,41.46,40.83,38.52,50,53.72,49.59,34.17,29.41,40.32,
iter=13: 47.06,45.08,58.68,52.46,64.71,70,86.07,69.42,61.48,72.73,69.11,78.81,80.65,60.66,72.13,94.17,71.9,78.33,79.51,84.87,84.3,76.03,
after-iter:87.8,64.17,58.82,62.1,50.41,38.21,46.72,46.34,49.15,44.26,45.83,33.06,42.98,53.23,49.58,36.07,34.43,46.72,
before-iter:42.98,51.26,50.82,41.8,36.29,30.51,36.29,33.33,40.16,34.17,35.77,28.46,37.82,30.65,37.19,38.33,34.45,
iter=14: 33.88,54.92,52.85,71.9,76.67,81.97,56.67,56.1,52.89,54.55,63.64,66.94,56.91,91.67,92.5,82.64,77.5,80.99,66.67,66.67,
after-iter:64.75,65.29,32.23,32.23,30.25,46.72,42.62,36.67,32.23,33.33,29.84,32.5,28.69,31.4,30.89,29.41,33.87,
before-iter:35.25,55.74,45.83,28.33,39.67,33.33,32.5,31.71,33.06,27.27,27.64,29.41,36.07,34.43,30.25,35.77,34.71,
iter=15: 34.71,29.75,61.67,49.18,61.48,55.83,57.85,57.72,54.17,52.42,56.2,53.72,64.75,57.5,77.6,60.33,66.67,58.2,
after-iter:62.18,49.59,32.23,32.79,37.7,27.97,33.33,40,32.52,33.61,30.33,28.93,33.33,29.75,31.67,30.33,32.5,
before-iter:30.58,48.74,31.45,30,36.59,33.88,28.93,34.96,30.08,32.2,35.48,36.97,30.83,30.33,27.73,31.71,39.67,
iter=16: 30,41.94,55.74,51.24,57.98,52.85,52.89,52.94,58.2,57.98,57.5,60.32,59.66,66.12,71.9,68.85,64.75,60.17,
after-iter:68.29,47.97,40.5,32.23,30.58,32.52,30,26.89,31.45,36.97,30.65,42.37,46.34,40.98,50,38.84,37.7,
before-iter:33.33,48.76,37.7,28.69,36.13,36.59,36.44,31.71,31.97,40.65,33.33,34.43,37.7,31.15,32.77,34.75,48,
iter=17: 38.02,52.07,65,57.6,62.81,71.43,66.39,71.54,68.33,58.87,61.86,71.31,62.81,60.16,71.67,98.35,72.36,84.68,81.67,62.81,
after-iter:59.68,71.67,52.07,43.9,39.34,35.83,33.87,40.83,38.02,31.93,32.52,37.5,34.71,29.75,28.93,28.57,28.1,
before-iter:34.43,46.28,36.13,31.97,34.15,32.23,44.26,47.5,33.06,30.58,37.4,38.84,52.89,52.07,35.25,28.69,32.2,
iter=18: 34.15,42.98,60.83,63.93,65.04,73.55,64.75,68.33,66.39,84.87,66.13,66.39,72.73,65.83,76.23,88.43,62.5,81.15,73.55,77.87,
after-iter:70.49,45.45,28.93,27.27,29.17,27.42,31.4,27.5,34.15,29.75,31.67,26.83,28.1,30.58,32.23,31.15,33.06,
before-iter:33.33,55,41.32,37.7,31.4,35.25,35.54,33.61,36.67,36.89,31.97,33.61,33.87,41.67,52.03,38.52,32.77,
iter=19: 34.71,47.97,58.2,55,56.56,54.92,59.5,60.33,58.2,66.39,70.25,80.33,84.43,79.67,90.76,86.07,70.83,68.03,88.43,
after-iter:72.73,81.82,56.56,39.17,52.03,57.38,39.34,67.5,58.73,49.17,49.17,71.07,57.38,70.73,52.5,59.5,55.37,
before-iter:38.33,36.59,52.07,30,38.52,42.5,37.7,31.93,40.8,31.4,35.54,30.33,36.67,38.52,40.83,42.28,42.62,41.67,
iter=20: 38.02,65.29,52.89,56.1,56.67,60.33,54.1,59.5,55.74,53.72,55.28,60.16,57.02,69.17,57.85,61.98,59.5,
after-iter:67.74,55.83,41.32,26.45,35.83,30.89,30.58,39.17,43.55,42.15,45.08,39.34,52.1,60.66,52.89,45.38,45.08,57.85,
before-iter:86.67,99.18,90.91,91.67,85,39.84,67.77,58.4,58.47,73.55,81.15,68.6,75,58.54,36.44,62.9,81.15,
iter=21: 95.8,85.12,84.55,86.18,91.67,95.93,94.17,90.08,81.15,76.86,61.98,77.24,61.67,89.34,78.05,78.33,72.73,81.82,67.21,87.6,76.67,76.86,
after-iter:65.6,66.12,53.33,41.32,31.97,42.98,57.14,47.11,29.17,33.88,51.61,50.82,29.75,28.93,54.1,41.46,43.7,
before-iter:36.07,59.17,52.03,75,51.26,35.25,28.93,40.16,26.67,32.5,30.89,29.41,29.51,30.58,28.33,56,57.85,
iter=22: 32.26,48.74,54.17,54.55,58.54,52.89,57.38,55.83,54.17,57.26,56.67,58.2,58.47,74.58,63.71,56.91,63.11,
after-iter:57.72,72.36,51.69,31.15,29.75,31.71,29.75,34.96,28.57,28.57,28.69,33.33,30.89,32.23,29.51,30.33,33.06,29.66,
before-iter:32.26,51.26,28.93,43.55,27.35,33.06,31.67,32.79,28.33,30,30.65,32.23,28.69,34.17,33.06,35.83,36.97,
iter=23: 33.06,46.72,52.07,52.5,53.23,53.33,55.83,56.56,53.72,60.66,58.68,54.1,56.56,57.02,59.84,58.68,60.66,
after-iter:58.68,58.68,35.83,30.33,29.51,28.57,36.36,30.08,30.58,27.27,35.54,35.25,36.97,31.4,31.45,31.09,32.52,
before-iter:27.5,39.02,54.1,36.36,33.05,40.16,30.33,35.25,35.77,37.19,33.33,42.15,36.67,30.33,26.61,19.17,18.03,
iter=24: 13.93,18.18,37.5,36.89,36.07,33.06,36.07,56.67,71.77,61.86,57.26,58.97,57.85,56.67,62.3,58.68,61.98,63.93,
after-iter:66.39,53.78,36.8,28.93,32.79,32.23,32.23,30.33,31.97,30.58,33.33,23.97,33.61,28.69,32.52,30,36.29,
before-iter:31.67,38.33,46.67,35.77,29.75,30.25,30.89,33.06,30.33,33.06,29.41,34.68,33.88,36.59,30.51,32.26,44.17,
iter=25: 72.03,55.37,75.41,80.17,100,92.62,95,83.61,87.6,90.83,98.36,93.44,95.83,81.45,81.15,79.51,73.95,89.43,94.26,79.51,97.5,83.33,79.67,68.03,
after-iter:76.03,77.5,52.85,34.17,34.17,61.29,49.59,49.59,39.34,42.15,55.83,52.03,41.67,62.3,78.29,100,100,
before-iter:100,100,100,100,100,100,100,100,100,100,100,100,100,100,100,100,99.17,99.18,
iter=26: 96.61,100,100,100,99.19,100,100,100,100,100,100,100,100,95.87,100,100,100,100,100,100,98.31,91.8,86.07,86.67,70.83,60,64.46,70.97,64.52,76.47,74.17,90.08,93.39,90.98,88.43,73.33,
after-iter:73.17,84.3,36.89,52.07,72.36,53.78,37.7,40.5,39.67,32.5,48.36,48.74,55.74,39.67,31.4,32.79,29.17,36.07,
before-iter:72.13,100,98.37,57.38,49.18,76.47,93.39,95.04,60.83,40.16,29.75,75.83,38.52,28.1,40.98,36.89,18.85,30.58,
iter=27: 19.67,54.84,67.21,63.03,63.64,61.48,59.17,63.64,80.33,71.9,73.77,60,60.66,61.16,65,80.67,78.69,68.03,65.32,66.39,64.46,
after-iter:70.49,52.07,36.59,35.59,35.2,35.59,36.07,31.09,37.6,34.17,36.36,33.61,38.52,34.17,33.06,38.71,40.68,
before-iter:38.71,60.5,52.46,36.97,34.71,38.21,34.71,38.02,37.19,49.58,36.13,50.81,38.02,36.07,36.89,36.59,35.29,
iter=28: 38.02,49.59,65.29,63.33,57.98,60.66,57.02,59.66,59.02,56.2,57.5,61.98,60.98,60.83,71.43,64.75,65.85,64.17,67.77,
after-iter:76,72.27,43.33,49.59,38.52,41.8,35.29,40.83,36.36,40.83,41.13,35,36.07,33.88,34.43,36.07,38.02,
before-iter:33.33,41.94,53.72,36.07,36.36,41.32,33.61,38.21,46.22,36.13,35.54,37.7,33.05,35.48,42.15,34.96,37.5,34.17,
iter=29: 36.59,58.06,58.68,60,57.85,57.85,57.5,55.83,60.48,56.67,58.68,64.23,63.03,62.9,66.67,62.81,67.21,65.57,
after-iter:65.55,62.1,38.52,34.71,39.67,45.9,45.76,48.76,45.97,47.11,45.08,43.7,40.83,52.07,44.72,47.46,45.53,
before-iter:49.18,55.37,50.41,44.63,51.24,50.41,43.33,48.78,48.36,47.06,48.78,48.76,49.59,46.28,48.76,47.06,56.91,47.9,
iter=30: 51.64,69.67,69.17,72.36,70.59,70,71.54,68.91,67.77,76.03,70,73.98,73.77,68.03,85.71,75.21,71.9,68.29,78.33,77.05,
after-iter:74.38,72.95,53.72,48.76,49.59,41.88,40.32,35.77,39.67,39.17,43.8,58.68,65.04,54.62,37.19,41.32,50,44.44,
before-iter:62.6,73.77,50.42,50,49.58,52.03,51.64,49.59,49.59,48.31,47.5,51.61,50.82,50,51.64,49.59,49.17,
iter=31: 48.74,68.03,69.11,70.25,70.25,69.11,73.77,74.38,71.07,72.5,71.9,76.23,74.38,66.12,77.05,83.9,62.6,67.48,68.6,63.87,
after-iter:71.9,67.5,46.28,36.13,47.97,35.25,35.54,36.36,38.02,36.8,36.97,34.71,37.19,47.11,32.23,36.36,35.48,
before-iter:35.29,42.15,50.82,35.25,34.45,34.96,40.83,45.08,36.97,37.1,35.25,35.54,34.4,38.46,35.2,33.88,35,34.15,
iter=32: 33.61,55.74,54.62,57.38,57.38,60.33,57.02,58.06,65,70.83,57.5,62.6,64.23,64.17,63.03,62.9,65,82.79,76.23,
after-iter:73.39,59.17,39.02,37.5,39.52,38.33,39.67,38.33,37.4,40.5,75.41,43.9,47.93,54.47,39.67,37.7,40,
before-iter:39.52,61.16,44.63,38.21,33.88,35.25,34.68,34.17,34.15,35,33.33,34.15,33.9,44.35,38.02,37.29,34.68,
iter=33: 34.45,47.15,57.02,57.02,59.35,63.64,61.16,57.38,59.35,42.28,45.08,51.26,48.76,55.83,65.85,63.41,65.25,73.6,
after-iter:77.5,57.98,41.46,38.21,33.61,34.17,35.25,36.89,38.14,37.7,35.25,23.14,20.8,23.97,26.45,28.1,27.05,
before-iter:27.2,34.45,39.67,26.89,24.19,19.17,24.17,29.51,21.31,26.02,22.95,24.39,30.83,20.49,31.4,18.85,20.33,
iter=34: 19.01,21.85,46.34,39.52,47.06,49.59,42.28,39.67,38.84,40.5,52.03,40,55.74,43.09,49.15,49.6,45.38,45.53,
after-iter:46.72,36.07,18.18,18.85,18.03,17.36,29.51,30.83,40.16,39.84,22.31,18.03,18.18,19.01,17.36,16.67,19.35,
before-iter:18.33,35,31.15,18.85,19.51,17.36,19.01,19.01,17.36,23.97,22.76,18.64,18.55,17.65,18.03,18.55,19.01,
iter=35: 17.21,38.84,42.02,41.32,41.46,38.33,43.09,42.62,38.21,45.76,48.78,44.63,60.16,57.85,60.5,59.5,48.76,50,
after-iter:47.5,48.36,17.36,17.74,25,22.95,16.53,18.03,19.67,17.36,19.51,20.17,17.07,18.85,26.23,24.79,16.67,
before-iter:18.7,33.06,19.67,17.74,20.17,17.89,20.49,19.17,17.21,28.33,19.83,16.39,19.17,17.21,17.36,19.83,18.55,
iter=36: 29.6,36.13,39.34,37.82,40.65,38.33,40.16,40.5,40.34,38.21,40,41.32,40.98,54.92,42.5,45.08,44.17,
after-iter:56.2,44.17,26.02,34.45,32.79,24.79,50.82,27.05,21.31,31.15,21.49,17.89,16.53,19.51,17.5,17.07,18.85,
before-iter:18.18,25.62,27.5,18.7,17.36,26.45,58.68,78.05,64.23,59.17,46.28,50,42.74,23.77,24.17,28.93,38.52,
iter=37: 30.58,35.48,83.47,89.83,63.41,45.08,42.62,41.8,43.33,51.24,49.59,52.89,44.26,47.11,45.9,65.29,66.12,79.34,72.58,99.18,96.67,100,99.17,99.17,100,93.5,100,
after-iter:96.67,83.61,28.8,39.17,55.46,18.03,62.81,34.71,23.39,16.39,19.51,19.17,17.36,18.03,19.35,20.66,45.9,
before-iter:43.44,45.08,21.31,18.18,19.01,27.5,17.89,22.95,16.81,19.33,28.1,90.76,53.6,19.33,18.85,16.67,21.14,
iter=38: 18.7,26.23,44.26,38.71,38.46,38.84,40.8,46.22,59.5,41.8,48.74,40.98,52.1,41.6,47.93,44.72,42.15,48.76,
after-iter:63.33,33.06,30.58,29.41,39.84,19.17,23.58,18.85,18.03,22.95,28.93,19.51,22.95,15.97,18.7,26.02,31.4,
before-iter:18.7,67.74,25.83,41.8,37.5,30.89,38.21,28.57,17.5,16.39,19.51,17.21,19.01,24.17,25.2,18.7,15.97,
iter=39: 18.18,36.59,37.19,40,37.7,37.5,38.52,37.82,52.46,47.54,41.46,42.5,42.28,45.45,47.54,47.11,55.74,
after-iter:44.26,46.34,24.37,18.7,17.65,24,74.17,18.85,54.1,62.81,18.33,34.71,41.6,40.34,40.65,30,32.23,
before-iter:86.89,60,36.59,18.85,17.21,17.36,21.95,90.83,97.52,95.8,91.74,89.34,82.93,84.03,85.95,96.75,100,97.52,
iter=40: 94.26,100,100,99.15,100,100,100,95.08,99.19,98.36,99.17,99.16,99.19,99.17,98.36,99.17,99.17,82.93,44.72,39.17,77.69,98.33,92.62,77.24,90.91,85.83,61.48,66.39,55.2,45.9,53.39,
after-iter:59.17,48.78,42.5,31.97,26.23,27.87,25.41,38.02,23.14,20.33,22.31,36.07,73.55,100,86.99,24.79,19.17,
before-iter:16.53,35.25,19.01,26.45,36.07,100,98.39,100,99.19,94.31,88.33,71.9,93.39,99.17,100,99.18,100,
iter=41: 95.08,97.48,100,100,100,100,100,100,100,100,100,98.33,100,99.18,100,100,100,100,92.56,100,100,100,100,100,100,100,100,96.69,91.74,99.17,100,100,100,100,99.19,100,100,100,90.76,99.19,100,100,100,100,100,100,100,95.08,100,100,98.35,100,100,
after-iter:100,100,95.9,87.6,95.76,95.87,97.48,96.72,92.74,87.5,94.21,99.19,100,100,100,98.36,97.52,
before-iter:99.17,84.43,97.52,100,93.33,68.6,58.2,22.31,31.97,24.79,28.93,30.33,32.79,29.84,33.06,18.03,21.01,26.83,
iter=42: 60.33,92.56,80.49,55.56,84.03,56.91,47.2,96.69,100,98.36,91.06,57.98,45.9,72.5,83.61,79.34,47.58,77.87,82.64,69.42,52.5,45.53,87.39,
after-iter:100,98.37,88.43,88.24,79.67,56.45,86.78,81.3,45.83,23.58,23.73,21.14,20.83,18.7,21.49,21.31,18.7,16.81,
before-iter:22.95,32.79,20.83,17.5,28.23,40.98,44.17,44.26,17.5,18.85,25.83,22.13,20.49,18.7,17.36,18.7,20.49,
iter=43: 21.67,43.9,44.35,37.19,37.82,47.93,69.75,74.8,40.5,38.52,41.18,42.15,39.84,53.33,46.77,48.78,44.63,
after-iter:50,33.33,17.36,19.67,17.21,20.33,20.66,27.27,18.33,17.36,18.03,18.7,33.33,42.98,38.84,19.33,27.05,
before-iter:16.53,42.15,19.35,17.5,18.85,21.49,26.45,16.39,18.7,19.67,21.14,19.33,19.67,17.65,20.16,18.33,17.21,
iter=44: 32.23,43.33,68.29,40.16,38.84,42.28,36.67,39.84,36.97,39.2,39.5,42.28,41.32,51.67,48.76,45.53,44.63,
after-iter:41.32,44.63,18.03,19.01,17.21,23.77,22.5,17.36,18.7,16.53,17.21,18.03,18.18,18.85,17.5,17.89,18.03,
before-iter:16.67,31.67,23.58,17.5,19.67,17.21,17.36,20,23.33,27.5,36.67,38.21,19.51,18.18,20.49,17.5,17.5,
iter=45: 26.45,28.23,40.34,38.84,42.28,37.7,38.21,39.67,38.21,38.33,39.34,55.83,46.28,40.65,43.33,45.45,44.35,
after-iter:42.98,45.45,23.97,26.02,16.81,19.67,16.39,18.03,18.03,21.49,21.14,22.95,16.53,17.5,27.27,24.39,19.17,
before-iter:17.36,27.05,24.59,19.01,17.21,16.53,31.4,17.21,21.31,15.25,17.74,19.35,15.13,17.21,18.03,15.7,31.97,
iter=46: 23.53,24.19,42.5,37.4,38.66,38.52,37.4,38.02,37.4,37.5,39.17,41.46,41.67,42.02,50.81,45.08,44.63,
after-iter:61.98,59.17,34.15,21.31,18.18,20,17.89,19.67,26.05,39.52,22.31,16.81,17.74,27.27,17.36,18.18,16.39,19.01,
before-iter:19.51,30.25,23.39,24.58,23.2,23.53,17.07,17.5,18.55,18.18,17.89,16.39,18.18,23.97,49.17,36.59,17.21,
iter=47: 18.18,43.9,38.84,48.33,70.49,64.46,62.6,83.47,95.04,67.5,38.52,40.98,48.33,73.55,96.69,84.43,80,73.39,71.9,47.9,52.42,
after-iter:58.54,93.28,96.75,90.32,89.08,87.6,33.33,26.02,76.47,52.46,21.95,17.36,23.77,32.23,16.8,21.01,81.67,59.02,
before-iter:23.97,54.92,21.31,23.77,38.21,67.5,57.85,39.67,81.15,59.66,18.85,18.03,50.82,21.49,31.67,49.59,80,
iter=48: 56.56,61.67,58.54,38.52,37.82,43.9,40.5,45,46.77,49.59,45,51.64,47.54,42.98,52.46,83.33,69.67,45,
after-iter:43.44,43.44,21.31,20.83,16.39,18.33,18.18,17.89,18.18,16.53,18.55,15.52,19.51,22.76,20.17,18.4,22.69,
before-iter:17.89,26.45,24.79,18.18,17.36,18.55,25.83,15.7,20,19.01,18.03,16.67,18.7,17.21,17.5,19.83,23.58,
iter=49: 20.49,25.2,41.18,38.21,36.13,45.08,38.02,38.66,39.84,38.21,37.7,40.5,44.17,39.84,58.54,46.67,54.1,42.15,
after-iter:44.72,43.33,22.13,20.83,17.36,15.83,15.7,20.49,17.21,18.18,18.85,18.03,22.76,15.97,15.7,17.07,15.83,
before-iter:20.49,34.71,16.67,18.4,34.17,20,21.31,16.67,17.21,17.74,19.17,16.67,17.07,18.03,17.5,17.74,18.49,
iter=50: 17.21,37.19,37.4,38.02,37.7,39.34,38.02,46.67,40.98,41.8,39.34,42.15,41.67,53.33,43.9,47.5,57.85,
after-iter:45,40.5,18.55,17.65,17.89,16.53,18.18,17.07,17.21,31.15,26.89,36.51,22.31,23.58,24.58,23.58,16.53,
before-iter:18.7,38.33,42.15,23.39,19.01,25.41,20.17,20.49,16.95,23.77,24.17,25.41,16.39,34.71,57.5,45.53,37.7,
iter=51: 53.33,89.26,99.17,99.16,99.19,95.08,100,98.37,100,59.17,87.7,98.39,65.57,43.8,76.86,88.52,93.44,90.83,87.8,65,73.33,85.12,75,100,74.38,95.8,93.44,95.8,82.93,64.41,83.74,
after-iter:79.34,70.49,71.31,56.2,42.98,73.39,45.83,36.89,33.88,76.67,49.59,22.76,27.5,45.9,27.05,38.21,36.07,
before-iter:35.77,72.03,88.62,50.83,48.36,47.54,56.67,56.91,56.67,72.36,91.74,100,100,100,100,100,100,98.32,
iter=52: 100,100,90.08,99.18,89.08,97.52,85.25,95.08,98.35,100,100,100,100,100,100,100,99.17,100,100,100,100,100,100,93.22,99.18,66.94,81.15,77.69,86.99,87.6,92.62,98.35,62.18,65.57,75.21,92.62,67.5,
after-iter:62.3,75.21,25.21,18.18,20.49,49.18,96.67,91.87,97.52,80.33,97.54,99.17,95.9,95.04,88.62,49.17,19.67,
before-iter:19.01,34.17,21.77,51.26,19.51,19.01,19.35,20,32.79,22.31,39.02,70.16,85.83,97.52,40.83,40,40.98,
iter=53: 49.18,31.97,59.5,47.54,55.74,44.72,43.9,47.06,56.67,46.67,56.91,40.68,46.34,74.38,55.74,60.5,82.93,57.98,72.95,68.85,
after-iter:53.28,75.83,72.36,43.9,34.17,32.23,32.79,19.51,83.74,88.43,100,99.17,100,85.25,97.52,84.3,33.06,
before-iter:21.49,59.02,78.05,36.44,28.23,31.67,25.41,18.64,46.34,45.9,18.85,32.79,31.97,42.86,54.1,35.54,42.28,52.89,
iter=54: 32.26,66.67,64.17,62.1,56.2,43.33,85.12,59.02,40.65,38.66,41.8,40.65,57.98,65.83,42.15,73.55,90.98,73.55,52.94,50.82,
after-iter:52.89,53.28,36.07,62.3,33.06,31.93,33.87,19.01,40.98,47.11,53.72,36.89,33.61,32.5,23.33,21.31,34.71,16.67,
before-iter:20.66,49.19,38.84,34.43,20,33.61,21.14,52.89,44.63,60.16,32.23,40.83,41.8,73.98,39.17,56.56,42.02,
iter=55: 24.79,50.41,90.91,80.33,69.17,47.93,85.25,75.83,74.38,53.23,62.3,69.49,57.5,72.13,63.64,57.26,64.71,78.57,80.99,57.38,51.67,63.11,
after-iter:42.74,70.25,57.85,27.05,36.97,59.84,67.48,78.51,54.47,45.45,76.47,94.31,99.17,100,99.18,99.19,100,99.17,
before-iter:100,100,95.8,94.21,80.99,63.41,87.8,60.66,95.9,62.3,91.67,100,96.75,94.26,100,100,98.35,100,
iter=56: 90.83,100,95.93,72.95,50,39.34,60.83,60.16,81.82,57.38,74.17,52.03,48.76,80.17,75.21,91.67,94.17,95.83,65.6,100,98.37,100,100,100,100,100,100,100,100,100,99.17,95,86.18,85.12,71.77,
after-iter:90.16,60.33,68.33,48.78,55.08,78.05,21.67,47.11,44.63,61.79,20,52.46,50.82,39.67,42.62,36.89,34.43,
before-iter:21.49,39.34,63.87,36.89,45.97,22.31,21.95,29.51,17.89,15.7,53.33,42.62,19.83,19.67,45.9,20.33,24.37,41.32,
iter=57: 38.52,42.15,58.54,54.1,57.5,60,58.87,37.19,59.5,45.45,39.84,42.5,88.43,61.16,42.5,56.1,55,80.99,61.67,
after-iter:44.63,47.01,38.71,33.06,17.5,37.5,52.85,34.43,17.65,17.36,19.51,17.5,21.31,18.55,16.1,20.66,18.03,
before-iter:15.7,36.67,31.71,15,25.2,20,16.53,18.03,17.89,20.16,17.36,16.67,16.67,15.7,16.39,17.5,18.55,15.7,
iter=58: 40.16,48.33,38.52,39.84,39.67,52.03,82.35,86.99,44.72,39.02,37.82,80.33,83.06,63.93,61.98,68.85,60.66,63.64,80.8,58.82,78.33,
after-iter:79.03,80.99,40.5,32.5,30.33,37.4,30.83,20,30.83,47.11,50.42,23.39,33.61,46.28,31.71,26.67,27.27,36.59,
before-iter:22.69,63.2,75.83,79.51,50.41,37.5,54.92,66.94,29.51,21.67,37.1,85.95,92.74,97.46,95.04,96.69,89.26,
iter=59: 92.62,97.52,97.5,93.33,76.03,54.47,59.5,90.98,81.67,91.06,97.48,97.54,97.54,100,96.69,100,87.6,92.5,98.36,96.72,98.36,91.74,94.96,95.04,98.33,98.39,100,93.39,99.18,90.24,96.67,91.74,89.34,100,
after-iter:100,96.67,97.56,94.26,91.74,90.83,98.33,79.67,38.33,28.23,41.32,16.67,18.03,45.45,79.34,95.04,100,96.61,
before-iter:74.17,82.26,61.16,51.67,51.64,28.1,21.95,18.33,33.33,29.41,27.64,63.33,35.25,32.23,63.64,31.97,30.89,
iter=60: 40,57.02,73.33,42.98,53.66,44.72,55.83,52.89,90.98,100,89.26,85.25,82.64,87.1,93.33,77.69,84.55,90.83,93.39,92.62,56.67,58.2,52.03,46.67,
after-iter:50.41,48.78,21.01,24.19,36.67,35.48,34.17,18.18,52.85,29.75,39.67,34.43,44.63,41.46,48.33,23.14,22.31,
before-iter:31.4,52.85,54.47,35.25,42.02,27.64,17.36,19.67,31.67,40.16,29.75,27.87,28.1,38.84,38.84,27.5,25.83,
iter=61: 25.81,25,43.09,55,47.11,38.84,40.98,38.21,52.5,65.32,60.66,39.34,42.02,57.02,94.96,99.19,98.36,100,100,98.36,84.3,71.07,73.11,
after-iter:68.6,75.41,38.84,41.8,38.02,31.97,28.69,36.36,45.45,79.51,93.39,98.37,88.33,48.33,24.79,58.68,49.18,
before-iter:37.19,86.07,74.38,80,65.55,76.67,60.16,69.17,98.35,100,79.83,95,99.19,79.17,44.72,38.52,25.83,24.59,
iter=62: 31.97,78.86,99.18,94.21,85.25,98.32,100,98.36,83.61,92.56,93.44,97.46,89.26,92.68,85,100,77.5,90.32,76.23,75.41,100,100,100,100,99.18,100,99.17,100,100,100,87.7,97.5,100,100,100,100,96.64,100,99.16,92.56,91.13,75.42,
after-iter:77.42,76.67,53.72,30.58,75.61,69.17,30.89,42.62,41.53,40.8,40.17,26.02,19.67,16.1,18.7,23.14,27.27,
before-iter:21.14,50.41,25.42,37.7,47.9,31.97,93.33,96.69,95.04,75.41,27.27,75.63,38.52,43.33,33.87,25.41,26.23,
iter=63: 31.97,38.02,49.17,40.98,47.5,39.84,45.38,87.8,94.17,98.33,98.33,70.73,88.52,87.29,92.68,96.83,90.24,75.41,73.55,74.38,95.08,96.69,79.67,72.95,71.07,55.37,57.85,78.05,
after-iter:75,82.64,27.27,27.87,23.33,45.08,40.83,43.09,34.43,23.33,22.13,24.8,23.33,32.5,25,25.41,23.14,
before-iter:26.23,43.7,26.02,23.97,32.52,28.46,32.23,35.25,45.45,41.8,46.67,28,26.83,23.53,32.52,16.26,15.83,
iter=64: 21.77,30,37.5,37.4,39.17,38.84,40.5,46.28,46.72,39.67,39.34,42.28,56.56,40.5,44.72,42.86,43.09,
after-iter:45.08,42.98,19.17,17.5,18.03,16.39,17.21,17.36,16.67,17.36,25.41,23.97,49.18,65.57,72.73,33.61,42.15,
before-iter:36.36,42.98,64.23,23.58,18.33,16.26,21.95,16.53,40.16,36.89,28.93,26.02,26.61,75.21,39.02,28.1,22.5,17.74,
iter=65: 31.4,58.82,43.09,36.67,54.47,49.59,48.33,47.54,43.09,40.83,43.8,46.72,50.82,77.05,73.17,70.25,95.93,85.83,87.1,90.91,90,85.25,81.3,
after-iter:84.3,80.67,36.13,18.03,18.7,19.83,18.03,17.89,17.21,17.5,17.89,22.5,19.17,17.36,18.55,15.83,18.85,
before-iter:36.59,62.81,56.56,20.49,17.5,19.35,18.7,19.17,21.31,18.33,16.67,19.51,18.18,16.67,25.81,26.67,16.81,
iter=66: 17.74,22.76,40.83,40.65,42.86,39.67,39.67,43.44,39.5,39.67,52.42,41.67,42.15,44.35,46.28,45.38,45.53,
after-iter:52.46,52.07,29.51,18.03,17.65,21.31,17.74,25.62,15.13,16.26,18.55,17.21,15.7,18.85,17.89,17.5,28.46,
before-iter:16.26,20.66,30,22.95,22.58,18.18,31.15,17.89,17.5,19.51,16.39,22.31,32.79,31.4,28.57,30.33,30.33,62.3,
iter=67: 47.9,79.51,82.93,78.51,50.82,84.03,55.37,53.66,51.67,54.92,42.98,47.15,44.72,42.5,49.19,66.39,78.05,60.98,54.24,73.17,
after-iter:73.39,70,54.47,42.62,41.8,30.58,23.58,20.66,17.74,18.18,21.31,26.83,20.83,15.83,16.67,18.7,17.36,
before-iter:19.17,33.33,18.18,18.85,17.36,18.85,16.53,19.33,27.05,18.7,32.79,24.17,34.43,20.17,33.88,30.89,32.23,
iter=68: 22.31,33.88,57.5,50,57.85,38.02,47.15,48.76,40.32,46.22,38.52,68.85,60.5,50.4,51.26,62.9,65.83,60.83,64.23,
after-iter:46.28,43.44,39.67,32.23,34.71,17.5,17.74,15.97,44.26,17.5,14.88,19.51,45.9,44.26,46.67,33.88,28.1,
before-iter:18.85,49.58,17.89,24.39,40.98,31.36,33.61,25.2,33.88,34.43,29.75,32.23,17.36,33.88,32.26,35.54,38.84,
iter=69: 24.39,48.76,49.59,37.5,52.07,37.7,50.41,58.06,47.9,38.52,41.32,44.72,40.5,48.78,49.59,49.58,80.49,67.77,
after-iter:63.11,43.7,19.67,26.19,44.26,27.05,39.34,26.67,16.81,23.2,32.77,41.46,21.31,22.5,27.42,17.36,21.31,
before-iter:17.5,39.67,28.69,25.41,31.97,30,41.46,33.06,82.93,53.33,68.6,61.16,51.67,56.91,37.19,26.23,23.58,
iter=70: 28.93,30.58,44.63,40.16,39.34,45,42.98,41.8,41.32,66.12,78.05,83.47,86.07,90.98,60,57.72,60.83,86.99,94.17,99.16,92.56,78.86,78.51,89.08,86.29,
after-iter:79.17,44.63,33.61,26.61,26.83,22.5,19.33,26.98,21.49,16.26,20.34,16.67,28.46,24.17,56.67,34.43,52.1,
before-iter:70.49,92.56,52.85,95.04,61.67,22.95,34.96,19.67,33.61,34.43,20,24.19,51.69,94.26,43.44,97.52,54.92,51.64,
iter=71: 80.49,96.72,75.41,85,76.03,81.97,67.21,97.5,90.98,97.48,84.43,69.67,87.7,98.33,95,75.61,67.74,88.24,99.17,85.83,89.26,98.36,93.33,100,100,97.54,97.52,85.95,97.52,100,99.17,68.33,79.03,93.39,
after-iter:91.8,87.7,100,96.67,61.16,23.39,25,41.13,59.5,53.72,70.83,99.17,95.87,78.05,77.69,80,77.42,21.49,
before-iter:18.7,51.22,80,70,52.46,92.62,95.83,69.75,58.33,48.39,43.9,51.67,90.91,83.61,99.16,61.48,29.27,
iter=72: 63.11,67.5,56.56,52.03,99.17,100,93.33,53.23,81.82,83.87,63.33,40.5,57.14,90.76,99.17,63.64,100,70.83,96.72,89.08,100,99.17,92.56,77.05,80.17,92.06,66.39,65.29,
after-iter:65.32,59.02,37.5,20.33,47.5,95.12,30,32.23,99.16,43.9,31.71,22.69,18.85,42.62,31.15,26.61,42.86,42.86,
before-iter:40.32,85,66.39,93.5,29.51,66.67,56.2,92.68,59.02,24.79,40.5,36.89,28.93,45.97,31.97,77.31,93.44,
iter=73: 60,44.17,66.67,78.81,74.59,45.08,47.54,52.5,59.35,72.73,93.28,89.26,90.24,70,57.14,74.59,70.49,86.07,65.83,73.17,78.86,61.98,50,47.11,48.33,
after-iter:46.34,57.38,24.37,18.18,39.17,42.62,56.67,77.24,72.13,78.51,41.46,29.51,39.17,39.17,29.75,25.81,44.63,
before-iter:25.2,38.33,25.41,19.01,23.97,15.83,20.16,17.21,17.5,17.89,17.36,22.31,20.66,20.49,17.65,19.17,29.84,
iter=74: 18.18,31.4,61.29,60,50.85,38.1,67.8,45.9,39.02,39.67,50,51.24,74.8,62.81,92.62,68.85,85,75.61,62.3,47.54,47.9,
after-iter:55.83,45.97,48.76,39.67,43.55,43.44,45,31.4,64.46,95,97.52,89.26,63.41,100,99.17,76.03,74.8,77.5,
before-iter:57.5,80.33,87.6,95.93,68.85,88.14,90.91,36.89,95.9,96.67,81.15,73.17,79.67,97.46,90.24,55.65,36.67,
iter=75: 76.8,90,86.18,57.02,99.19,94.12,99.17,80.99,61.16,55.37,47.15,83.05,99.2,89.26,80.83,89.26,80.99,87.6,56.45,79.17,62.6,62.81,86.89,50,60.48,50.83,44.26,
after-iter:57.72,36.36,25.62,31.67,38.02,62.6,50.41,31.93,19.83,24.39,42.02,23.58,35,37.7,27.27,18.18,27.5,
before-iter:72.36,75.63,73.55,85.83,89.34,86.89,83.47,81.82,70.49,69.11,38.52,40,49.17,78.86,93.39,32.79,21.95,
iter=76: 15.83,30,39.84,38.52,40.34,37.1,41.32,44.63,37.19,38.33,36.97,41.94,59.66,63.93,100,100,96.67,92.68,100,95.9,93.28,97.56,100,71.07,
after-iter:49.17,44.17,22.69,18.7,16.53,17.21,15.13,19.35,20.66,16.53,16.26,16.39,17.21,22.95,20.83,20.33,16.81,
before-iter:19.83,53.72,66.13,65.83,33.88,97.52,73.98,86.07,81.15,83.33,47.62,95.73,62.3,79.34,64.71,36.36,74.59,100,
iter=77: 49.59,84.3,95.87,83.61,92.68,86.55,80.99,71.9,95.93,89.26,100,89.26,91.06,90.91,82.5,73.77,77.05,49.59,95.2,54.7,88.62,65.29,75.61,88.52,96.67,82.64,80.17,
after-iter:78.33,65.32,48.76,17.21,28.69,24.59,35,28.81,32.8,26.83,21.49,69.67,85.59,28.69,40.98,52.89,40.16,
before-iter:28.69,62.81,57.02,18.33,30.65,19.83,21.14,23.33,29.17,33.88,20.49,19.67,20.66,21.14,28.33,25.62,28,19.67,
iter=78: 21.01,43.44,40.5,40.98,53.28,39.34,39.67,38.84,40.5,39.84,53.28,72.13,69.75,82.79,67.21,51.24,55.83,54.92,
after-iter:49.17,44.72,21.49,18.18,21.6,22.31,29.75,33.61,33.61,29.17,23.39,26.45,23.97,30.08,26.05,37.9,31.4,
before-iter:28.33,54.47,26.23,24.79,36.89,31.4,20.49,22.31,24.79,18.18,20.33,18.49,24.19,17.36,22.5,21.49,24.8,
iter=79: 34.17,38.66,43.9,42.28,48.76,43.09,42.86,41.13,38.33,49.59,84.62,91.13,85,61.67,84.3,93.28,85.37,90.24,100,100,100,98.39,100,100,77.31,67.48,61.79,77.69,99.17,100,
after-iter:97.56,63.64,32.77,41.13,92.44,73.77,90.91,77.5,61.16,71.77,50.83,18.18,16.39,24.39,41.32,23.33,19.17,
before-iter:19.67,29.27,22.5,20.49,50,69.42,65.85,53.78,65.32,47.54,68.6,67.48,53.78,21.77,30,79.51,83.61,
iter=80: 63.93,54.62,45.9,53.33,83.33,84.75,76.23,74.38,98.32,82.11,63.41,57.85,65.29,73.73,87.6,92.68,93.28,70,56.56,65.83,77.69,92.5,78.51,52.07,86.07,
after-iter:92.74,54.7,82.93,62.81,55.74,89.34,32.23,19.01,60.33,43.09,24.59,30.25,22.76,23.14,44.26,80.99,95.04,79.67,
before-iter:75,70,69.35,45.97,33.61,41.32,25.6,25.83,37.4,34.96,19.01,33.06,31.71,33.61,21.67,25.62,37.4,
iter=81: 37.4,47.06,60.33,54.55,50.41,44.72,58.68,42.15,65.04,56.1,39.17,64.75,90.91,49.59,47.15,70.49,87.7,82.5,94.12,90.08,90.32,59.17,
after-iter:76.61,56.3,57.72,28.1,60.16,74.59,89.74,38.21,42.98,76.03,62.9,62.81,61.67,77.05,83.87,61.98,42.5,
before-iter:33.33,38.02,61.48,86.89,38.52,64.75,45,34.43,26.67,26.83,56.2,48.33,44.63,66.39,81.67,89.26,83.19,85.95,
iter=82: 93.33,100,96.67,92.68,79.34,89.34,80.49,61.98,89.08,87.9,61.79,94.12,99.17,86.07,52.5,52.89,47.97,53.28,82.5,58.2,60.83,50.41,48,92.56,
after-iter:99.15,80.33,73.98,51.64,97.52,74.38,64.75,45.38,40.5,21.31,21.31,47.15,95.04,40.98,33.88,62.9,70.83,
before-iter:53.28,73.55,78.05,89.08,59.5,76.23,75,97.58,31.93,54.03,41.67,38.52,30.89,46.67,58.33,29.27,31.09,23.33,
iter=83: 18.7,41.32,38.66,54.1,50.82,50.82,45,41.8,51.64,54.1,56.2,71.67,46.28,52.89,62.3,45,49.59,57.02,99.18,
after-iter:81.3,92.62,94.17,77.69,77.69,74.59,47.5,74.38,67.77,89.26,88.52,65.55,47.11,48.36,48.8,61.16,32.5,44.26,
before-iter:40.83,37.4,18.18,19.01,17.5,23.77,56.91,64.17,42.62,44.63,43.55,54.24,49.17,43.2,19.17,48.76,61.16,
iter=84: 45.08,61.48,55.83,39.17,37.9,36.67,39.02,36.67,37.5,39.34,52.03,46.28,40,47.11,46.67,62.3,71.31,72.13,
after-iter:73.33,69.42,50.41,59.84,75,62.18,76.03,59.02,80.17,21.31,18.03,18.18,56.67,53.23,49.17,31.67,38.52,46.34,
before-iter:46.28,62.3,26.83,43.33,35,39.34,54.55,61.6,54.17,49.59,65.04,76.23,76.61,84.43,79.51,76.67,64.46,
iter=85: 59.84,62.3,80,78.69,70.25,83.47,72.88,85.37,57.98,85.37,95.83,80.17,98.37,81.51,64.52,64.46,76.47,100,90,72.13,48.36,49.59,47.54,49.59,66.39,
after-iter:45.08,32.79,18.7,17.5,38.52,40.83,20.49,39.52,83.33,78.33,48.36,53.72,80.99,56.2,60.16,52.07,59.68,
before-iter:47.11,33.06,18.18,29.75,36.36,34.43,68.6,37.19,35.54,48.76,45.9,51.64,54.92,44.26,39.67,52.85,53.72,
iter=86: 95.87,97.52,94.21,56.2,37.1,48.76,49.17,43.9,45.45,39.17,39.67,45.53,39.67,58.2,78.51,86.89,79.84,95.49,86.78,63.41,54.17,71.31,62.5,97.56,100,100,90.91,
after-iter:86.07,66.94,77.87,47.5,67.48,53.66,19.33,17.21,38.21,32.23,44.72,66.94,96.64,76.03,51.61,24.17,18.03,16.67,
before-iter:19.51,34.17,19.35,16.81,17.89,16.67,18.85,19.67,23.14,42.15,37.1,25.21,36.89,38.02,71.9,61.98,43.7,
iter=87: 53.6,69.92,48.74,78.69,89.26,93.5,89.92,88.52,50.41,87.6,92.5,75.41,42.62,60.68,74.8,83.05,66.39,72.13,90.98,87.6,61.16,63.64,74.59,66.67,63.41,
after-iter:85.95,66.67,41.32,48.78,34.71,80.49,78.33,38.52,30.51,54.84,36.36,39.68,98.29,78.51,26.89,24.19,20.49,
before-iter:19.01,41.94,40.68,24.8,18.18,20.33,20.34,38.21,34.17,25,52.07,43.7,43.44,26.61,27.64,38.98,38.52,
iter=88: 59.02,42.98,50.41,75.41,96.67,50,81.51,52.89,58.68,66.12,65.32,61.48,50,68.6,42.5,40.83,70.73,63.64,60.98,75.83,83.2,76.27,
after-iter:74.59,70.4,40.5,29.17,59.02,33.33,30.08,22.13,26.45,57.85,65.29,36.89,39.17,42.15,37.19,34.68,47.9,
before-iter:50.82,57.26,69.42,52.07,31.97,41.8,39.84,30.25,30.83,61.02,62.6,30.4,25,53.66,63.33,41.46,20.66,
iter=89: 28.46,34.17,72.13,70,61.48,45.9,50.41,55.37,39.17,41.46,48.33,52.46,80.99,82.64,79.83,71.54,77.69,91.06,85,74.59,91.6,81.67,84.55,73.77,
after-iter:79.83,42.28,26.02,41.67,33.06,20.66,23.14,52.8,55,78.69,88.98,91.2,66.94,32.5,38.52,42.98,71.07,
before-iter:43.9,45.45,42.98,56.56,28.1,81.3,64.17,84.68,43.33,39.52,51.24,36.36,73.55,59.84,54.62,36.89,32.23,
iter=90: 25.41,34.43,55.74,67.5,49.59,59.17,41.46,50.82,41.67,39.52,60.34,48.39,66.12,72.8,53.72,56.56,44.63,66.12,46.67,
after-iter:47.11,44.26,20.16,25.62,19.83,18.18,18.18,17.21,18.7,17.5,28.46,31.15,32.52,17.21,19.33,45.16,47.15,
before-iter:63.87,75.61,86.89,63.33,42.5,58.68,48.33,44.26,31.45,47.93,40,43.09,32.52,40.98,62.18,40.32,30.65,18.18,
iter=91: 19.17,54.03,36.36,38.02,41.32,43.44,46.28,41.46,40.98,42.02,49.19,47.5,42.15,51.24,76.23,42.5,63.11,51.22,48.36,50,
after-iter:43.33,31.97,19.51,18.7,28.57,20.33,17.36,23.33,22.58,21.01,21.49,20.8,18.49,16.81,20,17.07,20.17,
before-iter:25.81,33.06,22.31,16.67,19.01,28.23,28.57,17.5,17.6,19.83,23.33,32.52,31.71,25.21,43.9,100,66.94,
iter=92: 32.79,54.1,51.67,52.42,50.83,50.83,46.28,38.52,50.85,40.65,52.07,54.47,57.72,68.07,55.65,55.37,46.34,87.8,95.8,79.03,
after-iter:95.12,59.66,97.58,80.83,76.42,62.6,70.59,53.23,76.03,60,48.76,76.42,84.17,96.67,93.39,75.81,55,43.9,
before-iter:16.1,29.27,24.59,17.07,15.83,17.21,18.85,17.5,18.18,20.16,15.25,17.6,16.53,17.21,15.13,25.2,28.1,
iter=93: 18.03,23.97,41.46,36.67,37.7,39.02,38.02,61.16,95.93,79.34,78.51,73.33,86.18,77.05,86.29,69.42,74.79,90.91,94.26,71.43,56.56,76.23,62.3,70.83,
after-iter:77.87,75,49.59,76.47,34.96,54.55,59.5,84.55,61.67,100,56.56,62.18,45.45,94.21,49.58,23.97,17.89,15.13,
before-iter:19.01,34.15,17.65,17.89,15.83,16.94,18.18,14.29,16.94,16.39,18.85,40.83,31.09,27.42,21.49,18.7,28.1,
iter=94: 22.13,39.67,38.52,40.83,40.83,37.7,36.89,47.54,56.2,42.15,44.72,46.67,57.38,53.72,48.78,45.9,45.45,
after-iter:65,44.63,49.18,39.84,52.46,31.09,34.71,24.19,21.31,20,31.15,32.77,33.33,21.49,33.06,36.97,29.75,
before-iter:34.96,26.89,51.22,23.97,27.42,33.33,22.95,19.51,33.88,18.18,19.01,24.79,58.68,77.69,73.55,75.41,77.69,31.4,
iter=95: 31.71,58.2,38.52,39.67,47.11,46.28,51.22,68.85,61.67,57.38,50.83,62.6,55,67.21,57.85,54.55,60.33,68.6,82.64,97.58,100,98.33,87.6,
after-iter:94.02,82.26,95.87,56.2,99.17,79.34,45.45,43.8,57.85,47.11,53.28,50.41,42.02,36.29,22.13,60.17,51.61,41.32,
before-iter:38.52,61.29,28.57,26.83,65.29,83.74,95,95,59.5,78.86,67.8,57.02,31.15,17.5,24.19,17.07,16.67,
iter=96: 19.83,24.79,50,46.34,50.41,66.67,58.33,72.95,94.21,77.69,61.48,60.33,60.33,61.16,61.98,55.37,78.15,68.03,45.16,48.36,48.76,
after-iter:49.59,36.67,19.51,19.83,24.39,19.01,22.95,26.45,22.95,19.83,45,48.78,37.5,41.13,39.17,23.58,36.07,
before-iter:46.34,39.67,36.36,42.98,40.16,22.31,35.25,26.23,39.67,31.15,52.5,70,46.72,48,29.75,29.41,23.77,
iter=97: 35.25,76.27,43.8,37.7,58.68,60,75.41,71.54,69.42,50,50,39.34,41.32,57.38,72.03,69.11,61.98,84.68,93.33,49.59,52.89,95.2,
after-iter:95.8,68.6,30.33,45.45,36.89,25.21,41.46,36.97,52.46,49.6,22.5,44.35,31.93,43.8,80.99,99.17,64.23,
before-iter:59.66,66.39,68.03,29.27,38.66,47.15,39.02,21.49,21.49,17.21,26.89,19.67,17.36,15.7,25.83,24.39,18.7,17.09,
iter=98: 17.36,40.8,45.83,45.08,40.98,42.02,41.8,40.98,41.67,39.2,43.7,42.74,40.98,45.38,46.72,48.76,46.77,
after-iter:51.67,59.35,43.8,35.25,22.31,20.33,18.33,27.87,53.66,48,54.17,68.85,79.34,50.41,37.7,28.93,18.18,
before-iter:19.67,43.09,27.87,17.36,19.67,21.14,19.01,18.85,20.66,19.51,19.01,23.14,18.7,18.55,33.05,39.02,33.06,
iter=99: 30.33,42.62,40.5,39.83,45.08,44.07,39.84,39.67,59.02,52.89,52.89,54.1,41.8,41.8,57.72,86.99,60,70.49,61.98,61.67,
after-iter:73.77,80.99,51.22,65.57,33.61,54.92,58.33,36.07,19.17,31.67,23.14,31.4,63.93,27.27,54.55,73.55,63.33,
before-iter:93.39,81.45,46.28,68.29,65.04,78.86,37.5,49.18,81.97,75.41,69.35,36.97,96.69,65.04,31.09,
iter=0: 20.16,22.13,41.8,37.7,55.46,43.44,40.65,44.26,37.5,38.52,43.33,47.11,46.28,64.23,78.69,55.74,55,50.43,45.24,44.26,
after-iter:55.28,34.45,23.58,15,18.7,18.7,16.39,17.21,18.55,18.85,24.37,26.02,20.49,16.39,18.03,19.01,16.39,
before-iter:18.03,33.61,19.01,17.36,16.26,16.67,30,21.01,17.21,18.4,24.79,21.14,17.65,26.23,24,20.66,18.18,
iter=1: 18.33,38.4,42.5,39.34,39.34,41.32,52.42,87.39,64.23,42.15,57.85,69.92,79.34,56.2,58.33,60.33,90.16,73.77,68.85,51.24,84.43,
after-iter:55.83,75,63.11,38.14,42.28,47.5,40.65,60.66,76.86,38.33,46.61,45.16,32.5,52.89,25.83,48.78,47.97,65.57,
before-iter:40.5,78.15,32.26,30.58,53.28,52.89,27.97,47.97,63.93,47.9,48.33,82.93,58.73,41.67,34.43,50.41,64.75,
iter=2: 56.91,55.56,59.66,53.23,41.18,45.6,89.26,57.85,49.59,44.54,41.8,45.45,54.55,50.42,55.65,56.91,75.21,56.67,80.33,59.84,52.07,
after-iter:57.5,62.9,27.05,21.01,24.59,48.78,35.25,56.67,35.25,21.01,24.39,15.7,17.21,16.67,18.7,16.53,27.27,
before-iter:17.6,39.5,40.98,33.06,22.13,33.06,32.79,22.31,17.89,23.33,52.03,54.03,46.67,75.61,45,23.77,58.2,
iter=3: 36.07,63.33,85.37,55.74,51.24,49.59,52.07,46.67,46.34,51.22,68.29,53.72,69.17,44.17,41.46,44.26,53.33,81.45,62.81,
after-iter:45.45,44.63,28.69,27.5,36.89,43.55,30.58,26.23,67.77,43.8,36.59,19.01,18.7,27.5,16.53,20.16,30.77,60.98,
before-iter:23.58,38.02,61.98,70.25,58.54,64.75,58.68,58.68,76.23,62.9,63.64,41.32,42.98,41.32,25,24.58,19.51,
iter=4: 17.21,40.5,37.9,38.84,47.97,55.46,49.18,47.9,39.84,50.81,49.59,53.28,45.08,58.68,81.97,61.79,61.98,66.39,67.2,
after-iter:48.31,68.8,63.87,28.93,28.57,43.9,27.87,28.23,26.67,34.96,63.03,36.59,56.2,20,18.85,23.14,30.33,
before-iter:61.16,38.84,53.28,24.19,28.33,21.14,16.81,16.39,17.89,18.03,18.85,19.83,42.28,36.89,40.34,29.03,46.72,59.02,
iter=5: 40,74.8,78.69,90,72.36,42.98,44.54,83.61,68.07,43.55,37.19,38.33,40.16,41.46,52.5,65.04,83.47,77.05,83.74,68.33,87.6,74.8,87.39,71.31,
after-iter:87.1,83.33,55.65,52.5,38.84,62.3,35.54,82.79,47.11,43.8,47.11,43.33,80,64.75,35.48,42.74,32.52,
before-iter:34.15,44.72,32.23,18.18,17.36,18.03,17.21,17.36,17.89,17.21,29.41,18.85,19.51,32.77,22.13,26.83,22.03,23.39,
iter=6: 23.77,42.15,82.79,73.55,88.52,46.72,41.13,38.52,44.63,55.74,53.28,38.33,43.55,42.5,53.28,68.6,54.1,76.03,54.92,50.82,
after-iter:66.12,45.53,37.29,27.64,23.14,31.71,25.2,40.34,37.6,36.67,31.97,40.83,34.15,21.14,35.29,29.17,24,
before-iter:32.5,52.07,35.54,90.24,57.98,63.93,66.94,43.9,44.54,39.34,48.39,48.39,45.45,36.67,16.53,22.76,23.58,
iter=7: 18.85,34.45,45.83,43.9,43.33,40.83,40,37.9,38.33,39.17,41.32,46.72,59.02,50.82,57.72,65.29,54.1,
after-iter:47.11,61.98,41.67,38.71,32.79,48.74,38.33,48.76,45.6,34.71,57.72,49.59,23.14,41.32,21.31,18.03,17.36,17.89,
before-iter:18.85,33.61,21.95,24.39,16.39,23.77,29.75,39.34,31.71,36.13,63.49,92.31,73.77,82.2,70.73,77.24,95.83,
iter=8: 72.13,98.35,87.39,73.33,38.02,64.23,54.47,48.74,50.81,42.98,53.72,42.62,40.32,41.18,40.65,49.17,43.44,55.37,45.9,
after-iter:49.18,71.07,48.41,48.31,42.62,38.02,22.31,15.7,21.77,31.97,43.44,24.79,26.23,21.31,15.13,19.35,15.57,
before-iter:17.21,23.33,41.6,49.17,51.61,35.83,44.26,21.49,17.36,16.81,19.35,18.85,15.13,19.51,24.79,18.85,21.31,
iter=9: 17.21,20,40.65,39.67,40.83,50,61.98,38.02,39.02,50,37.5,59.84,59.02,40.16,60.66,43.44,42.98,55.28,
after-iter:45.76,41.8,24.39,17.5,18.7,16.53,29.27,19.01,36.36,23.58,19.01,31.67,36.89,23.77,27.05,23.97,28.46,
before-iter:29.17,44.63,46.28,29.17,42.15,58.2,85.83,22.95,30.58,43.09,23.58,25.83,19.33,17.89,17.5,21.6,17.5,
iter=10: 16.39,40.16,49.18,49.17,72.13,55.28,56.67,38.52,53.28,40.16,52.46,50.41,56.56,55,47.11,65.57,68.03,63.41,57.63,50.4,
after-iter:54.92,80,87.1,100,99.18,76.23,100,84.68,31.67,22.31,26.45,20.66,39.02,22.13,23.77,17.21,35.54,
before-iter:39.84,35.83,26.83,26.23,34.15,51.24,17.65,41.94,44.26,35,16.81,19.51,18.7,19.17,18.33,23.39,15.7,
iter=11: 29.27,26.23,41.32,42.62,41.67,41.13,59.02,59.02,49.17,45.45,42.15,40.98,74.17,78.4,70.25,97.5,98.32,87.8,100,92.62,95.87,61.98,80.17,78.51,74.59,
after-iter:73.17,82.64,34.43,31.4,33.33,36.67,41.8,48.78,46.34,38.84,46.67,28.93,48.36,61.16,47.54,33.61,30.08,
before-iter:57.14,57.85,87.6,59.84,81.82,64.75,82.64,44.17,84.68,70.25,73.55,40.5,45.53,57.72,51.24,40.83,40.65,44.63,
iter=12: 44.26,47.5,82.93,74.38,60.48,81.82,69.42,48.36,52.46,46.72,40.98,46.67,61.9,48.74,54.03,83.61,86.78,68.03,48.36,63.11,66.12,79.51,
after-iter:51.67,58.06,53.66,27.05,40.83,67.48,39.83,33.61,55.28,57.85,48.33,57.85,68.55,76.27,61.79,70.83,61.79,
before-iter:73.77,86.07,62.5,57.26,61.16,69.17,90.91,82.11,80.67,97.56,75.61,93.33,90.91,87.8,84.43,66.39,43.44,
iter=13: 47.54,58.68,71.54,46.67,50,70.16,41.46,53.78,76.03,85.37,79.17,42.98,69.92,81.82,90,81.45,78.99,88.62,86.55,90.91,89.26,77.42,100,100,96.72,99.16,82.79,71.31,84.43,
after-iter:51.22,40.83,25.62,31.71,38.66,50.41,42.98,33.61,34.45,22.76,36.59,30,44.72,61.16,46.34,41.67,26.45,
before-iter:30,82.93,46.67,23.97,34.4,18.49,23.77,37.19,42.98,35.25,35.54,32.26,30.25,30.83,27.42,27.5,28.69,
iter=14: 26.67,35,65,72.13,67.5,38.52,65.57,80.83,63.41,47.11,39.34,63.64,49.59,43.44,58.54,68.33,69.17,73.77,51.67,58.54,47.9,
after-iter:46.77,62.3,30.58,20.83,17.74,23.77,29.75,21.14,17.5,24.59,28.69,18.7,16.81,18.85,18.33,17.21,17.65,
before-iter:20.33,31.15,27.27,62.6,56.91,52.07,19.01,47.15,80,19.83,44.72,55.37,42.02,34.45,49.59,43.09,23.97,
iter=15: 51.67,32.79,42.98,66.95,73.98,58.68,51.64,61.67,44.72,47.11,43.9,37.7,48.36,76.47,68.6,70.25,86.89,93.44,99.17,86.07,72.95,52.5,81.82,
after-iter:95.87,62.6,29.75,19.83,28.46,18.03,16.67,21.14,20.49,17.89,16.95,18.85,23.97,23.14,17.07,26.05,30.33,
before-iter:22.31,35.25,27.87,19.51,17.89,16.1,17.74,15.13,18.7,16.67,17.74,16.81,18.7,27.73,21.77,22.95,20,
iter=16: 18.85,27.64,40.16,38.33,43.9,36.07,38.21,38.21,37.19,36.89,36.97,42.74,50.41,47.15,53.66,47.9,45.16,44.63,
after-iter:61.16,39.84,21.95,38.52,33.88,28.33,24.8,29.17,28.69,67.77,54.62,30.83,28.46,72.58,45.45,33.61,26.05,
before-iter:24.59,47.93,61.48,38.21,28.1,23.97,97.58,100,73.98,78.86,65.29,44.63,84.17,74.17,57.72,65.57,71.67,
iter=17: 34.43,36.59,39.67,48.36,38.84,39.02,45.83,43.8,39.67,42.98,51.22,46.28,52.03,46.72,47.15,45.9,50.41,
after-iter:46.28,42.98,30.33,18.85,20.66,22.76,21.95,26.45,33.33,35.59,32.26,49.18,82.64,38.21,30.33,23.58,36.89,23.73,
before-iter:38.71,44.17,41.67,32.79,32.5,30.65,50,22.5,36.59,30.58,31.67,36.59,23.39,30.58,29.75,62.18,75.2,
iter=18: 62.81,47.54,39.34,48.31,63.64,58.68,49.6,79.83,67.48,58.2,45.38,40.16,43.8,63.56,76.42,76.86,70.49,83.19,60.66,60.83,
after-iter:60.8,68.64,58.87,33.88,19.01,20.49,21.14,39.02,17.5,27.05,25.2,21.14,33.88,28.1,19.67,27.05,20.66,18.7,
before-iter:19.01,31.71,17.36,17.07,35.77,23.97,21.31,18.33,19.35,18.18,19.83,19.67,18.7,25.2,18.18,40.83,33.87,
iter=19: 33.33,63.64,64.52,57.98,54.55,49.59,66.12,58.2,45.45,38.02,37.5,55.74,52.85,68.07,50.41,75.83,76.23,49.15,62.1,66.94,
after-iter:75.21,65.04,30.83,18.33,28.69,36.07,23.77,19.67,33.06,29.51,33.33,47.54,43.55,36.07,85.71,76.03,31.97,26.23,
before-iter:77.05,100,67.5,32.79,38.84,48.36,53.72,34.68,25.41,26.45,18.18,22.95,29.51,30.33,54.55,39.84,18.85,31.09,
iter=20: 28.69,70.97,57.85,65.55,48.33,45.97,55,57.72,47.54,47.93,55.37,71.9,62.81,52.94,59.68,91.74,69.92,98.33,94.21,53.66,68.6,60.16,
after-iter:81.36,75,45,21.67,26.83,28.57,20.97,15.13,26.61,19.83,18.85,22.88,25.41,31.97,23.97,55.28,47.06,
before-iter:18.7,38.84,30.33,29.51,25.41,20.66,21.14,27.27,17.8,19.51,16.67,18.7,23.58,37.5,26.45,38.21,35.83,19.35,
iter=21: 20.66,43.09,36.97,39.34,38.02,47.15,44.26,40,36.36,40.5,39.67,42.62,39.84,45.83,43.44,43.2,45.38,
after-iter:42.98,30.89,16.53,18.03,17.36,18.18,16.67,19.2,27.27,23.73,17.6,17.21,16.67,16.39,31.71,16.67,24.59,
before-iter:19.51,32.79,26.67,28.46,50,39.67,44.26,38.84,45.97,29.66,23.58,31.4,22.13,16.94,21.67,58.54,39.34,
iter=22: 36.67,48.76,53.72,61.79,55.37,51.22,65.55,68.29,68.6,49.21,61.54,61.48,65.57,57.38,57.14,83.61,94.4,71.67,57.02,59.84,63.33,
after-iter:54.1,61.16,33.33,18.18,17.21,17.36,17.5,18.03,16.67,17.21,18.7,16.67,24.79,20.49,20.49,18.03,26.61,
before-iter:19.01,33.61,17.21,16.53,17.21,17.21,17.36,19.35,16.67,28.46,30.58,17.5,17.07,18.18,16.53,23.33,22.95,
iter=23: 33.87,36.13,53.72,54.1,55.37,55.83,51.24,40.16,61.98,66.39,46.28,54.55,42.98,52.07,66.67,44.63,46.4,47.9,76.86,
after-iter:77.5,68.03,23.77,19.67,16.81,22.76,22.4,19.83,17.36,17.89,21.67,21.31,18.03,28.33,17.36,18.7,23.97,
before-iter:19.51,31.71,28.93,19.83,17.5,18.03,19.01,15.7,17.5,17.36,19.01,15.97,20.16,19.35,20.17,15.83,23.58,
iter=24: 16.67,23.97,45.45,40.16,38.02,42.98,42.28,38.52,39.67,38.52,38.21,38.46,41.8,40.16,47.93,45.53,45.83,
after-iter:42.15,43.33,27.87,16.53,17.5,18.85,18.03,17.36,23.97,20.49,19.51,15.83,29.03,17.07,18.18,18.85,15,
before-iter:17.89,20.49,30.33,17.89,18.33,18.18,16.53,17.89,17.21,17.21,17.21,26.45,20.8,19.17,15.83,18.03,15.7,17.36,
iter=25: 21.95,42.15,36.97,48.36,61.43,60.83,41.8,38.84,38.02,40.32,47.9,40.65,46.28,67.21,45.9,45.45,42.15,
after-iter:42.98,40.16,22.95,17.65,17.74,18.85,16.67,19.67,19.17,17.21,27.87,18.85,35.83,15.83,17.21,17.07,24.59,
before-iter:20.49,33.33,22.76,35.25,16.67,17.89,18.33,15.7,19.01,31.67,49.59,34.96,82.93,45.9,90,26.45,66.12,
iter=26: 55.74,54.1,99.17,93.55,68.33,50,90.16,73.11,43.2,46.72,64.17,58.68,90.91,92.56,93.44,86.07,77.69,61.98,79.51,82.35,92.56,47.06,56.91,81.67,51.64,95.9,
after-iter:94.12,93.5,56.91,90,90.16,75,88.43,85,86.29,94.26,55.74,78.51,50.41,44.63,23.33,43.44,86.55,84.68,
before-iter:48.76,55.83,35.77,31.15,22.13,50,27.87,31.97,20.49,42.86,80.17,71.07,87.6,92.5,31.97,50.41,90.24,
iter=27: 30,92.68,81.97,74.17,67.5,46.34,63.33,52.03,59.17,46.72,68.6,57.85,67.48,61.98,52.46,86.18,65.83,71.31,84.03,100,95.9,95.04,88.8,96.67,100,82.35,80.83,62.6,
after-iter:50.82,47.11,19.01,16.67,20.97,31.15,22.5,31.45,32.52,36.13,43.55,29.75,31.15,26.23,27.87,17.21,20,
before-iter:18.4,36.13,20.33,17.21,35.77,23.97,19.67,29.41,88.71,32.5,60.33,50.41,34.17,29.84,34.71,36.36,30.58,
iter=28: 36.36,52,55.46,61.48,55,46.28,38.84,69.67,94.17,100,73.17,80.33,70.09,49.6,45,58.68,62.1,92.68,85.83,99.19,67.8,81.15,61.34,60.16,98.33,98.36,
after-iter:88.43,84.43,68.03,50.85,27.42,47.11,59.17,63.41,50.82,54.55,39.34,75.61,35.54,83.47,25.21,91.87,42.98,
before-iter:80.33,60.33,39.17,51.61,28.69,24.17,18.7,21.49,17.89,22.95,16.67,29.84,38.14,50.41,46.34,52.1,72.36,
iter=29: 68.33,49.18,88.52,71.9,63.56,80.33,69.35,52.94,96.75,52.5,93.39,90,97.56,78.33,77.05,71.9,99.15,81.82,92.68,100,93.39,82.64,75.21,90.83,70.16,94.31,63.33,45.45,43.44,74.79,
after-iter:85.37,79.51,57.02,51.64,51.64,32.79,73.33,28.69,77.05,50.81,34.45,75.41,30,46.72,43.55,61.02,54.92,
before-iter:39.02,48.76,97.56,42.62,25.21,75.63,44.72,87.1,44.54,40.5,59.84,77.05,75.41,32.79,25.21,33.6,18.03,18.33,
iter=30: 17.5,61.29,67.5,40.98,38.33,41.13,57.85,50,49.59,37.7,42.15,57.72,68.91,60.33,71.31,78.33,80.99,81.15,60.98,49.59,52.07,
after-iter:53.72,73.55,76.61,46.28,70,59.35,97.5,88.52,100,91.67,71.54,56.67,52.46,94.21,33.61,34.71,49.19,
before-iter:38.33,45.45,44.26,43.8,41.8,44.07,33.06,37.5,38.52,43.8,33.06,29.51,26.67,53.72,48.36,61.79,40.5,
iter=31: 60.66,44.63,61.29,68.91,60,82.11,80.83,94.21,49.18,41.67,63.93,49.18,45,40.98,42.28,43.09,55.74,76.86,65.57,60.66,58.68,47.97,48.76,
after-iter:60.16,46.67,28.46,15.57,21.31,16.39,21.31,29.51,69.17,36.59,37.5,73.33,50,80.67,67.77,65.29,53.28,
before-iter:87.5,51.64,69.67,42.02,55.65,35.25,58.2,65,47.11,46.72,56.1,66.39,65,78.69,55.28,47.54,96.75,
iter=32: 61.86,66.12,68.85,100,75.83,60.66,80.33,95.08,88.43,86.67,76.23,46.28,94.17,85.95,95.04,60.5,75.41,84.43,88.43,68.85,46.72,94.07,76.23,62.5,58.54,69.11,55.37,
after-iter:53.33,81.6,40.83,23.14,36.07,25.41,24.79,22.76,35.54,52.46,56.67,54.03,38.84,42.15,90.24,73.55,66.67,
before-iter:48.78,29.27,47.9,19.67,42.62,38.33,24.39,21.14,17.5,18.85,29.27,19.33,17.89,18.55,17.5,20.49,26.89,38.84,
iter=33: 26.45,52.03,39.84,57.5,57.72,40.5,68.85,43.9,51.67,41.32,58.54,55.93,55.74,54.1,54.17,79.67,69.17,58.68,52.85,56.56,
after-iter:56.91,90,96.72,38.84,24.79,25.41,57.02,44.17,33.61,30.33,34.71,26.83,30.65,27.27,18.33,62.81,44.26,40.16,
before-iter:32.79,41.8,31.09,20.66,23.2,21.67,78.69,57.5,82.79,28.33,50.41,61.48,65,47.11,100,72.13,39.17,38.21,
iter=34: 71.9,70,40.16,67.21,95.04,74.59,50.82,65.29,69.92,59.68,42.15,68.33,99.19,90.91,63.33,61.16,63.41,85,77.69,63.11,84.3,84.17,80.83,98.36,99.17,98.36,97.5,97.54,100,81.6,
after-iter:75.63,65.57,30.58,24.19,24.17,84.43,73.95,81.82,50.83,46.77,20.83,29.17,18.7,23.14,21.31,19.51,19.01,
before-iter:18.18,23.97,27.05,19.83,26.23,23.14,40.65,26.27,22.58,19.01,20.83,34.68,23.33,24.79,20.16,20.17,24.58,
iter=35: 17.21,25.2,41.32,42.06,37.82,52.5,58.68,55,49.19,48.76,44.26,51.64,41.32,40.83,68.29,52.07,52.85,44.17,42.62,
after-iter:55.74,34.17,20.97,21.31,18.18,15.13,16.39,20.33,16.1,17.21,22.13,17.21,19.01,18.03,16.81,18.03,17.74,
before-iter:19.67,41.67,18.03,24.79,22.31,26.23,60.33,59.84,37.19,18.7,18.7,18.33,21.95,26.67,30,30.33,22.31,
iter=36: 17.5,37.7,39.52,48.76,43.44,40.16,47.9,43.7,39.34,40.16,38.33,42.62,42.74,60.66,60.77,47.15,43.8,44.26,44.72,
after-iter:45.9,42.98,25,27.05,23.58,36.97,45.08,28.33,21.95,17.36,21.95,40.16,51.26,78.86,79.34,88.33,42.86,
before-iter:23.58,40.65,43.8,27.87,19.83,18.03,19.51,17.89,16.53,24.79,20.49,16.53,19.05,15.7,17.5,17.36,20.49,16.94,
iter=37: 20.66,40.83,37.7,40.65,39.84,38.33,41.13,37.82,48.78,59.66,58.2,76.23,85.95,64.46,70.73,88.33,100,95.76,50,64.23,76.27,57.26,
after-iter:58.2,41.46,23.93,41.46,80.33,19.17,19.35,21.19,38.4,40,40.83,31.71,23.14,33.88,43.8,28.69,26.23,
before-iter:33.33,37.7,30.08,32.5,26.02,19.83,25.41,24.79,22.95,20.16,19.17,18.03,25.41,19.67,20.49,17.36,21.14,
iter=38: 18.85,35,44.72,57.02,59.02,47.54,81.67,69.42,50,47.11,50,42.5,71.31,81.36,72.36,86.78,96.69,87.39,79.51,79.17,75.81,69.42,72.88,
after-iter:86.07,95.93,81.67,51.22,54.1,42.98,47.93,47.97,43.44,36.89,69.92,24.17,38.84,39.34,28.93,71.77,43.33,83.47,
before-iter:81.67,76.42,60.5,76.67,42.5,54.1,42.15,36.36,34.43,65.29,37.9,40.5,27.12,34.96,80.49,67.23,50.83,
iter=39: 53.28,52.07,86.99,96.72,88.52,93.5,47.93,59.84,77.87,93.33,75.81,53.72,49.59,54.55,59.84,63.64,80,75,80.33,70.73,64.46,59.5,44.35,45.53,
after-iter:44.54,46.34,57.02,44.63,48.36,39.02,23.14,17.21,20.66,17.5,45,41.8,38.02,35.77,46.28,51.67,40,
before-iter:23.33,37.4,68.6,42.62,38.02,80.99,45.9,30.33,26.67,21.49,18.85,20.49,66.12,72.13,34.71,47.93,66.39,60.83,
iter=40: 42.15,69.67,81.82,74.8,45.08,49.59,95.04,98.32,100,76.42,54.03,53.78,59.02,72.13,55,96.69,93.5,96.64,73.77,74.8,67.21,54.84,85.71,66.13,46.67,
after-iter:53.28,90,85.95,61.29,29.51,42.62,46.22,30,33.06,84.17,34.71,30.65,86.67,95.87,41.46,44.54,35.77,30,
before-iter:45,47.93,49.59,56.56,29.17,47.97,40.83,24.37,43.9,37.5,29.51,60.83,54.55,47.9,25.2,56.2,66.39,
iter=41: 59.84,36.07,52.46,44.63,54.55,95.08,61.79,49.18,59.5,60,42.28,36.89,39.67,41.46,41.8,55.74,42.98,62.81,100,99.18,93.44,68.91,
after-iter:98.37,88.62,68.6,22.5,35.77,37.7,42.98,31.15,35.29,44.63,71.54,43.7,35.25,42.62,40.16,29.27,25.62,23.97,
before-iter:49.18,95.87,55.74,28.93,21.95,23.14,62.3,80.67,41.32,32.26,20.83,25.62,84.3,39.84,30.89,34.71,38.66,
iter=42: 29.51,40,46.72,49.59,78.51,85.25,58.68,45.45,64.52,87.5,100,67.21,39.67,39.02,55.83,45,47.93,63.11,54.92,44.07,
after-iter:54.47,48.76,32.23,34.43,19.67,34.96,35.29,36,20,43.9,60.33,46.72,44.72,88.33,56.67,91.06,88.62,
before-iter:57.85,48.36,42.98,26.4,22.03,43.09,41.67,25.81,35.29,25.2,38.52,51.67,59.35,69.42,29.51,18.85,19.51,20.17,
iter=43: 45.45,50.81,40.34,49.59,45.08,47.58,61.02,47.97,40.65,59.83,40.16,40.83,43.2,55.46,58.87,75,72.36,60.48,52.89,47.15,
after-iter:61.67,47.93,28.23,19.83,36.36,30.33,23.58,17.21,20.49,23.33,25,34.43,24.79,36.59,23.58,34.71,25.83,
before-iter:35.48,30.58,42.62,20.49,39.84,42.98,37.82,17.65,24.19,22.95,17.5,17.89,25.21,51.61,20.66,17.21,56.1,63.33,
iter=44: 85,83.47,45.83,45.45,53.28,38.71,61.67,52.07,38.21,39.17,48.36,54.92,54.92,43.7,48.78,53.72,50.42,65.83,
after-iter:50,35.54,16.53,17.21,15.97,16.39,16.53,17.21,18.7,18.18,17.21,18.85,30.83,37.5,38.84,33.61,25.81,
before-iter:42.62,60.16,94.26,86.67,43.7,30.65,36.89,47.06,23.58,19.17,18.7,16.81,18.55,15,19.35,24.79,20.33,
iter=45: 16.39,31.09,40,36.97,45.45,40.5,38.84,38.84,38.66,38.71,39.5,40.5,40.98,69.92,47.5,46.72,45.45,
after-iter:44.63,56.2,35.48,23.97,17.36,18.18,18.85,18.18,25,51.22,54.92,35.25,39.5,34.71,28.23,34.71,26.45,40.5,
before-iter:21.6,63.64,23.77,46.72,48.36,30.33,18.33,19.51,19.67,19.67,19.01,19.17,18.7,39.67,24.59,26.67,28.93,
iter=46: 52.46,72.73,55.83,41.32,47.06,61.79,60.33,43.44,44.63,51.22,65.57,39.5,62.1,75.42,85.6,81.82,82.79,61.79,65,58.06,58.82,71.31,
after-iter:75,70.49,43.33,45.16,47.06,56.56,74.59,36.13,59.84,27.64,31.15,36.07,36.97,37.7,20.33,17.21,17.36,19.67,
before-iter:19.83,32.26,17.5,20.33,28.93,36.89,82.79,78.33,66.94,64.46,56.56,57.98,72.13,66.67,67.77,24.17,68.8,
iter=47: 22.31,94.07,100,98.37,57.72,44.07,49.18,39.17,69.42,50.82,75,63.64,51.24,57.85,42.4,45,77.31,49.19,64.17,64.46,62.6,
after-iter:52.5,44.17,21.14,67.21,40.5,17.5,19.01,35.54,43.09,30.33,27.97,27.87,37.5,33.33,42.15,45.38,86.18,
before-iter:84.17,83.61,39.02,18.33,23.97,25.83,18.03,41.46,41.8,23.73,39.67,34.96,31.97,26.67,29.75,23.39,19.17,16.95,
iter=48: 38.71,46.28,48.74,50,62.3,78.99,54.92,46.67,43.09,40.83,39.84,40.98,50.41,52.03,54.1,53.33,46.34,46.72,
after-iter:46.67,45.08,20.66,18.85,18.33,19.83,45.9,35.77,35,47.5,26.02,19.01,21.49,52,49.59,26.67,18.03,
before-iter:41.8,47.58,44.63,35.25,43.09,35.59,34.71,40,20.33,19.83,16.39,19.67,19.67,19.51,18.03,17.5,18.85,49.59,
iter=49: 41.13,57.5,47.15,44.17,38.21,41.67,42.5,40.16,36.89,40.5,42.62,63.33,54.84,42.15,71.9,75,74.59,77.69,73.98,86.78,71.07,
after-iter:87.7,53.66,20.49,44.63,55.74,55.37,71.9,73.77,52.03,47.9,32.52,61.6,71.07,44.54,64.75,34.17,56.2,
before-iter:24.59,42.98,20.49,18.18,23.33,18.85,17.07,62.18,48.8,44.17,50.81,82.5,21.95,24.79,60.66,42.37,35.25,
iter=50: 47.54,73.73,93.33,91.06,98.37,63.03,61.48,59.02,50,40.83,38.52,48.78,40,40.68,62.6,77.87,64.46,56.91,44.17,47.15,
after-iter:46.67,40.83,24.59,17.36,27.64,21.49,19.51,16.39,17.36,17.5,18.85,16.94,16.67,17.89,18.18,18.18,18.03,
before-iter:32.79,27.42,24.17,17.21,15.97,18.7,21.49,24.59,21.14,16.81,20.33,16.53,20.49,18.03,16.53,18.18,16.53,
iter=51: 22.13,26.83,46.67,38.71,37.7,38.66,40.16,37.7,38.21,40.16,48.76,50.41,42.62,39.17,46.72,45.9,45.08,
after-iter:47.54,49.18,19.17,17.89,15.97,24.59,16.39,16.53,17.89,19.67,17.21,18.18,24.39,46.72,27.27,22.13,35.25,
before-iter:22.58,28.33,24.59,23.14,42.98,36.07,24.79,15.83,18.7,23.14,33.88,25.41,30.08,25.62,19.83,61.48,69.17,
iter=52: 81.45,80.17,98.31,84.68,95,82.11,65.29,75.61,66.12,70.83,40,43.8,58.54,59.17,42.62,47.93,82.79,97.48,73.02,63.87,63.64,73.39,
after-iter:68.33,49.18,17.36,38.33,36.59,58.33,47.15,79.17,57.02,34.15,19.01,29.51,24.79,21.49,40.83,18.18,23.97,
before-iter:18.18,33.87,17.36,16.53,18.03,18.03,16.81,18.03,22.58,15.13,17.89,18.18,26.83,16.67,19.17,16.26,15.7,
iter=53: 17.07,30,45.97,40,40.5,39.34,37.82,39.02,36.97,39.02,38.52,40.16,40.98,48.36,46.34,44.17,42.98,
after-iter:43.9,41.8,24.59,18.85,17.21,23.14,27.42,17.36,18.03,16.53,17.36,18.7,15.7,19.83,16.39,15.83,18.03,
before-iter:17.36,23.14,25.62,17.5,18.03,17.21,20.49,16.39,25.62,21.49,22.95,31.93,16.39,18.03,18.18,21.95,31.97,
iter=54: 24.59,28.33,45.08,41.8,57.02,68.33,56.91,41.32,38.84,38.02,39.52,49.58,44.72,40.68,58.54,42.62,43.8,43.8,
after-iter:43.44,42.5,20.49,17.89,18.03,15.83,19.51,17.21,18.03,18.03,17.07,20.33,17.65,20.83,22.13,40.5,36.07,
before-iter:23.97,43.9,33.33,25.2,28.1,35.25,26.23,29.51,21.67,40.8,21.85,30.83,49.19,77.31,26.02,54.17,47.15,
iter=55: 40.83,35.54,42.28,42.62,37.5,42.5,39.67,37.5,37.5,46.34,56.1,75,93.5,56.91,63.93,63.93,65.57,61.98,51.22,64.17,
after-iter:51.64,61.79,35,68.85,41.8,40.65,34.71,24.79,21.31,40.5,56.56,72.95,18.7,32.5,52.03,41.32,26.83,17.09,
before-iter:25.81,87.7,40.5,36.89,19.67,19.01,18.03,19.01,21.14,15.97,20.33,21.31,31.67,41.67,61.16,23.97,44.26,
iter=56: 42.15,49.59,47.11,40.98,71.07,91.6,91.67,94.26,92.62,50,57.02,39.52,38.33,73.55,86.29,85.95,87.8,93.28,97.56,81.67,44.63,46.72,60.33,62.81,
after-iter:61.16,36.36,18.18,16.67,17.21,17.21,17.89,15.7,20.33,21.49,76.47,32.79,56.2,95.16,54.92,59.66,40.16,
before-iter:30.08,47.54,26.23,23.73,18.7,16.94,21.01,40.16,67.77,84.43,37.7,39.17,39.02,31.15,60.33,83.19,68.85,
iter=57: 76.86,100,71.77,45.38,59.35,65.32,55.83,46.72,44.72,44.92,42.62,43.09,48.76,48.36,66.67,82.93,66.39,69.11,65.94,78.69,55.46,
after-iter:52.07,36.36,34.15,33.33,43.44,61.16,54.92,52.89,48.78,44.63,25.81,22.03,21.77,22.5,26.83,26.45,23.14,
before-iter:27.64,57.38,59.84,67.5,46.72,43.8,42.98,78.05,61.34,38.84,48.78,46.67,27.27,43.8,49.59,50.83,71.9,
iter=58: 44.09,37.4,48.76,43.44,40.98,37.5,42.98,37.4,38.14,39.34,45.53,45,45.45,50.41,52.07,57.02,47.58,
after-iter:44.92,46.34,21.31,15.13,20.16,19.01,19.33,28.69,19.01,18.85,18.85,19.35,17.5,24.59,21.49,19.67,18.18,
before-iter:21.31,30.83,21.49,23.33,29.75,40.98,28.93,53.28,56.56,28.69,50.41,23.77,24.59,76.42,40,38.52,30.83,
iter=59: 47.58,89.08,99.18,94.96,70.97,61.48,46.22,77.42,86.78,70.83,68.91,67.21,68.85,79.17,95.87,91.94,67.5,96.69,95.87,83.47,95.8,80.33,93.28,86.07,73.77,70.73,85.12,90.91,89.92,95.76,80.8,
after-iter:81.82,82.79,67.5,66.13,20.17,35.25,18.7,31.67,28.23,20.83,20.66,16.39,19.67,19.67,17.5,22.03,18.03,24.17,
before-iter:47.97,66.39,39.17,33.61,17.74,18.33,16.26,30,45.16,20.49,25.2,19.17,18.18,19.51,44.26,36.89,35.83,
iter=60: 18.03,66.94,50,56.3,50.82,42.98,39.67,62.3,83.47,56.91,73.17,57.38,37.82,52.85,66.12,73.77,73.77,51.24,61.98,92.56,87.6,84,67.24,
after-iter:57.38,61.29,94.12,26.02,40.83,59.02,57.02,49.18,24.79,27.27,82.79,63.93,33.6,22.69,30.89,34.71,51.22,39.67,
before-iter:74.59,54.1,60.16,42.5,41.8,47.5,43.8,22.5,32.26,28.57,50,42.02,32.23,21.14,15.83,19.17,26.83,
iter=61: 18.03,32.5,38.84,38.84,39.34,38.52,41.32,39.34,38.02,39.02,38.33,39.67,40.83,46.28,44.8,52.07,48.36,
after-iter:42.98,42.74,16.81,19.51,18.18,14.41,17.6,17.65,18.03,18.85,17.36,16.53,18.03,17.74,15.13,19.35,17.5,
before-iter:15.7,36.89,20,17.89,17.5,20.8,15.25,18.18,17.36,17.07,23.77,22.5,18.33,18.7,17.36,27.05,18.03,
iter=62: 19.17,26.23,40.16,37.7,45,41.32,41.94,39.5,48.76,37.19,39.84,42.98,41.8,42.98,44,42.02,43.09,
after-iter:42.37,44.26,17.89,22.5,18.85,16.67,17.07,23.77,20.17,18.85,19.67,18.18,17.36,16.81,17.21,17.36,19.51,
before-iter:18.18,31.15,22.13,18.18,17.5,18.85,16.81,17.21,18.85,19.17,30.65,19.33,17.07,18.18,26.83,16.53,22.5,
iter=63: 17.07,24.17,41.94,37.61,38.4,37.19,38.84,39.84,37.5,37.19,37.29,42.52,40.34,51.64,49.59,45.08,45.38,
after-iter:45.16,44.07,19.67,17.5,17.07,17.09,20.63,17.36,18.18,26.02,48.78,40,34.96,57.02,59.35,41.8,34.43,
before-iter:77.87,67.5,65.57,54.62,57.5,76.23,68.85,82.79,93.39,92.56,54.62,32.26,40.34,40.32,41.18,33.33,26.23,
iter=64: 25,39.34,57.98,52.46,63.93,59.5,56.91,66.67,81.67,49.59,48.33,42.74,44.26,55.37,64.46,77.31,66.12,70.73,67.77,43.8,43.44,
after-iter:64.46,62.81,22.95,18.03,14.41,20.97,41.32,58.54,79.51,56.3,40.16,40.65,33.06,20.34,17.89,18.03,18.18,
before-iter:17.21,30.83,39.34,42.98,42.37,22.76,24.79,27.27,21.14,19.83,18.55,18.33,19.17,47.11,17.21,16.39,19.51,
iter=65: 18.85,23.14,40.16,38.33,50.41,46.67,50,50.42,59.02,50.42,52.46,48.78,45.83,60.5,49.19,57.38,51.24,43.8,50,
after-iter:62.6,29.75,21.49,22.95,36.97,41.8,26.45,19.51,26.23,38.84,27.73,15.57,18.7,37.82,23.97,19.83,18.03,
before-iter:22.95,32.23,17.21,20.16,25.83,51.67,37.82,37.7,35.54,37.4,33.9,26.45,40.98,39.52,36.13,30.4,27.59,
iter=66: 38.71,44.63,43.8,42.98,44.72,75,61.67,88.52,61.29,70.59,72.13,58.82,68.55,77.42,65.57,85.34,78.23,85.12,72.95,76.47,75.41,72.58,73.55,
after-iter:73.95,80.33,71.31,23.77,36.67,45.97,33.88,30.33,22.13,16.95,19.51,26.67,26.02,17.36,25.81,18.33,17.36,16.39,
before-iter:17.07,33.61,17.36,16.39,21.95,15.7,18.03,18.03,15.13,16.94,18.03,17.89,18.33,25.42,23.39,19.01,19.67,
iter=67: 38.21,53.33,58.82,54.47,53.28,66.12,85.12,78.05,82.5,83.61,61.79,59.66,78.33,66.39,56.45,67.77,76.23,56.67,49.6,45.45,53.72,47.54,
after-iter:42.62,43.44,42.98,37.19,19.51,19.51,35.54,36.36,25.2,19.01,17.74,55.83,54.55,43.9,72.73,49.58,51.64,
before-iter:31.4,35.83,19.35,27.27,37.19,58.2,51.61,43.7,56.67,50.82,45.08,82.64,79.51,40,26.61,27.27,56.56,
iter=68: 95.12,81.67,90.24,82.5,81.67,54.1,45,47.58,43.44,43.8,47.5,47.2,47.5,63.87,77.24,88.62,85.12,77.87,77.05,72.13,78.33,76.23,
after-iter:85,77.05,42.15,56.1,46.61,53.66,85.25,60.98,49.17,36.07,34.71,36.59,80.49,56.2,49.18,83.47,32.23,
before-iter:46.77,74.8,91.74,49.59,34.15,43.44,31.15,33.88,28.23,38.02,60.83,30.51,30.95,38.33,87.9,35.83,47.54,24.79,
iter=69: 40,92.68,57.14,81.3,48.36,48.36,92.68,53.33,64.23,65.57,95.83,88.14,76.61,57.14,86.67,89.17,86.07,71.54,88.52,70.25,61.98,55,60.33,52.85,
after-iter:62.3,54.7,32.23,30.58,29.75,19.17,17.21,17.5,19.51,19.83,37.19,50.82,91.06,85.83,40.65,26.67,18.85,
before-iter:23.14,94.17,95.04,63.11,43.55,26.05,39.52,19.83,21.31,18.7,19.17,29.84,23.14,45.9,55.83,17.89,18.7,19.01,
iter=70: 19.17,39.67,39.34,39.67,47.93,68.6,52.07,80.83,52.85,45.45,47.46,68.85,99.18,94.21,98.37,100,89.43,67.5,69.75,92.5,98.36,100,98.32,98.33,100,84.8,72.65,
after-iter:76,49.17,26.23,17.07,39.17,69.67,60,58.68,59.5,28.93,20.66,17.21,17.89,18.18,38.71,18.18,22.5,
before-iter:29.51,35.83,47.97,39.67,44.07,23.97,39.52,22.13,28.69,18.33,20.66,26.4,46.72,36.89,32.79,28.1,48.33,21.49,
iter=71: 26.83,41.32,50.41,59.35,62.3,40.5,39.17,39.17,39.84,82.64,42.15,42.28,47.93,51.61,46.67,54.62,85.71,86.07,
after-iter:89.08,54.55,44.17,20.33,54.62,47.5,47.5,41.32,31.4,18.7,36.29,84.3,44.17,80,52.89,47.93,30.89,29.51,
before-iter:40,61.16,38.52,25,22.95,22.95,20,19.01,26.45,18.03,16.39,18.49,18.03,19.17,17.21,17.36,18.7,
iter=72: 16.81,39.34,37.7,39.34,37.7,38.02,39.34,39.34,38.71,45.45,65.83,65.55,54.47,64.23,53.33,43.2,43.7,
after-iter:48,41.18,30.65,15.57,18.33,18.18,16.26,18.18,14.29,28.57,22.69,21.01,18.18,17.89,19.67,17.21,18.7,15.7,
before-iter:19.67,32.26,15.97,18.18,18.7,16.53,29.41,18.03,18.03,19.33,20.97,17.21,16.81,21.14,29.27,23.33,16.67,
iter=73: 17.89,60,42.74,52.5,44.17,45.53,75.63,84.8,56.45,50.83,47.9,60,56.45,56.2,71.07,80,74.59,53.72,47.97,55.37,59.35,
after-iter:55.37,39.84,18.18,22.13,27.64,27.35,55.74,95.83,85.37,47.5,48.33,68.03,48.36,17.65,20,22.31,28.57,
before-iter:24.39,42.15,20.33,16.1,17.89,19.67,18.03,17.89,18.33,34.17,40.83,35.2,40.83,30.33,30.4,34.19,18.4,
iter=74: 20.17,59.84,79.67,70.73,94.17,90.83,61.98,68.33,74.38,91.74,98.36,100,92.68,73.33,86.18,68.91,71.67,70.25,71.07,67.77,75.61,81.3,95.04,81.82,
after-iter:61.48,41.8,52.1,66.4,33.88,36.07,72.27,30.89,72.5,52.89,36.07,44.63,92.62,34.43,54.92,86.67,45.53,88.14,
before-iter:45.45,95.87,76.67,80.33,41.32,95.87,60,59.35,29.27,19.17,33.06,34.96,47.54,36.59,45,39.83,58.4,
iter=75: 41.67,40.98,46.22,77.69,53.33,58.68,96.72,67.48,57.02,74.17,85.37,82.5,95.2,100,90,62.6,56.67,61.98,58.68,64.75,85.12,86.07,55.83,60,66.67,
after-iter:76.86,47.06,36.07,42.5,92.56,29.6,23.97,21.49,39.34,27.97,29.51,30.33,19.51,19.01,17.36,18.33,17.74,
before-iter:22.5,39.67,18.85,20.16,16.1,17.5,19.67,22.95,27.05,25.2,20.66,20.33,20.66,17.07,15.7,17.36,17.89,
iter=76: 19.83,38.52,39.17,42.37,44.8,39.83,38.71,38.33,39.2,40.34,48.36,74.59,57.72,62.5,59.84,63.11,76.23,73.11,62.1,71.9,
after-iter:75.21,52.89,37.1,40.65,27.73,22.76,21.95,26.05,22.5,25.81,50.83,56.91,33.06,21.67,26.02,26.45,22.95,
before-iter:23.14,35.54,24.17,55.28,35,29.75,27.64,23.58,37.4,43.8,25.83,33.33,19.83,39.34,46.34,23.33,17.21,
iter=77: 22.31,28.69,43.44,40,39.84,38.52,40,38.52,39.02,45,45.08,57.38,49.59,46.67,48.33,46.34,48.36,
after-iter:42.28,45.53,28.1,18.33,18.49,20,19.33,17.89,18.03,18.85,19.17,18.18,24.39,22.5,32.79,19.67,25.21,18.7,
before-iter:17.65,32.79,21.14,20.49,16.53,18.18,18.03,19.01,19.51,18.18,20.33,17.36,16.67,18.7,25,19.67,20,
iter=78: 18.03,42.74,38.66,38.52,41.8,46.72,39.67,47.93,45,40,47.93,43.09,41.32,55.74,43.09,43.33,45.9,
after-iter:58.2,45.45,25.62,18.85,18.18,19.35,18.33,23.77,19.01,18.03,18.7,18.64,18.55,18.33,20.49,22.31,19.51,
before-iter:22.5,26.67,26.61,26.67,20.16,19.33,19.67,42.98,43.44,43.44,54.1,43.44,42.62,46.67,40.32,23.33,39.34,
iter=79: 45.9,38.52,64.17,55.28,52.14,59.02,56.67,52.07,68.85,83.19,38.21,42.62,58.33,73.73,62.1,65.57,89.17,96.75,62.5,67.46,86.78,53.28,48.74,
after-iter:45.53,51.26,27.64,30.08,34.43,47.54,24.17,21.31,19.67,48.36,35.54,59.84,36.59,24.37,29.27,23.77,23.53,
before-iter:22.13,47.54,21.95,20.17,18.18,19.51,30,25.41,20.17,22.31,26.45,22.95,19.35,15.7,32.23,38.52,20.49,
iter=80: 22.13,34.43,75.21,64.71,52.89,65.29,44.26,60.66,45.08,56.67,50.81,39.67,45.83,40.65,55.2,61.02,59.35,46.28,44.63,
after-iter:43.55,35,19.01,21.31,15.7,26.4,18.18,19.83,17.36,18.33,29.27,22.95,22.5,27.5,24.59,18.03,30.33,
before-iter:17.89,48.33,17.65,19.2,15.97,18.7,19.01,16.39,18.03,17.36,18.85,16.39,19.17,30.08,22.76,18.33,26.23,
iter=81: 24.79,34.71,39.34,37.7,40.16,39.5,41.13,39.17,37.19,39.84,39.67,43.44,40,51.24,44.72,46.72,45.53,
after-iter:55.46,53.28,23.33,17.21,18.7,15.57,18.33,17.07,18.85,14.88,18.85,18.7,17.36,14.88,18.85,17.65,15.7,
before-iter:18.33,38.52,22.76,16.39,18.33,18.7,38.66,40.98,30.58,28.93,18.18,17.21,18.85,23.14,21.67,38.52,19.01,
iter=82: 16.39,32.23,55.37,56.1,54.03,41.53,50.41,85.25,65,73.6,74.17,71.07,63.33,90.98,78.33,83.33,96.69,93.33,76.23,84.43,89.83,69.6,67.77,70.49,65.57,52.14,
after-iter:49.18,46.77,52.07,29.51,96.72,74.38,92.68,75,49.59,53.72,40.16,43.44,36.67,25.2,43.44,57.26,54.17,
before-iter:63.11,88.33,85.48,70,95.93,90.08,87.5,60,69.11,55.37,84.17,85.95,50.82,38.33,26.23,24.37,26.83,19.83,
iter=83: 34.96,55.74,40.98,46.28,41.8,66.67,44.26,38.21,38.66,42.98,37.7,42.5,45.16,52.5,54.55,47.11,43.9,49.6,
after-iter:42.37,34.71,17.07,21.67,18.03,23.58,22.03,19.35,18.55,15,18.33,18.18,16.53,17.5,17.36,24.39,23.33,
before-iter:22.76,34.71,27.05,18.18,18.85,15.83,18.85,17.5,22.76,22.31,22.13,17.36,23.77,14.88,20.49,14.75,18.03,
iter=84: 18.85,38.21,38.66,53.66,58.82,46.67,36.36,57.85,44.63,44.26,41.8,56.2,57.5,70.16,57.02,81.15,81.67,79.17,60.98,57.5,57.85,
after-iter:60.83,61.34,70.16,86.18,38.33,26.83,47.11,59.5,30.83,30.33,30.08,23.73,38.84,43.44,52.46,63.41,49.59,
before-iter:47.9,49.17,77.05,29.51,84.55,44.17,49.18,71.07,71.54,65.57,24.79,19.51,20.33,50.41,30.25,27.27,20.66,20.66,
iter=85: 17.89,42.86,54.84,56.2,52.89,45,61.16,73.98,70,74.59,70.59,82.93,90.76,73.55,76,85,75.83,87.6,83.33,84.55,53.33,46.34,
after-iter:49.58,44.26,24.37,19.17,17.89,15.57,18.7,27.5,17.36,15.57,20.49,20.49,19.83,18.18,23.58,15.38,32,
before-iter:38.84,45.83,41.32,34.68,22.5,30,63.93,94.12,69.67,68.03,57.26,23.14,53.28,47.93,38.52,33.06,27.87,39.17,
iter=86: 24.39,48.33,44.26,42.98,43.44,47.11,49.59,41.13,41.88,64.23,63.11,40.65,41.67,54.84,45.45,44.26,45.83,61.48,
after-iter:71.07,41.46,22.03,24.19,28.69,21.85,21.49,21.31,24.39,50,39.52,33.61,54.55,31.97,27.05,23.77,52.07,
before-iter:93.39,97.56,80.65,49.17,37.5,30,37.4,52.94,85.37,42.98,29.17,45.83,40.98,35.48,92.5,56.78,84,
iter=87: 40.83,54.17,70.49,56.1,86.89,45.45,43.33,44.63,52.03,56.56,48.36,52.1,52.07,80.8,65.83,83.61,93.39,95.16,67.5,58.68,62.5,63.93,54.92,
after-iter:52.1,44.26,27.27,22.76,19.17,25.81,16.67,18.85,18.85,18.7,16.1,17.74,30.58,38.84,18.7,19.17,20.49,
before-iter:18.18,35.54,20.33,25.2,20.83,43.8,26.23,20.83,17.5,17.36,25.2,30.83,59.84,89.08,70.49,50.81,57.02,
iter=88: 79.67,89.74,85.83,78.69,72.95,81.15,85.83,77.87,97.5,86.99,63.11,66.67,91.74,80.33,59.66,40.98,57.72,65.83,76.23,63.64,66.94,45.45,
after-iter:44.17,55.74,23.14,19.67,23.77,22.95,37.29,28,38.33,27.87,21.85,18.55,30.08,36.36,35,37.1,41.32,
before-iter:40,39.17,29.27,25.83,24.79,17.5,40.65,25.83,47.93,37.1,37.82,25.83,24.8,34.45,33.61,37.7,42.5,
iter=89: 50.4,62.71,67.48,57.98,58.2,68.85,54.92,66.94,60.83,46.34,46.72,71.67,62.81,44.54,49.21,80.33,74.17,72.13,67.48,75.42,61.48,57.02,
after-iter:71.07,62.5,26.89,30.89,64.17,58.2,44.72,31.4,22.95,45,26.02,43.8,49.17,70.97,42.37,27.27,31.45,
before-iter:17.8,23.58,27.73,19.51,18.03,18.85,18.85,18.18,17.21,18.85,23.97,39.67,42.62,41.8,37.19,24.79,17.89,26.89,
iter=90: 20.66,42.62,38.84,37.7,39.34,39.34,38.02,38.84,40,37.7,42.62,41.32,50,65.83,56.56,52.5,63.71,47.93,
after-iter:47.11,45.08,17.5,18.03,16.39,18.33,17.21,18.85,40.5,41.67,26.23,28.69,31.67,37.1,26.45,27.5,40.16,
before-iter:32.23,45.38,38.52,27.87,32.77,80.99,26.83,63.93,52.85,66.94,54.62,55.37,86.07,40.98,82.64,92.5,94.26,
iter=91: 86.99,66.67,96.72,100,91.8,56.3,48.78,86.07,49.17,82.64,65.57,96.69,93.39,48.78,78.15,75,94.21,77.5,56,60,53.66,42.62,49.59,68.55,
after-iter:58.47,57.26,42.28,26.23,28.33,23.77,31.97,31.15,32.52,19.83,23.58,49.17,56.1,46.72,34.43,35.25,35.54,
before-iter:78.51,65,48.76,37.7,39.67,42.62,45.45,57.38,71.07,65.85,84.68,77.31,88.52,51.64,79.51,68.85,55,46.34,
iter=92: 69.67,58.2,61.98,53.72,83.61,72.73,94.96,44.72,55.46,58.2,55.74,55.74,100,97.58,73.55,73.55,79.17,66.4,81.51,90.91,61.16,47.06,67.48,67.77,
after-iter:55,78.05,29.27,36.36,34.17,19.05,31.09,45.45,37.9,33.06,17.21,41.32,22.76,41.8,52.42,47.5,69.11,
before-iter:84.75,68.03,87.7,65.29,76.03,75.2,66.95,61.98,34.71,26.23,23.77,39.34,60,60.33,56.2,65.29,97.54,97.52,
iter=93: 34.71,95,94.31,81.67,83.06,85.59,53.66,37.82,54.17,42.98,39.34,59.17,45.53,60.66,64.46,86.55,77.42,77.69,62.3,57.38,57.14,45.97,
after-iter:70.34,90.98,75.21,56.91,25.2,26.5,64,86.07,70.97,70,38.52,36.13,44.35,38.02,38.14,32.52,40.16,38.33,
before-iter:35.25,36.89,23.14,45.45,45.45,45.97,33.88,36.36,61.67,34.43,25.2,33.06,32.79,32.5,36,33.61,26.67,
iter=94: 58.2,81.82,47.9,37.9,38.33,38.71,38.52,51.26,54.17,43.9,39.5,40.98,44.54,48.74,63.64,69.92,45.45,53.85,83.87,68.33,72.73,
after-iter:73.55,55.65,34.17,26.02,79.51,90.76,88.43,79.34,32.79,47.93,45.53,37.5,24.79,37.7,40.5,28,36.75,31.2,
before-iter:20.34,34.96,21.49,19.01,17.21,19.01,33.33,30,52.03,36.36,28.93,18.18,25.2,57.85,36.36,40.16,26.83,
iter=95: 24.17,39.84,42.62,76.67,66.39,50,39.67,44.26,44.17,39.67,39.17,52.42,50.41,40.5,46.34,45.9,45.08,50,
after-iter:52.46,54.92,70.49,27.05,28.1,22.95,17.89,19.67,29.75,30.08,46.72,38.33,30,31.71,20.83,66.39,84.87,
before-iter:26.61,66.94,64.46,52.85,42.5,68.6,64.23,63.11,74.17,39.52,32.2,68.85,65.29,90.4,71.43,58.33,56.56,33.88,
iter=96: 85.12,55,66.94,62.3,73.77,73.95,74.8,79.34,84.3,69.17,74.38,79.17,77.05,82.64,82.11,82.93,72.5,79.34,76.86,73.98,71.67,89.34,90.91,95.04,
after-iter:73.77,47.5,36.89,81.3,29.41,82.79,53.78,52.46,34.71,41.32,53.28,34.71,36.97,70.97,78.15,53.66,66.13,
before-iter:36.97,78.99,64.52,57.85,44.26,30.25,74.6,30,79.67,25.83,41.67,19.67,20.66,42.15,59.2,85,36.07,53.72,
iter=97: 27.05,44.26,39.02,38.33,41.8,45.45,84.03,90.91,83.87,70.25,66.94,69.92,57.72,77.05,91.74,67.77,67.77,80.49,66.12,73.77,95.87,63.41,70.49,82.5,94.17,88.43,87.1,
after-iter:97.48,54.1,28.33,69.42,40.5,44.8,82.35,47.54,88.43,43.09,45.83,46.34,56.67,35.77,35.83,37.5,47.97,
before-iter:49.17,59.02,31.93,33.61,45.9,23.58,18.64,21.14,30.33,35.25,37.5,19.83,52.46,49.59,50.82,38.84,26.02,
iter=98: 20.66,40.65,79.34,97.54,86.78,98.33,71.31,55.65,99.15,66.94,73.17,54.92,58.68,46.72,45.08,54.55,78.69,78.51,95.08,86.07,94.96,88.62,80.17,86.89,83.61,98.33,99.17,93.39,76.03,81.15,
after-iter:86.89,71.9,57.85,45.08,36.36,18.18,28.33,32.79,62.5,44.72,35,44.26,31.97,30.08,34.71,34.17,19.35,24.59,
before-iter:53.72,98.33,100,92.68,40.5,50.83,46.28,27.5,73.39,50,36.29,42.5,41.8,42.15,46.28,31.4,40.16,41.32,
iter=99: 68.03,76.23,88.14,77.24,86.67,72.73,56.91,53.72,48.33,45.08,39.34,50.83,47.58,58.33,95.8,94.21,95.08,84.43,53.28,49.59,50.82,63.41,76.03,
after-iter:92.56,99.17,63.93,25.41,33.88,31.4,43.44,36.36,50.82,40.65,35.29,30.89,27.87,52.07,53.66,97.48,63.71,29.91,