before-iter:93.39,94.44,90.91,81.82,84.3,65.57,71.9,50.81,54.62,77.42,76.86,57.6,54.17,45.45,23.77,
iter=0: 21.31,21.49,42.15,
after-iter:52.5,54.47,31.15,27.05,58.33,30.89,33.9,91.87,53.33,50.82,83.05,39.84,48.33,42.28,29.17,37.19,34.43,
before-iter:21.95,85,62.3,30.89,25.2,17.5,15.7,43.55,25,19.51,26.05,18.25,21.95,26.05,18.7,17.36,16.39,18.03,
iter=1: 17.21,38.33,
after-iter:41.32,45.9,18.49,23.2,15.13,17.07,17.36,16.39,16.39,16.53,18.03,23.58,42.5,37.19,40.65,40.68,32.8,
before-iter:34.71,44.63,67.5,59.5,60.98,40.98,26.67,28.69,69.42,45.08,51.64,71.07,75.41,45,63.41,47.93,66.12,97.52,
iter=2: 79.51,43.09,
after-iter:58.68,51.64,21.49,27.87,36.89,37.7,23.97,42.02,19.67,25.2,49.18,56.3,70.25,62.3,61.48,52.46,41.67,
before-iter:38.02,56.91,85,51.24,51.24,47.97,46.34,43.33,45.16,42.02,45.6,46.67,39.67,38.21,66.39,17.36,28.23,53.39,
iter=3: 54.4,69.17,68.03,
after-iter:61.98,69.42,45.24,43.7,69.17,35.25,26.89,79.84,96.67,70.73,49.17,52.07,59.68,63.11,56.2,38.21,50.83,
before-iter:67.48,64.75,60.83,69.17,39.34,59.35,40.34,46.34,27.87,71.54,50.41,40.5,60.33,47.54,52.46,59.02,68.6,
iter=4: 97.54,63.11,82.2,60.98,
after-iter:97.52,63.03,61.6,62.81,26.83,31.67,78.33,30.33,82.26,74.38,97.52,39.84,47.54,39.17,16.26,53.28,52.89,46.61,
before-iter:58.68,77.05,79.03,25,27.05,19.83,21.49,34.15,25.21,35.29,36.36,84.55,53.72,25.41,21.49,21.31,72.13,
iter=5: 71.54,53.72,70,
after-iter:56.91,58.82,53.23,27.05,24.37,36.59,32.79,50.82,53.78,54.84,20,21.31,42.15,29.84,80,40.98,85.95,95.83,
before-iter:82.93,95.83,45.45,52,40,41.13,16.39,32.23,26.45,24.59,37.19,18.18,31.97,19.67,47.9,42.15,28.33,
iter=6: 33.88,38.52,47.06,
after-iter:58.87,52.46,55.37,43.7,31.45,25.83,52.85,27.05,58.54,85.12,73.95,30.58,33.33,52.89,45.83,17.07,21.49,
before-iter:17.21,32.23,19.01,32.26,20.33,20.17,33.33,25.41,21.14,24.17,16.1,17.74,33.61,25.41,39.17,34.71,32.52,
iter=7: 50.83,61.48,46.72,
after-iter:50,89.34,94.17,91.8,75,43.09,50,39.67,84.17,65.85,36.89,18.33,21.31,33.06,26.61,20.83,20.97,17.8,
before-iter:17.89,47.54,36.13,30.58,18.18,32.52,21.77,29.66,27.27,26.61,16.26,16.81,17.07,16.13,35.83,41.18,38.02,
iter=8: 23.77,52.03,86.78,66.94,
after-iter:88.62,55,17.07,15.7,16.67,18.55,38.33,59.17,78.33,68.85,36.36,23.77,41.18,49.59,65.29,78.51,45.08,
before-iter:51.24,74.17,34.43,26.05,19.51,17.5,14.29,18.7,21.95,40,61.48,47.93,25,16.53,16.13,26.45,23.53,
iter=9: 36.59,41.32,51.64,
after-iter:62.6,57.5,44.72,27.64,35.83,20.97,19.33,36.07,36.36,31.97,35,18.85,41.8,72.27,33.33,28.57,18.85,
before-iter:18.4,25,28.46,23.14,35.25,40.16,38.98,26.23,27.27,22.95,59.5,32.26,90.76,76.86,24.79,24.59,18.85,25,
iter=10: 55.28,88.43,53.28,
after-iter:54.92,64.46,38.71,18.49,23.77,16.53,16.53,23.58,18.55,18.33,18.55,27.87,20.17,17.6,17.5,18.03,18.18,
before-iter:22.13,49.59,60,47.97,97.5,95.87,37.5,27.64,32.23,21.95,16.81,15.57,18.7,15.7,23.77,22.03,15.45,
iter=11: 17.74,27.87,
after-iter:36.97,38.84,28.93,16.53,19.01,15.45,27.27,17.21,14.41,18.18,15.45,16.39,16.39,15.7,21.95,19.67,16.39,20.49,
before-iter:18.03,33.33,14.17,17.21,17.5,15.2,18.85,15.83,17.21,18.03,15.13,16.39,15.13,18.7,14.05,18.03,22.5,
iter=12: 20.97,37.7,
after-iter:63.11,64.17,39.34,16.53,14.29,18.03,18.03,26.83,40,35.59,34.13,30,16.67,19.35,17.36,16.67,16.26,
before-iter:42.02,62.3,76.67,79.84,63.11,44.07,81.45,70.59,28.57,24.59,17.36,17.89,18.85,16.53,17.5,17.89,17.07,18.03,
iter=13: 15,40.65,
after-iter:44.17,43.8,14.88,20.49,17.21,17.07,14.17,17.89,17.07,20.49,31.4,31.97,36.07,33.33,40.34,19.33,39.68,
before-iter:39.5,69.42,49.59,40,35.77,28.93,17.5,17.07,24.19,19.01,72.5,42.15,36.36,38.84,34.17,59.17,86.99,73.77,
iter=14: 73.11,69.42,65.85,
after-iter:61.48,46.61,46.72,28.69,39.34,24.39,18.85,17.21,16.67,20.33,16.67,18.03,17.5,18.03,42.98,19.83,20.49,
before-iter:15.57,33.88,16.8,17.36,16.95,21.95,22.31,21.95,32.79,48.74,31.97,20.33,36.36,65.57,42.28,68.33,26.05,
iter=15: 17.89,41.32,
after-iter:38.71,38.02,20.16,15.83,14.75,16.39,20.49,20,24.19,15,14.75,19.01,14.88,23.77,42.62,39.34,59.66,
before-iter:26.83,89.17,55.37,38.21,68.33,39.34,48.41,64.17,36.67,42.62,58.68,33.33,41.8,36.13,45.97,31.97,27.87,81.67,
iter=16: 30.89,40.98,
after-iter:43.09,57.85,82.64,16.53,18.55,16.39,16.67,16.26,15.7,23.77,19.01,15,17.21,17.21,16.53,15.7,17.21,16.53,
before-iter:16.39,30.89,18.18,23.58,15.83,15.45,16.53,15.57,16.26,18.85,15.7,21.95,21.31,16.53,18.85,15,16.67,
iter=17: 14.88,40.16,
after-iter:35,42.28,18.18,16.39,17.07,19.01,17.07,17.07,15,14.88,19.35,17.21,20.83,23.77,22.13,16.39,15.7,
before-iter:16.94,32.79,16.67,19.51,13.45,18.55,18.7,17.5,17.36,17.6,15,17.74,15.83,17.07,17.07,20.83,29.27,
iter=18: 17.21,28.93,
after-iter:40.5,41.13,25,15,15.57,17.07,17.21,16.26,14.29,16.26,17.36,16.81,16.39,16.67,17.5,18.03,21.67,19.17,
before-iter:18.18,30.89,16.26,15.7,14.88,14.75,17.36,16.39,16.26,15.7,16.26,15.57,15.45,15.97,15.7,17.5,15.7,
iter=19: 16.94,47.54,
after-iter:42.15,51.22,16.53,17.07,20.66,14.88,24.19,15.97,14.05,16.26,26.45,18.03,25.41,15.7,17.89,16.39,14.17,
before-iter:16.67,32.26,26.45,28.8,26.05,18.18,19.35,14.29,16.8,17.5,17.36,17.89,14.88,17.21,14.05,16.94,15.7,
iter=20: 14.88,28.46,
after-iter:38.33,38.84,25.62,23.77,19.83,16.53,17.07,15.83,27.05,16.94,15.13,16.53,29.03,52.5,29.51,26.23,26.23,
before-iter:65.83,38.84,27.87,16.81,17.89,26.67,33.06,25.41,26.23,25.2,37.19,18.85,17.36,30,31.97,22.69,36.07,34.71,
iter=21: 27.2,73.73,
after-iter:49.18,49.59,31.97,32.77,63.93,95.83,74.8,27.73,25.62,49.59,34.45,47.15,40.83,37.1,42.5,25.62,18.7,17.89,
before-iter:16.26,29.17,17.21,17.5,14.17,17.36,14.63,22.13,18.18,28.69,36.75,38.21,17.36,20.66,19.83,17.36,18.03,
iter=22: 15.7,53.66,
after-iter:48.33,43.8,36.59,28.21,20.49,18.03,22.31,18.7,47.97,44.17,21.49,20.33,17.36,17.74,18.64,30.33,32.5,29.27,
before-iter:28.33,38.02,24.19,24.79,75.21,43.9,72.13,24.59,23.97,67.48,42.62,49.18,37.82,28.23,56.91,49.58,26.83,
iter=23: 28.1,42.15,
after-iter:52.03,88.24,54.47,17.36,18.18,29.27,24.37,23.77,18.33,20.16,17.89,33.88,27.87,18.18,17.5,18.7,16.53,39.5,
before-iter:34.43,54.62,18.7,27.97,43.09,38.33,25,30.51,20.83,17.89,20.49,29.27,35.83,26.02,23.77,40.68,36.07,
iter=24: 66.12,55.37,47.93,
after-iter:43.33,38.84,63.93,68.03,59.35,51.24,53.28,28.69,52.07,22.76,15.97,18.33,21.14,23.14,21.49,17.21,14.88,
before-iter:21.77,31.67,16.39,18.18,14.05,15.45,15.7,22.13,16.26,15.97,13.82,14.41,18.03,15,14.75,16.94,19.83,
iter=25: 21.49,38.21,
after-iter:37.5,39.67,19.33,17.07,14.88,17.07,17.21,17.07,15,14.75,16.53,15.7,19.01,17.21,14.63,18.55,14.29,
before-iter:21.31,30.25,20.49,17.36,14.88,16.26,15.57,15,16.39,21.95,16.39,16.13,15.7,15.83,15.57,14.05,39.67,
iter=26: 38.02,40.98,54.1,80.17,
after-iter:65.85,40,33.06,23.14,16.53,29.75,17.21,16.53,31.15,25.62,28.57,19.51,28.69,50,66.94,18.18,28.33,
before-iter:21.95,90,40.5,62.81,64.52,57.02,28.69,36.07,29.51,17.21,16.53,27.87,20.83,22.95,32.23,68.03,18.03,
iter=27: 14.41,35.54,80.65,84.43,
after-iter:57.02,59.02,39.34,82.64,97.54,68.55,52.07,44.72,63.33,51.24,38.02,53.72,73.77,79.34,63.33,33.88,22.76,
before-iter:53.33,48.78,16.81,15.97,29.37,21.67,20.83,17.07,30,57.5,52.89,25.83,20,17.8,25,31.4,37.4,
iter=28: 51.64,61.48,40.83,
after-iter:58.87,79.66,47.93,18.55,23.53,58.2,36.67,18.7,16.53,18.18,16.39,18.03,33.87,22.5,16.26,16.39,19.67,
before-iter:18.33,26.67,26.23,18.4,16.81,17.21,23.14,23.14,27.87,19.51,18.85,28.93,33.05,34.96,24.39,14.53,16.39,
iter=29: 19.67,24.17,52.03,
after-iter:57.63,51.61,27.05,48.74,45.45,99.19,77.87,41.67,62.6,54.1,46.67,26.61,21.67,25.2,42.98,52.46,32.79,
before-iter:18.85,30.89,20.49,31.67,47.97,50,31.15,15.13,46.77,37.7,66.67,42.62,25.41,20.66,48.76,39.34,22.13,
iter=30: 23.53,29.84,40.5,
after-iter:41.8,49.59,17.36,15.7,17.21,14.88,50,29.51,18.55,19.33,28.69,23.97,23.33,16.39,18.7,15.7,17.21,
before-iter:17.5,33.33,18.7,17.5,17.07,15.45,15.83,15,16.94,18.03,17.07,16.53,23.39,18.49,19.67,14.63,15.57,
iter=31: 15.7,34.96,
after-iter:42.02,40,19.17,16.53,16.53,16.39,14.29,17.21,14.88,17.07,15.57,16.94,15,22.31,28.1,17.6,15,
before-iter:17.21,23.33,22.95,16.53,14.88,15.7,16.67,30.65,19.67,15.13,21.14,15.57,15.45,15,17.36,17.89,24.79,
iter=32: 22.95,27.87,40.5,
after-iter:41.32,62.5,36.36,38.21,28.1,25.41,19.01,20.33,38.33,59.84,15.7,20.97,18.33,17.07,19.35,16.1,23.77,
before-iter:19.67,34.71,19.17,19.67,16.81,17.5,19.01,17.21,17.21,17.36,26.45,18.55,22.69,45.9,34.15,27.73,38.71,
iter=33: 26.67,66.67,68.33,73.98,
after-iter:70.97,50.43,20.33,59.66,52.85,15.7,18.7,31.93,50.41,62.3,43.44,44.54,47.62,51.26,50.82,76.42,57.02,
before-iter:32.26,95.87,84.3,68.85,46.28,43.44,39.34,65.55,60.48,99.17,63.93,42.62,38.84,31.4,45.08,45.38,60.83,60.8,
iter=34: 50,68.6,90.83,55.74,
after-iter:95.87,62.5,34.68,51.67,37.9,54.62,50.41,76.86,59.17,57.02,53.72,80.33,44.07,77.78,53.33,45.38,81.3,
before-iter:77.24,76.27,75.61,71.9,30.58,26.83,24.17,28.23,31.4,17.5,47.06,28.33,56.1,72.73,45.45,48.36,42.98,27.05,
iter=35: 79.34,43.55,
after-iter:38.33,46.28,22.95,22.95,49.17,44.72,47.93,41.32,48.8,20.17,16.39,40.32,40.5,53.72,56.1,15.25,17.21,
before-iter:16.67,29.75,22.95,16.26,29.51,22.95,18.18,17.36,20.97,21.49,44.63,45,67.74,61.86,49.6,34.15,49.57,
iter=36: 48.76,47.93,98.35,76.86,
after-iter:55.37,64.17,57.38,29.66,26.23,48.76,15.83,15.7,16.39,22.58,16.26,36.67,30.33,56.2,60.33,81.67,59.84,
before-iter:78.05,72.73,97.46,61.16,75.83,62.6,63.03,60.8,24.79,26.45,16.53,18.4,36.97,36.36,59.17,58.2,60,56.56,
iter=37: 57.38,59.5,78.69,81.97,79.67,
after-iter:93.39,61.48,65.25,46.34,25,23.33,29.51,34.43,48.33,29.03,51.64,45.9,17.07,26.67,20.49,36.89,40.83,
before-iter:30.83,62.81,37.7,42.28,75.83,77.31,98.36,58.2,50.42,30.08,24.17,29.75,21.77,19.01,21.67,26.61,28.93,
iter=38: 58.47,53.6,81.15,
after-iter:60.66,65.55,59.68,43.7,47.58,74.38,92.42,100,94.21,78.57,71.55,55.74,49.59,54.47,49.58,47.11,56.8,81.82,
before-iter:61.98,98.36,95.04,52.85,38.33,38.52,31.15,32.5,51.24,28.69,43.8,21.31,23.77,50.41,18.4,26.45,69.11,28.33,
iter=39: 64.75,62.5,68.29,
after-iter:66.67,57.85,25.83,21.49,40,30.33,34.71,65.29,51.61,32.5,21.49,16.13,16.53,24.17,18.49,30.08,22.69,
before-iter:24.19,50.41,57.02,38.52,30.08,20.49,18.85,19.17,25,47.54,46.61,59.35,40.5,17.07,40.16,22.88,26.02,
iter=40: 24.17,47.15,45,
after-iter:56,35.83,19.83,19.01,21.14,19.01,14.88,13.82,15.7,13.33,25.81,22.31,17.5,15.97,15.7,15.57,16.53,
before-iter:14.88,28.46,17.5,26.23,32.79,52.03,28.1,25.62,43.09,22.13,21.67,21.43,22.31,62.18,33.06,69.17,54.92,
iter=41: 24.39,71.9,70.49,
after-iter:68.33,53.28,31.4,54.92,42.62,31.67,62.81,50.82,17.21,17.36,47.15,54.47,39.5,62.1,30.58,19.17,20.17,
before-iter:34.68,55,22.5,13.82,20.66,23.58,14.05,13.93,13.11,19.01,30.58,31.4,22.5,27.05,19.17,16.67,26.02,
iter=42: 28.93,31.93,48.36,
after-iter:47.54,44.26,51.22,72.73,40.5,46.34,60.83,37.1,43.44,49.59,37.19,40.5,53.66,59.84,50,56.91,61.34,
before-iter:83.74,95.12,72.65,21.77,20.83,17.36,14.88,14.63,25.21,43.2,43.7,40.98,57.02,59.02,38.84,36.89,41.32,59.5,
iter=43: 52.46,75.83,71.9,
after-iter:80,82.4,65,61.48,72.5,55.81,87.5,68.29,38.66,70.49,73.11,81.45,94.26,86.99,92.74,65.83,54.55,
before-iter:41.67,75,87.6,71.07,41.8,42.62,57.14,38.71,16.95,18.18,32.8,15.97,18.55,23.14,18.03,16.53,15.25,20.49,
iter=44: 19.51,51.24,71.67,
after-iter:52.07,29.75,21.14,23.58,17.21,15,15.57,14.17,15.57,16,14.75,14.17,14.88,14.88,18.03,15.57,17.21,
before-iter:15.7,32.26,19.49,18.7,21.95,26.45,11.86,13.82,12.61,13.11,12.1,11.76,16.39,52.1,49.59,35.83,74.8,
iter=45: 85.25,82.79,56.91,
after-iter:45.45,60.16,51.26,66.12,23.77,13.93,14.63,14.41,15.87,13.93,14.05,13.11,14.75,14.05,13.11,20.33,14.75,
before-iter:38.02,48.39,42.5,50,26.45,38.02,39.84,82.64,47.5,50,57.98,25.2,36.36,36.07,47.15,57.5,89.92,55.28,
iter=46: 84.03,84.3,69.42,
after-iter:60.8,66.67,34.17,43.9,43.7,91.06,70.25,25.41,33.06,84.3,47.62,50.85,54.92,41.67,70.49,82.64,21.49,
before-iter:20.66,31.4,15.57,35.54,30.83,12.5,36.59,59.5,75.63,76.61,82.64,30.25,49.59,36.89,38.84,75,60.66,
iter=47: 47.93,62.6,95.04,83.33,
after-iter:50.42,46.4,39.17,47.93,42.86,43.09,25,27.64,20.66,50,15.7,33.88,20.16,14.75,13.22,26.23,31.71,
before-iter:13.22,28.69,12.5,18.03,13.22,13.93,14.88,13.22,14.75,23.58,20,15.83,13.22,16.13,13.33,13.11,14.88,
iter=48: 14.52,27.5,
after-iter:36.29,35.25,21.31,13.11,15.57,28.93,15.13,27.2,20.49,22.31,33.88,17.5,21.95,55,57.02,21.95,25,
before-iter:36.67,30.89,38.52,35.25,84.3,21.95,24.58,14.63,13.01,12.2,11.67,13.01,16.1,42.15,42.4,47.46,43.09,24.79,
iter=49: 22.95,66.67,52.07,
after-iter:65.57,85.37,70,60,29.51,76.03,41.32,16.39,17.21,14.63,14.17,17.21,17.21,16.67,14.63,15.32,14.17,
before-iter:14.88,29.66,14.75,17.89,11.67,14.75,14.52,13.33,15.57,12.5,18.4,12.5,13.22,14.63,16.1,19.01,14.52,
iter=50: 15,38.02,
after-iter:44.63,36.89,19.67,14.05,18.18,12.2,12.61,13.93,10.83,15.45,12.5,14.52,14.05,13.22,13.22,20,19.33,
before-iter:16.53,19.67,23.14,13.93,13.56,16.13,13.45,12.61,14.63,14.05,13.11,11.38,12.5,12.2,13.93,14.29,18.18,
iter=51: 12.3,20.49,37.7,
after-iter:38.21,27.73,13.22,13.22,12.4,14.4,11.57,13.93,15.7,13.93,13.82,13.68,19.67,12.4,13.11,14.75,10.92,
before-iter:15.45,33.33,16.53,14.17,12.61,15.32,12.5,13.82,14.05,13.22,22.95,32.23,19.83,30.25,28,21.67,33.88,
iter=52: 73.77,69.75,91.74,
after-iter:60.48,54.92,77.5,38.02,29.17,24.79,26.23,18.7,29.41,36.07,22.58,28.93,28.1,24.19,29.06,33.61,17.21,20.17,
before-iter:22.13,29.03,13.93,18.85,18.85,29.41,32.79,22.58,14.17,21.95,20.83,14.63,24.79,34.43,24.59,22.5,13.82,
iter=53: 14.17,28.69,
after-iter:35.29,36.07,23.39,17.36,20.16,16.95,13.93,26.45,65.83,21.31,35.77,31.93,42.62,23.53,35.29,27.42,21.67,
before-iter:43.09,25,34.45,20,16.13,14.88,14.05,17.65,19.84,14.05,18.03,13.45,22.95,15.45,12.61,14.17,19.83,38.21,
iter=54: 46.28,44.17,
after-iter:50,36.89,30,18.03,20.49,17.89,11.57,20,19.2,14.88,20.17,16,16.53,14.75,15.57,23.33,20.83,
before-iter:20.17,34.4,13.11,13.22,11.57,14.75,15.7,17.36,20,23.14,21.49,19.01,15.57,12.4,11.57,15.45,12.9,
iter=55: 11.67,27.64,
after-iter:35.83,37.5,20.83,13.93,20.83,28.23,12.5,12.4,13.22,14.75,27.87,26.02,33.06,18.33,24.79,14.05,12.5,
before-iter:23.2,17.65,24.79,37.19,30.65,12.5,22.13,12.4,24.39,20.83,17.21,11.67,15,14.75,25.41,16.81,16,13.22,
iter=56: 16.53,36.97,
after-iter:33.61,31.45,12.3,13.22,13.11,12.5,11.67,14.75,12.9,20.83,13.93,14.52,13.22,12.5,19.67,15,13.93,
before-iter:13.01,28.81,14.63,13.22,13.33,19.83,12.4,13.11,13.22,13.93,22.5,14.4,13.11,14.05,13.22,12.3,12.5,
iter=57: 20.17,37.1,
after-iter:39.34,36.36,15.7,14.52,13.33,14.4,11.67,12.5,13.11,13.93,13.11,13.11,13.11,13.82,13.22,13.71,19.83,
before-iter:12.5,31.71,21.31,12.2,15.45,15.13,13.82,13.11,13.11,11.57,14.63,11.76,19.51,12.61,13.11,13.33,11.57,
iter=58: 14.63,22.13,
after-iter:35.29,35.48,29.51,22.76,13.82,21.67,13.11,14.75,13.11,13.22,13.22,13.01,13.11,13.93,13.11,12.5,15,
before-iter:12.4,17.21,27.05,13.22,11.57,17.36,19.51,14.75,11.57,13.82,12.5,13.71,13.33,13.93,10,14.88,12.3,15.83,
iter=59: 13.93,37.19,
after-iter:33.61,42.74,16.67,12.4,18.18,20.66,16.39,12.4,33.61,41.8,29.75,42.37,37.4,45.45,52.07,20.97,30.33,
before-iter:84.43,81.51,54.84,61.48,62.81,73.11,59.02,37.5,31.97,40.34,56.56,53.33,62.6,64.46,61.34,27.05,60,
iter=60: 20,50.41,68.03,
after-iter:68.03,72.13,50.83,32.5,26.83,30.25,25.62,26.02,28.1,27.87,27.5,27.5,20.66,25.62,23.33,26.02,26.45,
before-iter:20.33,43.8,49.18,40.5,26.83,16.1,26.83,25.83,28.46,20,25,27.27,26.05,26.05,35.83,25.81,25.41,
iter=61: 26.23,28.93,44.63,
after-iter:43.33,37.4,26.05,25.62,25.62,25,26.02,23.77,27.5,26.45,26.23,26.67,23.58,25.21,27.27,28.69,35,
before-iter:33.61,56.56,46.28,47.54,44.17,46.28,46.67,42.15,47.54,38.46,45.6,40.16,40.16,43.33,49.17,49.59,34.75,
iter=62: 41.13,52.5,62.3,
after-iter:62.71,50.41,33.33,35.54,31.93,35.29,35.77,47.15,50.83,41.67,45.9,42.86,39.34,48.33,45.97,47.11,36.59,
before-iter:38.84,58.68,34.15,37.7,33.88,34.15,36.07,34.15,36.36,52.46,45,48.36,41.67,45.45,44.72,36.75,48.8,
iter=63: 49.58,64.75,63.25,
after-iter:60.16,60.16,32.77,43.8,39.34,28.69,13.45,12.3,14.88,12.5,13.82,15.57,13.93,14.75,13.82,12.4,13.22,
before-iter:29.51,31.09,16.26,24.79,14.75,13.93,13.22,17.36,13.45,15.08,12.61,13.82,14.75,13.82,13.93,13.22,19.17,
iter=64: 13.71,32.2,
after-iter:35.25,41.46,15.83,15,14.63,13.22,13.22,13.82,13.11,12.5,12.9,13.33,13.01,12.2,14.88,14.05,14.75,
before-iter:11.97,28.69,15.57,13.11,19.83,17.07,16.53,13.93,13.33,14.05,11.57,13.93,14.75,14.05,13.45,14.52,14.05,
iter=65: 24.39,23.53,
after-iter:37.1,35.54,21.49,12.4,12.3,19.51,17.5,14.52,13.93,11.02,14.75,16.67,16.81,13.93,12.2,15.45,13.93,
before-iter:13.33,16.1,26.61,20.49,12.4,16.39,14.52,13.93,17.8,17.36,13.93,13.22,13.33,13.93,13.82,14.29,16.39,10.83,
iter=66: 15.7,38.84,
after-iter:34.15,36.36,14.17,14.05,14.88,14.05,19.01,14.63,21.77,37.29,45.9,36.07,14.88,15.57,13.93,14.75,17.21,
before-iter:14.05,30.89,17.89,12.5,13.71,14.75,11.97,13.22,12.4,21.31,10.83,20.33,18.7,13.11,13.11,13.22,14.75,
iter=67: 12.2,28.93,
after-iter:45.45,33.33,20.49,13.22,20.66,26.45,17.36,15.7,21.31,18.85,17.07,15.13,23.81,20.66,24.17,14.63,12.4,
before-iter:16.13,28.1,27.05,13.11,13.93,12.4,13.93,14.75,23.77,12.5,13.01,12.9,12.71,13.01,11.76,21.31,17.36,
iter=68: 16.26,18.03,38.84,
after-iter:35,29.27,14.88,13.93,12.5,13.11,13.45,12.4,13.11,20.33,12.3,13.01,12.5,13.11,13.71,21.85,15.83,
before-iter:18.03,27.87,13.22,14.05,14.05,13.11,13.01,12.5,15.45,13.11,14.63,12.5,13.82,14.75,10.92,19.35,13.11,
iter=69: 15.57,45.83,
after-iter:35.48,57.38,21.01,21.14,13.22,13.01,14.41,14.63,18.33,13.82,10.83,13.22,15.2,17.36,13.93,10.92,12.61,
before-iter:14.75,24.39,25.62,19.83,13.93,11.76,13.6,15.45,13.22,13.22,13.22,14.05,22.76,12.4,15.7,13.22,29.51,
iter=70: 23.77,25,
after-iter:40.83,36.89,23.58,23.14,20.16,20,22.95,19.01,18.03,14.29,12.3,14.05,13.93,13.22,13.93,21.95,13.33,14.63,
before-iter:18.33,24.39,13.33,13.93,16.67,21.95,26.45,11.67,14.05,12.2,13.93,13.11,20.83,29.03,26.45,15.33,
iter=71: 13.93,21.01,44.26,
after-iter:36.36,28.69,12.3,11.67,12.61,18.55,16.81,14.05,15.32,13.22,15.45,15,13.82,15.7,12.3,15.32,12.3,
before-iter:12.61,27.73,13.01,16.26,11.67,15.45,13.93,12.5,23.77,14.05,21.14,22.31,12.4,14.63,12.3,14.05,13.93,
iter=72: 13.33,35.54,
after-iter:35.2,35.9,15.7,13.01,12.5,13.22,11.76,14.41,13.6,18.85,16.81,14.63,11.76,13.71,13.22,17.21,11.76,
before-iter:13.11,31.97,18.18,12.2,12.5,14.52,11.57,12.3,12.4,13.22,14.52,12.3,19.33,17.21,13.22,13.82,11.48,
iter=73: 12.5,22.13,
after-iter:39.34,32.2,25.2,13.22,12.3,11.76,22.13,23.14,13.01,12.4,12.3,13.11,11.48,16.95,17.74,16.1,14.05,13.93,
before-iter:13.33,27.87,12.4,16.13,33.33,36.07,34.45,42.4,31.97,36.89,33.88,35.54,33.33,38.84,36.67,42.62,40.16,
iter=74: 35.25,64.17,
after-iter:58.33,61.16,47.58,51.24,27.87,34.17,31.97,27.5,33.9,35.48,35.54,31.67,33.33,38.46,37.9,38.84,41.8,
before-iter:36.97,42.74,59.84,38.02,46.34,38.84,16.53,11.67,14.75,11.67,13.93,13.33,13.93,11.57,11.67,18.33,18.03,19.51,
iter=75: 14.17,46.22,
after-iter:43.44,36.13,15.57,12.5,13.22,13.33,12.3,13.11,13.93,11.67,13.82,12.4,13.82,13.01,13.22,12.4,13.11,
before-iter:13.11,39.34,42.5,28.93,14.88,14.17,14.63,11.48,12.5,13.11,13.01,12.2,14.29,12.61,14.05,25.6,12.4,
iter=76: 12.4,27.5,
after-iter:38.02,33.88,21.49,26.45,22.5,27.64,10.83,13.82,13.22,13.93,13.93,13.22,13.82,12.4,22.4,11.11,14.17,
before-iter:12.5,21.31,61.98,46.34,49.59,47.5,27.42,41.8,22.69,46.28,48.36,27.73,48.36,31.67,80.17,76.67,48.36,68.85,
iter=77: 21.31,44.17,54.55,
after-iter:78.33,37.9,14.17,17.36,13.01,21.49,21.31,12.3,23.14,13.11,14.75,11.48,12.4,15.32,10.83,14.63,12.3,
before-iter:14.05,27.27,13.45,13.11,13.33,13.93,10.74,13.93,18.18,30,52.46,65.29,31.67,23.58,27.27,22.4,19.33,
iter=78: 32.79,40.65,45.08,
after-iter:48.33,40.65,47.9,47.54,28.1,44.17,15.57,25.41,28.46,23.14,47.54,38.02,54.17,32.79,54.92,60.5,31.97,
before-iter:17.36,34.68,14.75,12.5,39.34,21.67,56.56,18.33,36.97,19.83,42.74,32.52,23.97,55,19.67,34.71,28.46,
iter=79: 50.41,99.17,90.91,58.33,
after-iter:81.67,75.81,55.46,17.36,40.5,94.12,79.03,33.06,29.17,19.83,32.77,27.87,40.16,58.82,53.72,42.15,14.75,15.83,
before-iter:15.45,78.69,13.01,7.56,11.29,9.24,12.4,12.2,7.63,12.1,11.48,7.63,20.49,17.6,8.33,24.17,9.76,
iter=80: 14.05,21.31,
after-iter:31.15,31.67,17.89,7.38,7.5,10.4,6.67,12.2,9.02,9.09,6.56,13.11,12.2,23.33,21.31,9.84,4.92,
before-iter:5.69,15.7,10.92,8.8,6.72,6.67,5.74,7.38,5.83,6.5,5,8.8,5.83,5.83,8.13,7.56,13.01,
iter=81: 7.44,11.57,
after-iter:32.79,29.51,23.14,4.96,5.79,6.5,5.79,5.74,5.79,5.74,15.13,6.45,7.56,6.61,4.1,7.38,5.88,9.76,
before-iter:7.5,18.7,4.96,4.2,8,5.69,5,5.69,10.83,6.56,17.07,5.83,4.2,6.5,5,7.38,5.69,
iter=82: 7.44,35,
after-iter:32.5,21.49,8.26,8.87,6.72,5.74,6.45,6.61,5.04,5.04,6.56,6.56,4.88,5.79,5.74,5.74,10.57,
before-iter:4.17,20.66,11.38,9.09,5.88,5.79,16.13,6.72,5.83,6.56,5.74,5.74,6.61,4.2,5.79,7.32,5.83,
iter=83: 3.36,29.84,
after-iter:29.51,24.17,5.79,10.57,8.4,9.84,5.79,6.56,4.2,7.44,5.74,6.5,5,6.61,6.5,5,4.13,
before-iter:8.06,19.33,5.74,5.74,7.44,5.83,10.74,11.38,5.79,4.96,8.26,4.17,5.79,6.45,5.74,5.74,4.92,
iter=84: 5,25.41,
after-iter:30.58,36.89,4.13,5,5.88,4.92,5.74,11.48,10.83,8.13,6.56,5.79,5.79,5.88,6.45,5.69,13.11,
before-iter:6.5,18.49,7.38,5.79,4.2,6.56,5.74,5.79,4.92,5.04,10.74,10.66,9.76,4.1,7.32,5.08,4.17,
iter=85: 6.5,26.02,
after-iter:60.5,50,10.83,7.5,7.26,5,9.02,4.96,6.5,5,5,13.11,12.4,8.13,14.29,8.8,4.24,
before-iter:5.74,11.67,14.52,6.61,5.69,5.83,6.61,5.69,4.2,7.26,4.92,5,9.6,2.52,14.63,7.5,9.76,
iter=86: 5.04,9.09,
after-iter:31.4,30.08,17.8,6.5,4.88,5.83,5.69,6.72,7.32,4.17,6.56,5,4.96,7.38,4.88,10.92,11.48,5.08,
before-iter:8.2,18.18,7.32,10.66,9.17,5.74,5,7.26,4.17,5,18.18,9.02,5.04,5.79,5.79,6.5,5,
iter=87: 13.22,34.71,
after-iter:28.33,24.39,4.96,5.79,6.61,4.88,12.9,4.13,6.56,7.38,4.96,5.79,6.45,4.96,5.83,5.65,6.67,
before-iter:4.96,29.75,13.01,8.26,7.44,5.04,7.38,6.56,6.56,6.61,5.79,8.87,6.61,6.78,5.79,8.94,6.61,
iter=88: 5.79,26.67,
after-iter:31.15,29.75,11.67,13.93,6.56,14.29,4.2,8.13,7.32,4.92,6.5,4.96,4.96,6.56,5.74,7.26,6.56,
before-iter:2.56,22.58,5.74,4.2,8.87,10.92,10.66,4.92,8.94,4.24,6.56,4.92,7.32,4.13,4.96,5.04,7.32,
iter=89: 4.88,20.66,
after-iter:29.51,30.33,5.74,6.61,4.92,6.61,14.75,10,4.17,5.69,7.32,6.5,4.17,4.96,7.32,3.36,6.61,
before-iter:5.79,17.5,16.39,7.26,5.74,4.92,4.96,5.04,8.06,16.39,10.66,4.17,7.26,6.56,4.2,9.17,8.2,
iter=90: 4.96,19.83,
after-iter:28.57,30.65,7.63,6.56,6.56,5.74,4.13,6.61,4.92,6.61,12.3,19.01,8.2,4.92,4.96,5.83,5.04,
before-iter:6.5,13.45,11.67,5.83,8.13,5,5.93,7.26,5.79,4.96,5.79,5.74,7.26,15,12.5,21.31,9.24,
iter=91: 8.06,12.61,
after-iter:32.26,30.58,13.45,5.79,4.96,7.26,5,5.74,5.83,4.88,6.56,3.39,9.52,4.13,16.53,5.08,12.3,
before-iter:6.56,8.47,16.39,6.61,6.5,4.96,4.2,8.94,4.96,5.79,4.96,5.74,6.56,4.17,6.5,4.96,5.74,16.26,
iter=92: 14.05,31.67,
after-iter:33.06,21.49,5.69,6.61,5.79,4.13,7.38,5.74,5.88,15,7.2,5.74,5.04,5.74,5.79,7.26,5.83,
before-iter:14.75,26.67,8.13,4.2,6.5,10.17,8.87,5.79,4.88,4.2,8.13,6.45,5.83,4.96,5.79,5,6.67,
iter=93: 6.72,29.84,
after-iter:28.33,37.82,9.09,4.96,5.74,7.38,4.24,5.69,5.79,4.96,7.32,6.61,3.36,5.83,5.74,7.32,4.96,
before-iter:5.04,19.17,7.44,7.44,6.56,9.84,16.81,8,4.2,6.56,5.74,4.17,4.92,7.38,5.74,5.69,22.31,
iter=94: 32.79,28.57,
after-iter:29.51,29.75,8.94,6.56,10.74,11.38,5,8.94,6.61,6.5,5.13,4.96,7.26,5.04,5.83,4.96,6.45,
before-iter:6.5,20.17,21.77,15.7,4.2,6.61,7.26,9.17,13.71,4.24,9.6,3.39,5.79,5.79,4.92,8.13,5.79,
iter=95: 4.96,14.63,
after-iter:28.81,36.29,14.88,4.92,5.83,8,5.83,6.45,13.33,6.61,7.44,5.83,4.96,10.74,6.67,4.92,5.74,
before-iter:6.67,9.84,15.97,7.26,5.79,4.2,6.5,5,5.74,6.45,6.61,7.63,7.44,10.74,5.74,6.56,5.79,
iter=96: 5.79,8.33,31.15,
after-iter:28.1,20.8,5.88,4.92,5.79,6.5,8.06,4.96,5.69,5.88,6.56,13.93,7.5,14.63,9.17,4.96,5.04,
before-iter:7.32,19.83,4.17,7.26,4.96,6.56,4.96,4.17,5.69,6.56,5.79,5.04,6.45,6.56,10,8.94,9.68,
iter=97: 5.88,30.83,
after-iter:30.16,22.69,5.74,5,7.5,5,5.79,7.38,4.1,5.79,6.5,4.96,6.5,6.5,5.08,11.48,9.09,
before-iter:8.87,18.85,7.32,4.2,5.79,5.74,5.04,6.5,10,5.69,13.93,4.13,6.67,6.45,5.83,5.74,4.13,
iter=98: 9.68,34.45,
after-iter:39.17,31.2,4.17,11.38,5.79,4.92,5.79,4.88,5.74,6.56,4.27,8.73,3.31,6.56,4.92,5.74,8.26,
before-iter:4.24,22.13,15.57,15,4.1,10.48,5.04,6.67,4.13,7.26,7.38,6.67,5.79,6.61,4.96,5.69,6.56,
iter=99: 4.2,22.31,
after-iter:28.93,29.41,11.9,15.13,16.13,14.17,5.79,8.13,6.5,4.2,5.74,6.56,5.83,7.32,6.56,3.36,5.79,
before-iter:76.86,38.71,42.62,34.43,17.65,9.09,9.76,5.08,9.68,4.13,8.26,7.38,5.79,8.06,14.05,
iter=0: 7.44,10.57,30.83,
after-iter:28.93,17.21,4.96,5.74,6.5,11.57,8.26,7.5,5.74,5.04,5.74,4.92,6.5,5,5.83,5.74,7.26,
before-iter:15.13,19.01,5.74,5.74,6.56,4.24,5.74,6.45,13.11,7.5,8.13,5.74,9.84,5.83,6.56,5,5.69,
iter=1: 7.32,33.33,
after-iter:28.57,23.77,6.45,5.79,5.74,5.69,4.2,8,2.52,12.2,10.83,5.74,4.24,7.26,5.04,4.92,6.56,
before-iter:4.2,21.14,6.56,6.56,5.83,5.74,4.17,4.96,6.45,7.32,3.36,6.5,12.3,11.48,12.82,6.5,6.56,
iter=2: 5.79,27.05,
after-iter:28.1,27.05,4.13,6.5,4.96,6.5,4.2,5.74,5,6.45,5.74,5.69,5,16.26,12.3,4.24,5.79,
before-iter:6.45,22.76,5.04,5.83,6.45,5.04,7.38,5,5.74,6.61,5.69,5,4.1,8.13,6.61,4.13,16.53,
iter=3: 7.63,26.61,
after-iter:29.51,29.51,4.96,5.69,5.79,5.74,9.68,6.61,4.2,14.05,5.79,7.44,5.69,4.96,5.69,6.5,4.96,
before-iter:15.13,26.67,12.9,8.26,4.88,4.96,6.56,6.5,4.96,5.04,8.06,5.79,4.92,8.13,4.17,7.38,6.56,
iter=4: 6.72,21.14,
after-iter:30.58,33.06,7.38,6.5,4.96,4.96,5.74,5.04,5.79,7.32,8.2,5.83,5.65,4.17,5.83,6.45,5.88,
before-iter:6.5,17.5,8.94,8.26,11.76,6.56,15.45,5.79,4.92,7.26,5.83,4.96,4.17,8.06,4.17,4.88,5,
iter=5: 6.5,17.36,
after-iter:30,28.1,12.2,7.38,8.47,15.32,4.92,5.79,5,6.5,5.79,5.79,5.04,6.4,7.5,6.5,5.79,
before-iter:4.96,11.57,13.22,5.74,6.61,5.69,5,11.48,9.02,6.61,5.79,5.74,5,6.56,5.74,5.08,4.1,
iter=6: 5,12.8,
after-iter:34.45,32.79,17.36,5.74,4.96,5.79,4.92,7.38,10.74,10.48,11.76,5.74,4.96,5.79,4.92,7.32,3.31,5.88,
before-iter:10.4,17.5,5.74,7.32,4.17,5.74,7.44,5.74,4.13,5.74,11.29,7.32,9.76,4.84,6.61,4.96,
iter=7: 5.69,9.17,29.6,
after-iter:28.1,26.4,23.97,27.5,26.02,25,27.42,12.61,7.32,5.79,4.88,13.22,6.5,22.76,5,4.88,
before-iter:6.45,11.29,13.56,5.65,4.88,6.61,4.8,5.69,5.74,4.2,5.79,5.6,5.69,4.96,5.79,13.6,11.38,
iter=8: 6.56,20.33,
after-iter:43.8,30.89,15.83,4.92,6.35,5.65,5.74,4.88,5.69,7.32,8.06,5.88,5.69,4.84,4.96,5.74,12.2,
before-iter:7.44,15.57,10.17,7.81,5.04,4.92,8.73,5.83,4.84,4.03,5.74,16.94,5.69,4.88,6.56,4.88,18.03,
iter=9: 25.81,32.8,
after-iter:60.16,45.08,40.48,26.45,27.05,29.51,27.5,29.84,30,29.75,26.05,29.84,31.2,31.45,30.33,32.52,21.49,
before-iter:5.6,10,14.05,9.76,9.68,8.2,5.79,7.26,5.04,8.87,4.07,7.2,4.84,4.96,5.6,4.92,7.32,
iter=10: 4.92,12.61,
after-iter:29.84,29.84,12.61,9.76,9.76,10.57,19.51,6.35,5.74,5.69,6.5,4.17,6.4,4.96,5.69,5.74,6.4,
before-iter:5.04,16.81,9.68,6.5,4.2,7.44,6.5,6.67,7.56,7.2,6.45,8.4,6.45,5.6,5.79,3.33,5.74,
iter=11: 5.65,17.21,
after-iter:31.4,30.58,13.93,4.8,5.74,8.13,6.45,5.79,9.92,14.29,3.23,8.87,6.61,6.5,5.04,6.4,6.4,
before-iter:9.09,17.07,16.39,9.76,5.79,7.26,6.45,4.92,5.74,8.13,8.06,9.02,10.32,6.78,5.69,6.45,4.13,
iter=12: 5.04,20,
after-iter:28.1,31.67,8.2,5.69,4.88,7.32,4.24,5.65,4.88,6.45,4.1,4.96,6.61,7.2,7.38,7.44,5.69,
before-iter:5,20.49,6.45,4.92,4.13,6.45,8.13,4.1,4.96,5.69,5.69,4.13,4.92,6.3,4.88,6.5,25.4,
iter=13: 4.96,34.4,
after-iter:30.89,30.33,5.74,4.13,4,6.5,5.6,4.88,5.74,4.96,6.5,5.74,4.13,5.56,7.14,4.96,11.9,
before-iter:8.13,23.39,3.31,9.09,32.54,16.26,4.07,5.74,5.69,6.5,30.16,17.65,14.05,52.42,53.72,24.37,21.49,
iter=14: 52.89,76.67,85.25,81.97,
after-iter:86.07,94.92,90.91,71.77,50,40,26.45,37.7,28.1,17.5,16.39,13.01,11.67,8.33,38.28,57.14,52.46,63.33,
before-iter:41.94,57.26,54.1,53.28,84.87,64.17,71.2,90.6,76.03,62.3,70.49,94.12,77.6,78.99,94.26,66.12,94.07,
iter=15: 56.45,77.05,100,92.56,
after-iter:87.6,77.05,70.34,72.13,28.93,15,33.6,61.86,69.11,81.51,56.2,54.17,25,10.74,33.33,14.88,23.33,
before-iter:44,59.66,38.84,31.97,41.67,22.31,35,64.46,55.37,52.85,41.18,34.17,40,10.74,15.83,40.98,17.36,32.26,
iter=16: 40.5,72.73,63.71,
after-iter:69.17,86.07,47.9,46.77,26.67,12.5,20,48.78,28.33,35.25,47.11,83.47,37.1,52.94,50.41,55.83,74.8,
before-iter:56.2,69.23,60.48,22.69,22.13,23.77,24.79,23.33,9.84,16.67,29.51,28.33,25.83,21.95,27.73,44.26,77.69,68.33,
iter=17: 66.67,92.5,86.78,
after-iter:69.17,46.67,78.23,88.71,90.16,66.94,58.33,66.39,68.33,78.69,95.9,71.19,64.23,47.58,39.5,45.9,45.9,
before-iter:45.16,42.02,52.94,33.88,32.23,38.02,47.06,64.23,64.46,61.16,46.67,61.16,44.72,51.26,54.1,53.33,52.03,48.36,
iter=18: 40.5,58.47,72.95,
after-iter:62.71,59.35,39.17,38.02,40.16,66.12,47.06,45,44.72,45.45,51.64,38.52,42.37,40.98,40.98,40.98,52.1,
before-iter:40.83,59.5,49.19,42.5,41.67,56.1,40.83,33.06,46.28,42.62,36.97,23.97,21.31,18.03,21.31,19.17,20.83,
iter=19: 20.33,28.69,44.17,
after-iter:46.22,49.19,20.17,20,20.33,18.85,21.95,17.95,27.27,27.87,20.83,20.33,19.49,20.49,37.19,23.77,19.17,
before-iter:22.95,52.85,21.95,28.33,20,19.51,25.41,21.6,19.49,18.33,21.77,25.21,23.97,28.57,27.87,21.14,20.66,
iter=20: 19.01,37.7,
after-iter:43.8,43.9,24.79,19.01,29.27,24.37,19.67,20.49,19.17,19.33,19.83,20.16,26.27,22.95,19.67,24.79,20.83,
before-iter:23.77,39.34,28.1,20.8,17.8,20.33,20,19.67,18.7,21.01,20.66,18.03,24.37,21.01,33.06,43.7,24.59,
iter=21: 22.76,23.97,41.8,
after-iter:42.5,36.36,20,17.5,21.14,18.49,20.49,30,21.49,18.85,20.16,19.01,20,19.01,20,26.83,22.5,
before-iter:22.95,55.37,27.27,34.96,27.27,21.31,21.14,18.85,19.01,19.01,18.85,20,19.33,20.33,20.16,17.5,25,
iter=22: 31.09,57.02,46.28,
after-iter:43.44,35.25,17.36,20.34,20.8,19.67,19.01,18.64,27.64,23.73,31.45,25,26.83,18.85,18.7,19.17,19.35,
before-iter:17.8,45.9,20.83,21.77,19.83,18.49,19.51,20.49,20.33,25.2,27.73,27.12,19.51,20.66,19.01,18.85,19.51,
iter=23: 18.18,39.84,
after-iter:48.76,55.46,35.29,27.42,26.02,22.03,19.2,18.49,19.01,20.66,43.7,42.62,20.8,29.75,19.67,19.83,23.14,
before-iter:20,22.31,31.97,20.66,18.03,33.61,25.21,17.36,20.97,25.41,33.06,29.51,19.83,22.31,18.18,21.31,20.33,21.01,
iter=24: 21.49,46.34,
after-iter:48.33,38.71,20,21.95,23.77,36.97,24.39,24.59,17.65,23.77,21.95,21.49,20,23.39,19.67,23.33,33.61,
before-iter:24.79,35,21.95,20.34,18.18,23.39,18.85,27.73,26.23,23.97,18.49,23.58,30.58,27.05,21.01,21.95,21.49,
iter=25: 17.8,43.9,
after-iter:40.98,45,34.71,20.33,22.76,20.83,29.27,26.27,22.4,25,23.53,20.33,18.49,21.95,20,20.83,20.49,20.83,
before-iter:22.31,32.5,21.31,26.45,23.33,20.33,19.67,19.49,19.51,22.4,20.17,26.67,27.5,19.67,24.59,28.69,23.97,
iter=26: 20.17,41.8,
after-iter:41.8,41.8,19.17,20,19.67,18.85,20.66,20.8,21.67,31.4,21.85,20.97,33.88,25.41,20,19.01,22.13,
before-iter:20.17,36.36,20.97,20.66,21.95,32.23,26.27,21.77,20,21.31,19.83,19.83,20.33,19.01,21.67,25.21,25.2,
iter=27: 21.95,33.06,
after-iter:42.28,46.67,43.8,25.81,18.18,19.33,21.31,20.66,20.66,17.5,21.95,20,25.2,25.83,19.01,20.49,25.41,22.5,
before-iter:22.4,33.88,19.17,21.67,22.13,20.49,21.31,27.27,41.67,21.67,24.59,21.19,18.03,20.8,18.33,19.67,19.01,
iter=28: 21.85,51.2,
after-iter:45.45,47.46,31.97,31.67,22.13,21.49,19.67,20.66,18.18,19.17,23.39,18.49,20.16,18.49,19.51,26.89,25.62,
before-iter:17.89,30.89,29.17,26.45,20.49,19.51,17.21,20.51,20.16,27.73,18.55,39.34,38.84,73.77,49.59,38.02,19.83,
iter=29: 37.7,44.07,43.2,
after-iter:39.32,47.2,65.55,60.98,58.47,45.9,47.5,55.28,48.76,46.72,40,50,54.92,51.67,47.2,59.66,40.83,
before-iter:38.52,88.52,52.89,45.83,52.85,54.17,49.59,55.28,48.36,37.82,62.81,41.46,43.7,36.36,27.27,22.4,30.25,
iter=30: 19.83,27.87,43.9,
after-iter:38.66,34.71,22.95,19.17,27.87,44.54,30.33,40.98,23.97,19.01,20.66,20.33,17.8,20.33,20,30.89,25.62,
before-iter:20.66,34.96,20.16,29.51,19.33,18.85,18.85,20.33,17.5,25.2,23.53,20.66,22.13,21.01,20.49,25.62,32.23,
iter=31: 31.97,61.67,
after-iter:42.28,48.78,33.61,22.76,19.67,18.33,21.95,20.66,19.83,18.7,27.27,22.5,22.76,29.27,20,18.33,19.17,
before-iter:19.51,29.27,25.21,18.7,22.13,17.21,22.5,31.67,19.51,19.01,19.83,18.85,25.62,26.02,23.33,20.83,19.67,
iter=32: 18.03,25.41,44.26,
after-iter:47.46,45.08,20.66,19.17,18.7,18.85,20.16,17.65,19.17,19.67,20.97,18.33,18.85,33.06,33.61,22.5,23.58,
before-iter:19.83,37.7,19.17,22.95,20.49,20.17,20.33,20.83,20.33,20.83,21.77,27.05,28.33,21.49,20.17,22.13,27.05,
iter=33: 26.45,36.8,
after-iter:43.22,39.67,30.08,23.33,30.08,32.23,24.39,19.83,17.8,20.8,18.49,19.67,18.33,21.14,19.67,17.65,22.5,38.21,
before-iter:27.5,32.79,19.83,18.85,19.17,17.89,20.83,20.33,18.03,21.14,18.49,20.16,32.23,34.17,20,18.85,19.51,
iter=34: 19.17,43.09,
after-iter:47.11,49.18,20.49,18.18,21.95,16.67,19.67,18.7,27.87,25.21,19.67,19.01,19.51,20.16,18.33,19.67,20,
before-iter:19.17,41.67,28.1,33.88,23.97,18.18,22.58,19.01,19.01,22.95,20.49,19.83,19.67,23.53,20.49,24.39,28.33,
iter=35: 19.83,33.87,
after-iter:42.37,41.32,28.1,21.95,26.67,20.66,26.4,20.34,19.51,21.85,30.33,18.85,21.31,19.33,18.85,19.01,21.14,21.31,
before-iter:21.67,33.06,18.49,17.89,18.85,20.49,27.05,21.67,28.1,28.69,21.67,19.83,17.5,25,29.27,17.8,19.67,
iter=36: 18.18,50,
after-iter:46.72,42.02,21.95,19.83,18.7,19.83,20.17,26.02,27.05,20.83,19.51,19.67,26.83,26.05,19.01,18.85,21.14,
before-iter:19.01,30.89,23.58,18.18,20.33,19.17,19.17,17.07,26.83,31.67,25.41,29.27,18.18,21.43,19.17,17.65,18.03,
iter=37: 19.17,31.4,
after-iter:45.45,39.67,28.33,19.35,20.83,33.06,28.57,18.7,19.33,27.64,19.01,27.5,24.17,18.85,19.51,25,30.08,22.5,
before-iter:22.13,33.61,18.18,18.18,20.66,18.85,20,19.17,19.17,19.83,19.67,30.33,22.95,24.79,22.95,19.67,19.17,
iter=38: 18.49,41.94,
after-iter:41.8,43.09,17.36,20.66,19.01,24.39,31.4,22.5,18.33,19.67,18.03,19.67,19.01,19.01,26.83,23.33,19.35,
before-iter:15.83,35.48,18.33,29.84,30.58,28.93,18.85,18.18,20.49,18.85,20,21.31,19.67,17.65,23.39,33.33,17.65,
iter=39: 26.02,37.5,
after-iter:41.46,41.67,28.69,19.83,20.66,18.18,19.83,19.51,21.49,31.36,28.33,21.95,18.33,20.33,18.85,18.85,20.49,
before-iter:18.33,30.08,42.15,18.03,19.01,31.97,28.33,19.83,21.14,17.5,18.49,19.51,20.83,18.49,18.7,18.7,18.03,16.95,
iter=40: 19.51,49.58,
after-iter:49.59,57.85,27.87,17.5,19.33,18.85,21.14,21.19,21.14,22.31,19.83,25.41,29.66,22.76,19.67,19.17,19.83,
before-iter:19.51,30.33,27.64,20.17,27.64,25.83,19.83,21.31,30.83,21.14,20.49,20.33,19.33,19.83,19.51,21.67,19.17,
iter=41: 17.21,26.61,42.02,
after-iter:42.62,46.22,21.95,19.67,24.79,24.39,18.49,20,19.35,25.62,18.18,21.14,27.12,19.67,19.35,19.01,20.17,
before-iter:25.62,45.9,20.97,18.49,20.49,22.31,18.18,29.84,21.37,23.58,29.84,24.37,22.95,21.67,20.49,22.31,20.49,
iter=42: 21.31,35.83,
after-iter:44.44,40.34,27.87,18.49,27.64,26.23,20.33,20.33,29.41,20.49,22.5,21.31,19.51,19.17,21.14,19.01,19.67,
before-iter:23.97,38.21,26.5,19.35,19.83,20.49,18.85,20.66,18.33,28.69,19.01,26.02,23.33,20.97,19.01,21.01,20.49,
iter=43: 28.93,26.67,43.44,
after-iter:38.33,39.02,19.83,18.7,19.67,17.5,19.01,26.45,26.83,23.14,19.01,25.62,22.76,19.01,20,18.18,20.97,
before-iter:19.01,32.77,19.51,25.62,27.27,19.35,16.1,22.22,17.95,17.5,19.51,20.17,19.83,18.7,25.83,25.62,25.2,
iter=44: 33.61,41.8,
after-iter:42.5,41.46,27.73,28.1,19.67,20.97,23.97,28.1,21.67,21.14,19.83,18.85,22.22,33.33,21.14,22.03,26.4,
before-iter:19.17,25.2,27.64,18.49,19.83,19.35,22.13,30,30.08,19.33,18.03,19.67,18.49,18.03,20,20.49,18.18,
iter=45: 19.35,26.98,60.98,
after-iter:53.28,41.46,22.58,17.8,20.47,18.7,17.5,19.84,20.33,17.21,18.7,18.7,18.7,33.06,20.17,25.4,21.19,
before-iter:19.2,39.52,21.95,20.66,21.43,17.5,30.08,23.39,19.35,20.33,17.21,21.67,28.69,29.51,22.22,18.49,20.97,
iter=46: 21.14,35.77,
after-iter:42.06,40.98,28.93,32.52,26.83,19.35,20.16,19.84,19.67,17.65,22.76,19.83,20.8,20.33,18.85,19.83,26.61,
before-iter:28.69,34.96,21.95,21.14,19.17,27.42,25.2,30.89,21.14,21.77,17.21,19.51,36.67,25.62,20.8,19.67,21.6,
iter=47: 18.85,34.96,
after-iter:40.65,43.9,24.39,22.4,17.89,23.58,22.31,23.58,26.83,23.33,31.67,22.95,20,21.14,20.8,22.76,20,
before-iter:17.8,32.26,31.2,23.39,20.83,18.55,20.33,19.01,24.19,29.03,20.97,22.76,20.16,18.55,19.67,26.45,28.23,
iter=48: 20.83,35.48,
after-iter:39.02,41.32,26.02,18.18,19.67,21.43,19.67,27.05,17.89,31.97,31.71,24.19,18.03,19.51,18.85,20.97,17.21,
before-iter:18.4,28.57,37.3,20,29.37,16.81,21.43,29.27,24.79,20.49,19.35,17.74,27.27,22.58,20.49,19.01,19.51,
iter=49: 20,39.34,
after-iter:45.45,41.46,29.66,20.63,19.51,19.67,19.35,19.67,19.35,18.85,21.6,18.55,25.41,31.75,27.73,23.81,18.33,
before-iter:19.67,25,28.93,24.59,23.39,18.7,24.6,19.51,22.95,31.97,21.26,18.33,20,19.17,19.67,23.97,21.77,
iter=50: 24.41,26.67,42.4,
after-iter:42.74,31.4,18.85,24.19,29.51,20,19.33,18.55,18.18,20.97,19.2,18.18,19.35,20.16,24.39,31.93,
before-iter:22.95,23.14,38.71,20.63,18.18,18.55,20.16,21.31,19.05,19.17,19.35,25,26.83,20.49,20.63,17.36,19.05,
iter=51: 28.46,23.97,50,
after-iter:43.9,39.52,20.49,23.58,23.81,30.25,24,18.03,20.16,18.33,20.47,18.03,19.51,22.22,18.18,21.14,19.35,
before-iter:18.03,35.2,27.05,35.25,26.19,19.01,20.97,21.14,19.67,20.8,19.51,19.35,20,24.59,32.23,22.76,
iter=52: 20.33,23.77,43.9,
after-iter:40.83,36.89,24.8,26.61,22.95,18.55,19.67,22.4,31.4,23.14,22.58,25.81,18.55,19.17,18.85,21.77,19.17,
before-iter:22.58,31.71,18.85,22.58,32.54,19.67,24.59,24.19,35.48,23.58,19.51,18.85,19.2,22.4,18.03,19.17,19.51,
iter=53: 23.14,43.55,
after-iter:49.18,41.94,18.7,18.7,19.35,20,20.16,27.2,27.97,20.33,23.2,27.05,17.36,21.31,18.7,19.01,19.51,
before-iter:18.7,34.96,20.66,20.97,19.67,19.67,19.83,38.71,22.76,19.35,24.8,22.95,20.16,18.7,20,40.32,57.02,
iter=54: 54.55,76.67,70.73,
after-iter:60.98,81.15,73.11,51.22,28.69,77.31,72.95,45.9,34.71,53.72,39.67,29.27,26.67,20.16,20.17,31.71,30.58,23.53,
before-iter:27.87,39.02,20.49,20.49,19.33,20.66,21.31,18.7,27.27,36.59,23.97,20.66,25,20.66,22.95,20.49,20.83,
iter=55: 19.67,41.46,
after-iter:50.82,47.93,32.23,30.58,21.77,18.49,20.49,20,18.85,22.13,20.49,20.49,18.33,26.83,23.97,25.21,31.45,
before-iter:20.66,29.51,29.75,19.83,18.7,20.66,20.83,21.31,19.01,20.16,19.83,23.39,19.83,18.33,21.31,28.93,40.65,
iter=56: 30.25,24.79,43.8,
after-iter:41.94,45.76,21.95,20.33,20.49,26.67,29.51,23.33,19.01,21.14,20.17,18.85,21.14,28.93,21.14,18.8,30.33,
before-iter:26.61,47.06,28.69,21.31,20,19.67,20.33,22.31,20.49,22.31,19.33,21.01,23.58,19.67,28.69,33.06,24.39,
iter=57: 20.83,31.4,49.59,
after-iter:44.72,47.46,21.14,20.66,21.19,20.16,18.49,19.01,19.51,23.97,30.89,21.49,20.97,20.66,19.83,24.39,21.31,
before-iter:19.17,41.32,30,27.87,33.06,22.58,21.67,21.85,19.51,29.51,28.69,20,23.14,20.34,21.95,20.33,17.8,
iter=58: 29.03,43.7,
after-iter:42.62,48.74,28.46,28.93,24.79,21.67,22.31,21.49,23.33,28.69,18.85,26.89,26.61,21.67,20.66,18.85,20.49,
before-iter:19.67,29.41,29.51,20.49,21.95,19.17,28.1,22.95,29.17,23.39,22.13,29.17,20.66,20,18.03,19.67,19.17,
iter=59: 19.83,23.97,42.62,
after-iter:43.9,55,25.41,27.27,20.49,17.36,29.84,27.73,18.18,22.31,21.77,19.01,18.33,21.67,28.46,24.59,19.33,
before-iter:20.63,40,20.16,21.19,20.33,21.14,18.33,21.95,15.7,27.87,36.36,28.69,19.33,20.16,20.66,17.36,45.45,
iter=60: 44.26,34.71,
after-iter:45.45,45,34.96,20.49,18.33,26.61,28.1,23.97,21.31,21.49,19.83,23.77,18.18,19.33,23.97,19.17,20.97,33.06,
before-iter:29.17,43.44,23.53,19.17,19.01,17.89,20.66,19.67,18.49,21.14,17.36,18.33,29.51,31.15,26.67,24.39,21.31,
iter=61: 19.83,41.67,
after-iter:40.16,49.17,22.95,18.18,19.51,18.33,21.49,27.27,28.69,17.36,20.66,22.95,24.17,22.31,21.77,24.59,19.17,
before-iter:19.33,31.15,25,19.67,19.33,28,24.17,19.01,19.67,18.64,19.51,21.67,20.17,26.83,20.16,27.73,30,
iter=62: 30.58,27.64,44.26,
after-iter:40.5,44.17,19.83,19.35,19.17,21.14,20.17,21.6,18.18,25.62,29.66,20.49,22.13,18.33,18.55,23.97,27.5,
before-iter:19.83,40.83,18.18,19.01,19.83,21.67,29.27,21.19,20.66,19.67,19.83,17.21,24.39,23.14,19.51,20.66,19.83,
iter=63: 18.18,38.33,
after-iter:47.97,51.28,42.62,30.58,20.97,18.49,21.49,28.1,21.14,21.67,20.66,20.49,21.85,29.27,30.08,20.83,19.83,20.49,
before-iter:24.39,39.67,22.95,21.31,23.33,21.95,19.83,18.33,26.23,30.33,19.67,20.49,19.83,18.55,20,21.14,19.01,
iter=64: 18.49,45.97,
after-iter:39.67,49.59,29.51,35.25,23.33,19.51,19.33,18.18,20.49,19.51,21.49,22.13,19.83,19.17,20.49,20.33,20.34,
before-iter:22.13,48.76,31.97,20.33,19.01,21.67,21.14,19.01,20.49,18.7,17.65,20.83,26.83,19.51,18.64,20.33,17.5,
iter=65: 20.16,27.5,42.28,
after-iter:41.18,42.62,21.49,18.18,18.18,30.58,30,21.14,19.67,19.51,18.33,19.67,28.33,19.17,19.51,21.31,19.17,
before-iter:19.17,49.18,33.06,20.66,19.67,19.35,17.5,21.14,25.62,21.85,23.14,27.64,23.97,19.51,19.49,28.1,24.79,
iter=66: 30.89,39.67,
after-iter:41.8,48.36,27.27,20.83,17.5,20.8,19.01,17.5,22.13,35.83,34.15,23.77,20.83,20.33,17.65,20.63,17.8,
before-iter:20.16,27.27,27.5,19.2,21.31,29.17,29.17,21.31,18.85,18.49,19.17,18.03,27.42,21.01,21.31,18.85,18.49,18.7,
iter=67: 32.79,48.74,
after-iter:50.41,52.5,20.33,18.49,19.51,19.01,19.51,18.33,19.83,28.8,25.62,24.17,33.88,28.93,31.4,20,19.33,
before-iter:19.51,34.71,23.77,18.85,19.67,19.83,23.33,25.41,28.46,24.17,18.49,19.83,18.7,20.17,23.58,23.53,30.33,
iter=68: 21.95,26.45,
after-iter:42.62,45.45,50.4,24.37,19.67,19.17,19.67,19.67,19.67,24.37,19.67,19.01,22.22,16.67,21.01,28.93,31.15,23.97,
before-iter:20.34,37.7,18.85,19.67,20.49,28.33,20,18.33,20.8,17.5,19.01,19.33,26.4,25.21,18.03,18.33,20.33,
iter=69: 17.65,49.18,
after-iter:46.28,46.72,29.75,20.83,25.81,22.5,19.01,19.51,18.03,20.66,17.65,19.67,18.7,18.64,19.67,18.7,19.51,24.17,
before-iter:25.83,43.9,27.05,18.18,19.67,18.49,19.83,20.97,17.5,20.83,19.35,19.17,24.59,30,20.49,18.18,20.49,
iter=70: 19.83,48.76,
after-iter:40.32,49.18,28.33,26.45,18.03,19.83,18.33,19.67,19.83,28.46,20.66,17.65,18.33,20.8,18.33,18.7,21.67,
before-iter:22.76,31.67,24.59,28.69,19.83,24.17,21.95,20,18.18,17.5,19.01,22.58,19.17,19.17,19.83,19.67,27.64,
iter=71: 29.51,28.33,43.8,
after-iter:39.02,44.17,18.85,23.77,38.21,30.58,27.05,22.31,19.01,18.49,20.16,27.05,34.45,20.16,19.83,17.8,20.8,
before-iter:19.67,38.98,21.95,20,19.67,25.2,30.58,19.17,26.23,22.76,27.27,19.33,23.39,20.66,19.33,20.33,19.67,
iter=72: 19.67,39.17,
after-iter:52.8,50,29.17,20.66,19.01,19.2,19.17,19.17,19.01,29.03,20,21.95,19.01,27.73,25,19.01,19.01,
before-iter:18.33,23.77,33.88,19.01,24.59,20.83,19.67,17.36,20.49,29.17,21.31,26.45,30.83,25.62,19.01,20.66,17.65,20.33,
iter=73: 19.17,41.94,
after-iter:40.83,48.78,24.79,32.23,19.67,19.83,18.85,20.49,18.85,22.31,17.36,20.49,26.45,21.95,20,22.95,30,
before-iter:21.49,36.36,21.49,20.16,19.01,24.17,21.77,19.33,19.51,19.67,16.53,23.14,29.51,25.62,21.77,27.5,25.2,
iter=74: 26.89,30.89,42.62,
after-iter:47.58,45.38,28.33,19.67,17.95,21.77,21.31,29.51,21.01,21.49,19.01,20.83,19.51,19.83,21.01,27.05,22.5,
before-iter:26.23,52.89,22.31,18.85,19.83,21.49,18.85,19.67,21.31,20.66,20.17,21.49,20.66,18.18,24.59,29.75,19.83,
iter=75: 19.17,43.44,
after-iter:42.5,44.72,36.13,19.67,19.01,21.31,20.83,25.62,28,30,20.49,19.17,19.83,19.67,21.14,20.83,29.51,27.73,
before-iter:28.1,68.03,26.45,21.49,20.49,21.31,30.65,30.83,23.14,20.33,18.49,18.85,20.66,19.01,19.67,19.01,20.66,
iter=76: 28.69,38.84,
after-iter:41.8,47.9,33.06,23.97,21.14,20.66,19.01,20,19.01,19.01,20,35,23.33,19.01,21.49,21.77,20.16,
before-iter:19.01,31.67,27.87,21.95,21.85,22.31,22.76,26.23,29.41,19.01,18.85,21.77,26.89,19.51,18.85,19.17,17.36,
iter=77: 21.31,23.33,41.46,
after-iter:47.93,57.02,25.2,28.57,20.66,24.39,19.33,18.18,20.49,19.01,19.83,19.01,19.01,18.33,17.65,21.95,28.57,
before-iter:25.62,39.52,20.49,19.83,18.33,20.66,19.17,19.83,27.87,24.17,30.83,28.23,19.67,20.33,19.83,17.65,19.67,
iter=78: 19.67,31.15,
after-iter:42.62,43.9,35.77,18.33,26.45,26.02,26.45,18.49,20.16,28.1,20.83,19.67,18.49,26.19,18.64,17.5,19.01,19.67,
before-iter:19.17,44.26,28.69,19.51,17.8,23.39,19.83,19.67,20.17,19.67,19.01,25,27.87,30.83,24.59,17.8,20.33,
iter=79: 18.85,40.5,
after-iter:47.54,50,24.39,18.85,18.85,19.83,22.58,28.81,23.39,19.83,19.33,23.58,24.37,22.76,20,20.49,20.66,
before-iter:19.51,31.09,34.96,31.97,21.14,20,19.67,19.17,20.16,18.18,19.83,18.7,22.13,18.33,25.41,30,26.83,
iter=80: 31.09,26.23,42.5,
after-iter:40.98,47.54,20,19.01,19.01,20.83,20.33,18.18,20.16,17.95,19.67,23.97,29.51,17.5,21.31,28.8,17.65,
before-iter:21.95,38.66,23.39,19.01,17.65,25.62,30.08,20.66,19.83,19.01,16.81,20.97,19.83,19.51,20.17,26.83,20.49,
iter=81: 20.83,39.34,50.41,
after-iter:50,43.44,18.33,20.17,19.01,19.51,19.01,21.14,19.51,17.65,18.85,20.33,30,24.37,18.85,19.01,20.49,
before-iter:42.86,76.23,39.34,22.4,27.87,27.42,71.9,50.41,50.41,44,52.46,38.71,21.31,19.01,19.2,19.51,19.51,
iter=82: 23.97,40.65,
after-iter:44.72,49.59,41.94,27.05,27.05,20.49,20.49,18.55,26.83,20,19.51,23.39,24.39,18.03,17.89,29.6,24.39,
before-iter:19.51,35.25,23.14,17.36,19.35,31.45,23.97,26.61,21.14,18.55,20.97,28.46,24.59,19.83,22.4,21.77,18.7,
iter=83: 20.33,33.88,
after-iter:43.8,48,39.02,17.21,27.42,20.83,31.75,18.55,32.52,28.23,20.33,20.16,23.14,18.7,21.49,19.2,19.35,
before-iter:20.8,44.26,42.28,20.49,27.42,25.2,21.31,23.02,22.13,26.02,19.67,21.43,20.16,20.33,28.93,25.6,19.83,
iter=84: 20.66,30.08,43.44,
after-iter:46.03,38.84,22.76,31.71,30.33,20.49,20.97,19.51,23.58,35.48,24.19,19.83,19.35,19.2,22.95,19.83,20.83,
before-iter:21.14,34.92,19.83,25.21,27.42,20.33,20.33,20.33,18.7,21.31,19.35,27.05,23.39,29.51,24,18.33,
iter=85: 28.35,38.02,54.84,
after-iter:39.02,49.19,19.01,18.55,20.8,20.33,20.16,20.16,19.83,19.2,27.05,25.2,22.31,21.49,28.57,17.36,21.95,
before-iter:18.4,41.94,25.2,20,20.16,17.74,21.14,21.95,20.97,23.97,33.33,18.18,21.6,19.01,20.33,28.46,25,
iter=86: 20.33,44.26,
after-iter:47.58,61.79,21.31,20.8,21.77,18.7,20.66,20.16,20.97,20.97,18.85,22.31,27.42,28.69,27.87,19.51,27.64,
before-iter:22.58,43.09,20.97,20.97,19.35,21.95,18.03,18.85,19.01,28,31.97,53.6,46.67,42.98,23.33,20.33,21.14,
iter=87: 23.81,43.9,
after-iter:51.22,54.47,26.02,26.02,19.84,21.31,21.6,30.58,24,18.85,21.77,20.16,23.39,22.5,21.14,16.67,26.83,
before-iter:30.08,33.88,25.6,26.4,22.31,20.97,18.33,23.58,25.81,21.95,19.51,17.89,25.81,34.43,26.83,20.16,19.67,
iter=88: 18.7,33.61,
after-iter:42.62,44.54,33.87,19.2,23.33,24.39,25.98,29.51,19.67,19.67,20.33,19.67,16.53,20.16,18.55,22.95,19.2,
before-iter:19.67,28.46,28.69,18.03,19.35,22.4,31.15,33.06,22.95,20,20.66,18.55,18.7,19.84,18.03,21.77,31.15,
iter=89: 23.2,28.69,43.2,
after-iter:39.67,50.82,18.18,20.97,20.97,19.01,20,23.97,27.27,32.79,42.4,42.15,46.77,42.62,46.77,40.16,63.87,
before-iter:51.22,69.11,43.55,52.42,43.09,31.71,29.51,36.29,36.89,19.67,22.4,34.13,18.33,24.39,17.89,18.85,18.55,
iter=90: 22.95,55.46,
after-iter:48,50,28.23,27.42,19.51,20.97,17.8,22.13,18.55,18.18,24.6,22.76,20.16,21.14,36.29,23.39,20.16,
before-iter:16.53,36.8,24.19,19.67,19.35,18.55,18.7,21.6,27.97,20.66,20,18.85,17.21,20.66,28.57,22.95,21.43,
iter=91: 20.33,34.68,
after-iter:39.34,49.17,46.34,17.89,21.14,20.16,16.13,20.33,17.89,17.89,23.97,20.33,19.2,19.67,25.2,24,20.49,
before-iter:30.89,30.95,29.51,17.36,20,19.35,19.67,19.67,19.35,19.51,20.66,28.8,30.08,25.81,20.97,18.85,18.55,
iter=92: 26.23,31.45,43.55,
after-iter:41.46,41.46,19.2,21.14,30.89,20.49,18.55,20.49,20,18.18,20,20.97,18.85,19.51,19.51,20.33,30.4,
before-iter:39.34,47.15,18.85,20.97,17.74,20,18.7,18.7,26.61,20.33,18.7,20.16,19.51,17.89,20.8,19.83,
iter=93: 28.23,33.33,46.34,
after-iter:46.34,50,21.95,21.43,29.66,18.85,21.77,30.33,23.39,19.17,21.77,18.55,18.85,19.84,20.49,24.19,35.77,
before-iter:40,47.97,22.76,32.26,22.31,36.59,20.33,19.01,21.95,18.85,20.8,18.03,18.7,18.85,18.4,20.33,26.83,
iter=94: 19.51,41.46,
after-iter:39.02,50,20.33,19.33,24.79,28.8,19.51,17.21,20.16,18.7,20.8,20.97,31.4,20.66,20.16,18.18,19.51,
before-iter:19.84,47.58,23.77,18.49,20,20.33,30.95,32.26,24.59,19.51,20.16,20.97,20.49,19.2,19.83,20.8,19.67,
iter=95: 20.63,38.71,
after-iter:52.94,50,33.88,19.67,19.35,20.97,22.13,18.55,26.23,26.45,21.01,18.33,19.35,32.26,20.97,19.51,19.67,
before-iter:19.35,26.02,34.68,17.36,28.8,18.18,18.55,19.67,18.18,18.55,20.33,39.52,22.13,19.67,28.23,18.7,18.55,
iter=96: 19.67,26.98,45.45,
after-iter:41.46,44.26,30.4,23.97,20.8,20.33,18.85,20.97,20.8,18.33,20.8,25.41,26.61,23.58,18.7,30.89,20.66,
before-iter:20.47,38.46,21.26,20.97,17.21,20.33,19.83,22.83,20.97,19.67,19.01,29.84,22.4,18.85,25.62,23.97,20.16,
iter=97: 22.31,43.33,
after-iter:45.6,50.41,19.51,18.85,19.67,21.14,20,27.05,33.06,21.14,18.85,20.49,18.55,20.8,20.16,25.2,21.6,
before-iter:21.95,49.59,25.41,20.49,18.49,18.7,18.7,19.17,29.84,23.2,21.31,30.33,66.12,55.08,93.55,83.47,71.07,
iter=98: 52.85,52.46,71.31,
after-iter:61.67,54.47,20.49,24.79,21.31,26.67,19.51,22.88,25.41,32.5,27.64,24.59,23.14,23.77,35.25,24.37,28.93,
before-iter:24.39,46.67,27.64,28.93,26.45,25,43.9,29.17,43.44,29.41,31.67,27.64,25,26.5,25.41,25.62,41.13,
iter=99: 52.89,43.33,65.57,
after-iter:64.23,62.5,63.11,43.9,47.93,45.08,45.53,43.7,40.65,45.76,62.1,55.74,43.7,35.25,22.5,34.71,31.71,24.17,